𪜀	0	0	ㄉㄥˇ	[CNS]
𪜁	0	0	ㄐㄧㄝˊ	[CNS]
𪜂	0	0	ㄨㄚˇ	[CNS]
𪜃	0	0	ㄍㄚ	[CNS]
𪜄	0	0	ㄆㄛˇ	[CNS]
𪜅	0	0	ㄕㄣ	[CNS]
𪜆	0	0	ㄌㄧㄢˇ	[CNS]
𪜇	0	0	ㄧㄢˋ	[CNS]
𪜈	0	0	ㄊㄨㄛ	[CNS]
𪜈	0	0	ㄓㄜˊ	[CNS]
𪜉	0	0	ㄆㄧㄥˊ	[CNS]
𪜊	0	0	ㄓ	[CNS]
𪜋	0	0	ㄓㄨˇ	[CNS]
𪜌	0	0	ㄋㄞˇ	[CNS]
𪜍	0	0	ㄑㄧㄢ	[CNS]
𪜎	0	0	ㄑㄧㄠˋ	[CNS]
𪜏	0	0	ㄒㄧㄥˋ	[CNS]
𪜐	0	0	ㄏㄨㄚˋ	[CNS]
𪜑	0	0	ㄇㄛˋ	[CNS]
𪜒	0	0	ㄐㄧˊ	[CNS]
𪜓	0	0	ㄐㄧㄢˋ	[CNS]
𪜔	0	0	ㄑㄩ	[CNS]
𪜔	0	0	ㄑㄩˇ	[CNS]
𪜕	0	0	ㄉㄨˇ	[CNS]
𪜖	0	0	ㄒㄩㄣˋ	[CNS]
𪜗	0	0	ㄏㄨㄛˋ	[CNS]
𪜘	0	0	ㄆㄛˋ	[CNS]
𪜙	0	0	ㄇㄡˇ	[CNS]
𪜚	0	0	ㄇㄟˊ	[CNS]
𪜛	0	0	ㄅㄨˋ	[CNS]
𪜜	0	0	ㄅㄟˋ	[CNS]
𪜝	0	0	ㄑㄧˊ	[CNS]
𪜞	0	0	ㄓㄣ	[CNS]
𪜟	0	0	ㄕㄨˊ	[CNS]
𪜠	0	0	ㄎㄤˋ	[CNS]
𪜡	0	0	ㄇㄤˊ	[CNS]
𪜢	0	0	ㄐㄧㄡˋ	[CNS]
𪜣	0	0	ㄍㄨㄣˇ	[CNS]
𪜤	0	0	ㄧㄢˋ	[CNS]
𪜥	0	0	ㄌㄧㄣˇ	[CNS]
𪜦	0	0	ㄊㄧㄥˊ	[CNS]
𪜧	0	0	ㄧˊ	[CNS]
𪜨	0	0	ㄋㄧㄥˋ	[CNS]
𪜩	0	0	ㄍㄡ	[CNS]
𪜪	0	0	ㄒㄩㄥ	[CNS]
𪜫	0	0	ㄔㄡˇ	[CNS]
𪜬	0	0	ㄩˊ	[CNS]
𪜭	0	0	ㄍㄜˋ	[CNS]
𪜮	0	0	ㄇㄨˋ	[CNS]
𪜯	0	0	ㄌㄧㄥˋ	[CNS]
𪜰	0	0	ㄏㄜˊ	[CNS]
𪜱	0	0	ㄩˊ	[CNS]
𪜲	0	0	ㄔˋ	[CNS]
𪜳	0	0	ㄇㄧㄢˊ	[CNS]
𪜴	0	0	ㄏㄨㄥˊ	[CNS]
𪜵	0	0	ㄧˋ	[CNS]
𪜶	0	0	ㄧㄣ	[CNS]
𪜷	0	0	ㄉㄨㄛˇ	[CNS]
𪜸	0	0	ㄗˋ	[CNS]
𪜹	0	0	ㄩˇ	[CNS]
𪜺	0	0	ㄓㄡ	[CNS]
𪜻	0	0	ㄔˋ	[CNS]
𪜼	0	0	ㄋㄧㄡˊ	[CNS]
𪜽	0	0	ㄌㄧˇ	[CNS]
𪜾	0	0	ㄓㄨˋ	[CNS]
𪜿	0	0	ㄧㄢˇ	[CNS]
𪝀	0	0	ㄐㄧㄠˇ	[CNS]
𪝁	0	0	ㄖㄥˊ	[CNS]
𪝂	0	0	ㄧㄝˋ	[CNS]
𪝃	0	0	ㄔㄞ	[CNS]
𪝄	0	0	ㄎㄨㄚ	[CNS]
𪝅	0	0	ㄇㄟˊ	[CNS]
𪝆	0	0	ㄈㄤ	[CNS]
𪝇	0	0	ㄆㄨ	[CNS]
𪝈	0	0	ㄕㄡˋ	[CNS]
𪝉	0	0	ㄊㄧㄠˊ	[CNS]
𪝊	0	0	ㄉㄧˇ	[CNS]
𪝋	0	0	ㄒㄧㄤˋ	[CNS]
𪝌	0	0	ㄅㄟˋ	[CNS]
𪝍	0	0	ㄏㄨˊ	[CNS]
𪝎	0	0	ㄌㄧㄥˊ	[CNS]
𪝏	0	0	ㄜˇ	[CNS]
𪝐	0	0	ㄏㄡˋ	[CNS]
𪝑	0	0	ㄨㄣ	[CNS]
𪝒	0	0	ㄐㄧㄚˇ	[CNS]
𪝓	0	0	ㄧˋ	[CNS]
𪝔	0	0	ㄩㄢˋ	[CNS]
𪝖	0	0	ㄍㄨㄥˋ	[CNS]
𪝗	0	0	ㄩㄣˇ	[CNS]
𪝘	0	0	ㄧㄡˋ	[CNS]
𪝙	0	0	ㄎㄜ	[CNS]
𪝚	0	0	ㄏㄨㄤˇ	[CNS]
𪝚	0	0	ㄏㄨㄤˋ	[CNS]
𪝛	0	0	ㄧㄣ	[CNS]
𪝜	0	0	ㄕ	[CNS]
𪝝	0	0	ㄓㄣˋ	[CNS]
𪝞	0	0	ㄧˋ	[CNS]
𪝟	0	0	ㄖㄨㄛˋ	[CNS]
𪝠	0	0	ㄗㄞˇ	[CNS]
𪝠	0	0	ㄗㄞˋ	[CNS]
𪝡	0	0	ㄇㄛˋ	[CNS]
𪝡	0	0	ㄇㄨˋ	[CNS]
𪝢	0	0	ㄒㄩㄢ	[CNS]
𪝣	0	0	ㄐㄧˋ	[CNS]
𪝤	0	0	ㄧㄣˊ	[CNS]
𪝥	0	0	ㄖㄨˊ	[CNS]
𪝦	0	0	ㄊㄨㄛ	[CNS]
𪝦	0	0	ㄓㄜˊ	[CNS]
𪝧	0	0	ㄕㄢˇ	[CNS]
𪝨	0	0	ㄐㄧㄝˊ	[CNS]
𪝩	0	0	ㄧㄢ	[CNS]
𪝪	0	0	ㄐㄧㄚˇ	[CNS]
𪝪	0	0	ㄐㄧㄚˋ	[CNS]
𪝫	0	0	ㄧㄢˇ	[CNS]
𪝬	0	0	ㄙㄨㄟˋ	[CNS]
𪝭	0	0	ㄩˊ	[CNS]
𪝮	0	0	ㄕㄣ	[CNS]
𪝯	0	0	ㄉㄜˊ	[CNS]
𪝯	0	0	ㄞˋ	[CNS]
𪝰	0	0	ㄇㄚˇ	[CNS]
𪝱	0	0	ㄘㄨㄟ	[CNS]
𪝲	0	0	ㄑㄧㄡ	[CNS]
𪝳	0	0	ㄏㄢˋ	[CNS]
𪝴	0	0	ㄑㄧㄢ	[CNS]
𪝵	0	0	ㄌㄧㄡˊ	[CNS]
𪝶	0	0	ㄕㄨˋ	[CNS]
𪝷	0	0	ㄋㄧˊ	[CNS]
𪝸	0	0	ㄨㄣˊ	[CNS]
𪝹	0	0	ㄇㄧㄠˋ	[CNS]
𪝺	0	0	ㄒㄧㄚˊ	[CNS]
𪝻	0	0	ㄙㄚˇ	[CNS]
𪝼	0	0	ㄧㄥ	[CNS]
𪝽	0	0	ㄉㄧㄢ	[CNS]
𪝾	0	0	ㄔㄨㄣ	[CNS]
𪝿	0	0	ㄉㄡ	[CNS]
𪞀	0	0	ㄍㄨㄤ	[CNS]
𪞁	0	0	ㄊㄨˋ	[CNS]
𪞂	0	0	ㄧㄠˋ	[CNS]
𪞃	0	0	ㄒㄧㄥ	[CNS]
𪞄	0	0	ㄒㄧㄠˋ	[CNS]
𪞅	0	0	ㄊㄞˊ	[CNS]
𪞆	0	0	ㄘㄢˋ	[CNS]
𪞇	0	0	ㄈㄣ	[CNS]
𪞈	0	0	ㄍㄨㄢˋ	[CNS]
𪞉	0	0	ㄒㄧˇ	[CNS]
𪞊	0	0	ㄕㄤ	[CNS]
𪞋	0	0	ㄍㄨㄥ	[CNS]
𪞌	0	0	ㄕㄡˋ	[CNS]
𪞍	0	0	ㄑㄧㄢˋ	[CNS]
𪞎	0	0	ㄍㄨˋ	[CNS]
𪞏	0	0	ㄨㄢˇ	[CNS]
𪞐	0	0	ㄏㄢˇ	[CNS]
𪞑	0	0	ㄔㄨㄥ	[CNS]
𪞒	0	0	ㄍㄨㄢˋ	[CNS]
𪞓	0	0	ㄇㄧˋ	[CNS]
𪞓	0	0	ㄕˋ	[CNS]
𪞔	0	0	ㄐㄩˋ	[CNS]
𪞕	0	0	ㄍㄨㄚˇ	[CNS]
𪞖	0	0	ㄈㄢˋ	[CNS]
𪞗	0	0	ㄖㄨㄟˋ	[CNS]
𪞘	0	0	ㄐㄧㄣ	[CNS]
𪞙	0	0	ㄨㄣˋ	[CNS]
𪞚	0	0	ㄗㄜˊ	[CNS]
𪞛	0	0	ㄊㄧㄢˊ	[CNS]
𪞜	0	0	ㄅㄛˊ	[CNS]
𪞝	0	0	ㄉㄨㄛˊ	[CNS]
𪞞	0	0	ㄔㄥˊ	[CNS]
𪞟	0	0	ㄊㄨㄥ	[CNS]
𪞠	0	0	ㄌㄧㄠˇ	[CNS]
𪞡	0	0	ㄊㄨˊ	[CNS]
𪞢	0	0	ㄧㄚˊ	[CNS]
𪞣	0	0	ㄏㄨˇ	[CNS]
𪞥	0	0	ㄗㄨㄥ	[CNS]
𪞦	0	0	ㄨㄟˋ	[CNS]
𪞧	0	0	ㄉㄞˇ	[CNS]
𪞨	0	0	ㄊㄧㄥˊ	[CNS]
𪞩	0	0	ㄏㄨㄟˋ	[CNS]
𪞪	0	0	ㄈㄨˇ	[CNS]
𪞫	0	0	ㄕㄨˋ	[CNS]
𪞬	0	0	ㄓㄤ	[CNS]
𪞭	0	0	ㄐㄧㄠ	[CNS]
𪞮	0	0	ㄌㄧㄥˊ	[CNS]
𪞯	0	0	ㄏㄠˊ	[CNS]
𪞰	0	0	ㄔㄨㄤˇ	[CNS]
𪞱	0	0	ㄎㄜˊ	[CNS]
𪞲	0	0	ㄓㄢ	[CNS]
𪞳	0	0	ㄔㄥˊ	[CNS]
𪞴	0	0	ㄐㄧˋ	[CNS]
𪞵	0	0	ㄒㄩㄝˇ	[CNS]
𪞶	0	0	ㄕㄢ	[CNS]
𪞷	0	0	ㄋㄧㄢˋ	[CNS]
𪞸	0	0	ㄨˇ	[CNS]
𪞹	0	0	ㄖㄣˇ	[CNS]
𪞺	0	0	ㄖㄨˇ	[CNS]
𪞻	0	0	ㄨˊ	[CNS]
𪞼	0	0	ㄒㄧㄢˋ	[CNS]
𪞽	0	0	ㄋㄨㄥˊ	[CNS]
𪞾	0	0	ㄈㄨ	[CNS]
𪞿	0	0	ㄉㄨㄣˋ	[CNS]
𪟀	0	0	ㄈㄤ	[CNS]
𪟁	0	0	ㄙㄨㄣ	[CNS]
𪟃	0	0	ㄊㄠˋ	[CNS]
𪟄	0	0	ㄋㄧˋ	[CNS]
𪟅	0	0	ㄐㄩㄝˊ	[CNS]
𪟆	0	0	ㄩˋ	[CNS]
𪟇	0	0	ㄇㄠˋ	[CNS]
𪟈	0	0	ㄓㄜˇ	[CNS]
𪟉	0	0	ㄎㄨㄚ	[CNS]
𪟊	0	0	ㄍㄨㄚˇ	[CNS]
𪟋	0	0	ㄖㄣˋ	[CNS]
𪟌	0	0	ㄓㄨˋ	[CNS]
𪟍	0	0	ㄊㄨㄥˇ	[CNS]
𪟎	0	0	ㄐㄧㄢ	[CNS]
𪟏	0	0	ㄕㄥˋ	[CNS]
𪟐	0	0	ㄓㄥ	[CNS]
𪟑	0	0	ㄈㄣ	[CNS]
𪟑	0	0	ㄈㄣˋ	[CNS]
𪟒	0	0	ㄗㄨˊ	[CNS]
𪟓	0	0	ㄍㄨㄣˇ	[CNS]
𪟔	0	0	ㄅㄛ	[CNS]
𪟕	0	0	ㄐㄧˋ	[CNS]
𪟖	0	0	ㄐㄧㄣˋ	[CNS]
𪟗	0	0	ㄋㄨˇ	[CNS]
𪟘	0	0	ㄑㄧㄡ	[CNS]
𪟙	0	0	ㄍㄣˇ	[CNS]
𪟚	0	0	ㄌㄧㄝˋ	[CNS]
𪟛	0	0	ㄕˋ	[CNS]
𪟜	0	0	ㄕㄚ	[CNS]
𪟞	0	0	ㄘㄞˊ	[CNS]
𪟟	0	0	ㄇㄧㄢˇ	[CNS]
𪟠	0	0	ㄌㄧˋ	[CNS]
𪟡	0	0	ㄎㄜˇ	[CNS]
𪟢	0	0	ㄧˋ	[CNS]
𪟣	0	0	ㄓㄨㄛˊ	[CNS]
𪟤	0	0	ㄋㄨㄥˋ	[CNS]
𪟥	0	0	ㄏㄨㄚˊ	[CNS]
𪟥	0	0	ㄏㄨㄚˋ	[CNS]
𪟥	0	0	ㄏㄨㄛˋ	[CNS]
𪟦	0	0	ㄑㄧˊ	[CNS]
𪟧	0	0	ㄋㄠˋ	[CNS]
𪟨	0	0	ㄅㄧˇ	[CNS]
𪟩	0	0	ㄒㄧㄢˊ	[CNS]
𪟪	0	0	ㄅㄟ	[CNS]
𪟪	0	0	ㄅㄟˋ	[CNS]
𪟫	0	0	ㄒㄧㄝˊ	[CNS]
𪟬	0	0	ㄇㄠˋ	[CNS]
𪟭	0	0	ㄔㄣˊ	[CNS]
𪟮	0	0	ㄧㄤˊ	[CNS]
𪟯	0	0	ㄌㄧˇ	[CNS]
𪟰	0	0	ㄍㄜˊ	[CNS]
𪟰	0	0	ㄏㄜˊ	[CNS]
𪟱	0	0	ㄒㄧ	[CNS]
𪟲	0	0	ㄍㄢˇ	[CNS]
𪟳	0	0	ㄨˇ	[CNS]
𪟴	0	0	ㄍㄢ	[CNS]
𪟵	0	0	ㄔㄠˊ	[CNS]
𪟶	0	0	ㄧㄣˇ	[CNS]
𪟷	0	0	ㄍㄢˋ	[CNS]
𪟸	0	0	ㄆㄤˊ	[CNS]
𪟹	0	0	ㄌㄧㄥˊ	[CNS]
𪟹	0	0	ㄌㄧㄥˋ	[CNS]
𪟺	0	0	ㄕㄨ	[CNS]
𪟻	0	0	ㄓㄨㄣˇ	[CNS]
𪟼	0	0	ㄗㄨˊ	[CNS]
𪟽	0	0	ㄧˊ	[CNS]
𪟾	0	0	ㄈㄨˋ	[CNS]
𪟿	0	0	ㄑㄧㄢˊ	[CNS]
𪠀	0	0	ㄎㄨ	[CNS]
𪠁	0	0	ㄍㄜˊ	[CNS]
𪠁	0	0	ㄏㄜˊ	[CNS]
𪠂	0	0	ㄐㄧˊ	[CNS]
𪠃	0	0	ㄇㄚˋ	[CNS]
𪠄	0	0	ㄧㄢ	[CNS]
𪠅	0	0	ㄐㄧˊ	[CNS]
𪠆	0	0	ㄅㄧㄥˋ	[CNS]
𪠇	0	0	ㄔˋ	[CNS]
𪠈	0	0	ㄇㄧㄣˇ	[CNS]
𪠉	0	0	ㄌㄧˋ	[CNS]
𪠊	0	0	ㄗㄜˋ	[CNS]
𪠋	0	0	ㄓˊ	[CNS]
𪠌	0	0	ㄑㄧㄥˇ	[CNS]
𪠍	0	0	ㄔㄤˊ	[CNS]
𪠎	0	0	ㄘㄨㄥ	[CNS]
𪠏	0	0	ㄧㄢˇ	[CNS]
𪠐	0	0	ㄧㄢˋ	[CNS]
𪠑	0	0	ㄅㄛˊ	[CNS]
𪠒	0	0	ㄕㄨㄛˋ	[CNS]
𪠓	0	0	ㄍㄨㄤˇ	[CNS]
𪠔	0	0	ㄐㄧㄡˋ	[CNS]
𪠕	0	0	ㄧㄢˋ	[CNS]
𪠖	0	0	ㄆㄨ	[CNS]
𪠗	0	0	ㄊㄞˊ	[CNS]
𪠘	0	0	ㄒㄧㄝˋ	[CNS]
𪠙	0	0	ㄆㄤˊ	[CNS]
𪠚	0	0	ㄌㄧˋ	[CNS]
𪠛	0	0	ㄧㄢˊ	[CNS]
𪠜	0	0	ㄆㄟˋ	[CNS]
𪠝	0	0	ㄋㄧˊ	[CNS]
𪠞	0	0	ㄉㄨㄛ	[CNS]
𪠟	0	0	ㄓㄣˇ	[CNS]
𪠠	0	0	ㄞ	[CNS]
𪠡	0	0	ㄌㄧㄤˇ	[CNS]
𪠢	0	0	ㄍㄨㄤˇ	[CNS]
𪠣	0	0	ㄧㄡˇ	[CNS]
𪠤	0	0	ㄉㄠ	[CNS]
𪠥	0	0	ㄧㄡˇ	[CNS]
𪠦	0	0	ㄅㄢˇ	[CNS]
𪠧	0	0	ㄑㄧㄢ	[CNS]
𪠨	0	0	ㄙㄡˇ	[CNS]
𪠩	0	0	ㄒㄩˋ	[CNS]
𪠪	0	0	ㄒㄧㄚˊ	[CNS]
𪠫	0	0	ㄆㄢˋ	[CNS]
𪠬	0	0	ㄍㄢˇ	[CNS]
𪠭	0	0	ㄗㄨˇ	[CNS]
𪠯	0	0	ㄡ	[CNS]
𪠰	0	0	ㄓㄨㄟˋ	[CNS]
𪠱	0	0	ㄐㄧㄝˊ	[CNS]
𪠲	0	0	ㄇㄛˋ	[CNS]
𪠳	0	0	ㄔㄜ	[CNS]
𪠴	0	0	ㄨㄣˇ	[CNS]
𪠵	0	0	ㄌㄨㄣˊ	[CNS]
𪠶	0	0	ㄗㄨㄛˋ	[CNS]
𪠷	0	0	ㄕˇ	[CNS]
𪠸	0	0	ㄌㄚ	[CNS]
𪠹	0	0	ㄎㄡˇ	[CNS]
𪠺	0	0	ㄓˊ	[CNS]
𪠻	0	0	ㄌㄧㄡˊ	[CNS]
𪠼	0	0	ㄖㄡˋ	[CNS]
𪠽	0	0	ㄉㄤ	[UNI]
𪠾	0	0	ㄓㄡ	[CNS]
𪠿	0	0	ㄗㄨˊ	[CNS]
𪡀	0	0	ㄑㄧㄠˊ	[CNS]
𪡁	0	0	ㄔㄨㄥˋ	[CNS]
𪡂	0	0	ㄇㄡˊ	[CNS]
𪡃	0	0	ㄇㄞˇ	[CNS]
𪡄	0	0	ㄒㄧㄚˊ	[CNS]
𪡅	0	0	ㄜˋ	[CNS]
𪡆	0	0	ㄧㄣˊ	[CNS]
𪡇	0	0	ㄋㄧˇ	[CNS]
𪡈	0	0	ㄅㄛ	[CNS]
𪡉	0	0	ㄌㄩˇ	[CNS]
𪡊	0	0	ㄓˋ	[CNS]
𪡋	0	0	ㄧㄢˇ	[CNS]
𪡌	0	0	ㄗ	[CNS]
𪡍	0	0	ㄌㄧㄣˋ	[CNS]
𪡎	0	0	ㄌㄧㄥˋ	[CNS]
𪡏	0	0	ㄌㄧㄢˊ	[CNS]
𪡐	0	0	ㄏㄨㄟˊ	[CNS]
𪡐	0	0	ㄧㄡˋ	[CNS]
𪡑	0	0	ㄖㄨˇ	[CNS]
𪡒	0	0	ㄏㄥˋ	[CNS]
𪡓	0	0	ㄍㄨㄣˇ	[CNS]
𪡓	0	0	ㄎㄨㄣ	[CNS]
𪡔	0	0	ㄆㄧˊ	[CNS]
𪡕	0	0	ㄨㄣˇ	[CNS]
𪡖	0	0	ㄧㄣ	[CNS]
𪡗	0	0	ㄒㄧㄣ	[CNS]
𪡘	0	0	ㄒㄧㄢ	[CNS]
𪡙	0	0	ㄌㄤ	[CNS]
𪡚	0	0	ㄕㄥ	[CNS]
𪡛	0	0	ㄒㄧㄚˋ	[CNS]
𪡜	0	0	ㄇㄡˇ	[CNS]
𪡝	0	0	ㄒㄧㄤˋ	[CNS]
𪡞	0	0	ㄎㄨㄟˋ	[CNS]
𪡟	0	0	ㄙㄨㄛ	[CNS]
𪡠	0	0	ㄑㄩㄢˊ	[CNS]
𪡡	0	0	ㄏㄨㄥ	[CNS]
𪡢	0	0	ㄔㄨㄢ	[CNS]
𪡣	0	0	ㄇㄡˇ	[CNS]
𪡤	0	0	ㄔㄨㄣˊ	[CNS]
𪡥	0	0	ㄏㄨㄥˊ	[CNS]
𪡦	0	0	ㄌㄧㄠˊ	[CNS]
𪡧	0	0	ㄑㄧㄡˊ	[CNS]
𪡨	0	0	ㄕˇ	[CNS]
𪡩	0	0	ㄊㄢˋ	[CNS]
𪡪	0	0	ㄓㄣ	[CNS]
𪡪	0	0	ㄔㄨㄣˊ	[CNS]
𪡫	0	0	ㄩㄢˊ	[CNS]
𪡬	0	0	ㄏㄠˋ	[CNS]
𪡭	0	0	ㄆㄟˋ	[CNS]
𪡮	0	0	ㄘㄞˊ	[CNS]
𪡯	0	0	ㄏㄨㄣ	[CNS]
𪡰	0	0	ㄐㄧˊ	[CNS]
𪡱	0	0	ㄏㄠˋ	[CNS]
𪡲	0	0	ㄉㄨㄥ	[CNS]
𪡳	0	0	ㄕㄠˊ	[CNS]
𪡴	0	0	ㄐㄧˋ	[CNS]
𪡵	0	0	ㄐㄩㄢ	[CNS]
𪡶	0	0	ㄩㄢ	[CNS]
𪡷	0	0	ㄩˊ	[CNS]
𪡸	0	0	ㄐㄧㄝ	[CNS]
𪡹	0	0	ㄑㄧㄥˋ	[CNS]
𪡺	0	0	ㄌㄞˋ	[CNS]
𪡻	0	0	ㄌㄩˇ	[CNS]
𪡼	0	0	ㄒㄧㄠ	[CNS]
𪡽	0	0	ㄐㄩˇ	[CNS]
𪡾	0	0	ㄕㄥ	[CNS]
𪡿	0	0	ㄐㄧㄥˋ	[CNS]
𪢀	0	0	ㄘㄨㄥ	[CNS]
𪢁	0	0	ㄅㄛˋ	[CNS]
𪢂	0	0	ㄓㄜ	[CNS]
𪢂	0	0	ㄓㄠ	[CNS]
𪢂	0	0	ㄓㄠˊ	[CNS]
𪢂	0	0	ㄓㄨˋ	[CNS]
𪢂	0	0	ㄓㄨㄛˊ	[CNS]
𪢃	0	0	ㄇㄞˋ	[CNS]
𪢄	0	0	ㄩˋ	[CNS]
𪢅	0	0	ㄨㄛˋ	[CNS]
𪢆	0	0	ㄖㄨㄟˋ	[CNS]
𪢇	0	0	ㄅㄧㄣ	[CNS]
𪢈	0	0	ㄌㄩˇ	[CNS]
𪢉	0	0	ㄊㄨㄥˇ	[CNS]
𪢊	0	0	ㄓㄨㄥˋ	[CNS]
𪢋	0	0	ㄐㄧㄚˋ	[CNS]
𪢌	0	0	ㄌㄢˊ	[CNS]
𪢍	0	0	ㄐㄧㄝˊ	[CNS]
𪢎	0	0	ㄕㄥˋ	[CNS]
𪢏	0	0	ㄔˊ	[CNS]
𪢐	0	0	ㄌㄞˋ	[CNS]
𪢑	0	0	ㄏㄢˊ	[CNS]
𪢒	0	0	ㄕㄨˋ	[CNS]
𪢓	0	0	ㄩㄥˇ	[CNS]
𪢔	0	0	ㄓˋ	[CNS]
𪢕	0	0	ㄔㄨㄛˋ	[CNS]
𪢖	0	0	ㄨㄣˇ	[CNS]
𪢗	0	0	ㄇㄧˋ	[CNS]
𪢘	0	0	ㄌㄚˋ	[CNS]
𪢙	0	0	ㄗㄚˊ	[CNS]
𪢙	0	0	ㄗㄢˋ	[CNS]
𪢚	0	0	ㄗㄨㄛˇ	[CNS]
𪢚	0	0	ㄗㄨㄛˊ	[CNS]
𪢚	0	0	ㄗㄨㄟˋ	[CNS]
𪢚	0	0	ㄘㄨㄛ	[CNS]
𪢛	0	0	ㄓㄥ	[CNS]
𪢜	0	0	ㄆㄨ	[CNS]
𪢝	0	0	ㄉㄜˊ	[CNS]
𪢞	0	0	ㄒㄧㄤˋ	[CNS]
𪢟	0	0	ㄉㄨㄣˋ	[CNS]
𪢟	0	0	ㄔㄨㄣˊ	[CNS]
𪢠	0	0	ㄌㄢˊ	[CNS]
𪢡	0	0	ㄍㄠˋ	[CNS]
𪢢	0	0	ㄧˊ	[CNS]
𪢣	0	0	ㄇㄧㄥˊ	[CNS]
𪢤	0	0	ㄑㄧㄠˊ	[CNS]
𪢥	0	0	ㄅㄧㄢ	[CNS]
𪢦	0	0	ㄍㄜ	[CNS]
𪢧	0	0	ㄊㄧㄥ	[CNS]
𪢨	0	0	ㄊㄨˊ	[CNS]
𪢩	0	0	ㄆㄧ	[CNS]
𪢪	0	0	ㄌㄠˊ	[CNS]
𪢫	0	0	ㄨㄟˊ	[CNS]
𪢬	0	0	ㄎㄨㄣ	[CNS]
𪢭	0	0	ㄇㄡˇ	[CNS]
𪢮	0	0	ㄌㄨㄢˊ	[CNS]
𪢯	0	0	ㄒㄧㄢˋ	[CNS]
𪢰	0	0	ㄨㄢˊ	[CNS]
𪢱	0	0	ㄅㄠˇ	[CNS]
𪢲	0	0	ㄧㄡˋ	[CNS]
𪢳	0	0	ㄑㄩˋ	[CNS]
𪢴	0	0	ㄊㄨˇ	[CNS]
𪢵	0	0	ㄈㄢˊ	[CNS]
𪢷	0	0	ㄨㄤˊ	[CNS]
𪢸	0	0	ㄇㄡˊ	[CNS]
𪢹	0	0	ㄇㄡˇ	[CNS]
𪢺	0	0	ㄐㄧˋ	[CNS]
𪢻	0	0	ㄩㄝˋ	[CNS]
𪢼	0	0	ㄏㄨㄚˋ	[CNS]
𪢽	0	0	ㄈㄥ	[CNS]
𪢾	0	0	ㄗㄠˋ	[CNS]
𪢿	0	0	ㄉㄧˋ	[CNS]
𪣀	0	0	ㄆㄧˇ	[CNS]
𪣁	0	0	ㄩㄣˇ	[CNS]
𪣂	0	0	ㄎㄨㄥˇ	[CNS]
𪣃	0	0	ㄅㄧㄥˇ	[CNS]
𪣄	0	0	ㄢˋ	[CNS]
𪣅	0	0	ㄕˋ	[CNS]
𪣆	0	0	ㄉㄨㄥ	[CNS]
𪣇	0	0	ㄈㄚˊ	[CNS]
𪣈	0	0	ㄧㄢˇ	[CNS]
𪣉	0	0	ㄩㄥˇ	[CNS]
𪣊	0	0	ㄅㄧˋ	[CNS]
𪣋	0	0	ㄘㄨㄣˊ	[CNS]
𪣌	0	0	ㄦˇ	[CNS]
𪣍	0	0	ㄔㄤˊ	[CNS]
𪣎	0	0	ㄓㄨ	[CNS]
𪣏	0	0	ㄓㄡ	[CNS]
𪣐	0	0	ㄓㄨㄤ	[CNS]
𪣑	0	0	ㄋㄨㄥˊ	[CNS]
𪣒	0	0	ㄏㄨㄣˊ	[CNS]
𪣓	0	0	ㄨㄟˇ	[CNS]
𪣔	0	0	ㄨˊ	[CNS]
𪣕	0	0	ㄎㄜˋ	[CNS]
𪣖	0	0	ㄉㄧㄢˋ	[CNS]
𪣗	0	0	ㄔㄣˊ	[CNS]
𪣘	0	0	ㄨˊ	[CNS]
𪣙	0	0	ㄊㄧˊ	[CNS]
𪣚	0	0	ㄧㄢˋ	[CNS]
𪣛	0	0	ㄌㄧˋ	[CNS]
𪣜	0	0	ㄒㄧㄡˋ	[CNS]
𪣝	0	0	ㄗㄠˋ	[CNS]
𪣞	0	0	ㄌㄧㄡˋ	[CNS]
𪣞	0	0	ㄐㄧㄡˋ	[CNS]
𪣟	0	0	ㄏㄢˇ	[CNS]
𪣠	0	0	ㄌㄧㄣˋ	[CNS]
𪣡	0	0	ㄨㄛˋ	[CNS]
𪣢	0	0	ㄨㄣˋ	[CNS]
𪣣	0	0	ㄐㄩㄣ	[CNS]
𪣤	0	0	ㄘㄨㄛˋ	[CNS]
𪣥	0	0	ㄨˇ	[CNS]
𪣦	0	0	ㄇㄧㄥˊ	[CNS]
𪣧	0	0	ㄔㄤ	[CNS]
𪣨	0	0	ㄅㄧˋ	[CNS]
𪣩	0	0	ㄎㄣˇ	[CNS]
𪣪	0	0	ㄇㄡˇ	[CNS]
𪣫	0	0	ㄎㄜ	[CNS]
𪣬	0	0	ㄍㄨㄢˇ	[CNS]
𪣭	0	0	ㄅㄛ	[CNS]
𪣮	0	0	ㄋㄧˊ	[CNS]
𪣰	0	0	ㄧㄝˇ	[CNS]
𪣱	0	0	ㄌㄜˋ	[CNS]
𪣲	0	0	ㄇㄧㄠˊ	[CNS]
𪣳	0	0	ㄖㄨㄢˇ	[CNS]
𪣴	0	0	ㄓㄥˋ	[CNS]
𪣵	0	0	ㄅㄟˋ	[CNS]
𪣶	0	0	ㄒㄩˋ	[CNS]
𪣸	0	0	ㄒㄩˋ	[CNS]
𪣹	0	0	ㄊㄧㄥˊ	[CNS]
𪣺	0	0	ㄑㄧㄚˋ	[CNS]
𪣼	0	0	ㄧˋ	[CNS]
𪣽	0	0	ㄅㄛˊ	[CNS]
𪣾	0	0	ㄋㄥˊ	[CNS]
𪣿	0	0	ㄕㄥˋ	[CNS]
𪤀	0	0	ㄨㄤˋ	[CNS]
𪤁	0	0	ㄕㄨˋ	[CNS]
𪤂	0	0	ㄨㄣ	[CNS]
𪤃	0	0	ㄧㄢˋ	[CNS]
𪤄	0	0	ㄅㄚˋ	[CNS]
𪤅	0	0	ㄉㄤˇ	[CNS]
𪤆	0	0	ㄕㄢ	[CNS]
𪤆	0	0	ㄕㄢˋ	[CNS]
𪤇	0	0	ㄘㄤ	[CNS]
𪤈	0	0	ㄅㄢ	[CNS]
𪤈	0	0	ㄆㄛ	[CNS]
𪤈	0	0	ㄆㄢˊ	[CNS]
𪤉	0	0	ㄔㄥˊ	[CNS]
𪤊	0	0	ㄌㄤˋ	[CNS]
𪤋	0	0	ㄌㄞˊ	[CNS]
𪤋	0	0	ㄌㄧˊ	[CNS]
𪤌	0	0	ㄙㄤ	[CNS]
𪤍	0	0	ㄓㄢˇ	[CNS]
𪤎	0	0	ㄌㄧㄢˊ	[CNS]
𪤏	0	0	ㄐㄧ	[CNS]
𪤐	0	0	ㄧˋ	[CNS]
𪤑	0	0	ㄍㄨㄛˊ	[CNS]
𪤒	0	0	ㄏㄜˊ	[CNS]
𪤓	0	0	ㄇㄧㄣˇ	[CNS]
𪤔	0	0	ㄩㄥ	[CNS]
𪤕	0	0	ㄔㄢˇ	[CNS]
𪤖	0	0	ㄑㄧㄤˇ	[CNS]
𪤘	0	0	ㄇㄡˇ	[CNS]
𪤙	0	0	ㄖㄨㄢˊ	[CNS]
𪤚	0	0	ㄌㄧㄣˊ	[CNS]
𪤛	0	0	ㄘㄨㄟˋ	[CNS]
𪤜	0	0	ㄈㄤˇ	[CNS]
𪤝	0	0	ㄔㄤˇ	[CNS]
𪤞	0	0	ㄔˊ	[CNS]
𪤟	0	0	ㄋㄢˊ	[CNS]
𪤠	0	0	ㄌㄟˊ	[CNS]
𪤡	0	0	ㄌㄧˇ	[CNS]
𪤢	0	0	ㄗㄠˋ	[CNS]
𪤣	0	0	ㄩˋ	[CNS]
𪤤	0	0	ㄌㄨˋ	[CNS]
𪤥	0	0	ㄧˋ	[CNS]
𪤦	0	0	ㄈㄨˇ	[CNS]
𪤧	0	0	ㄩˇ	[CNS]
𪤨	0	0	ㄅㄧˊ	[CNS]
𪤩	0	0	ㄑㄩㄥˊ	[CNS]
𪤪	0	0	ㄑㄧˊ	[CNS]
𪤫	0	0	ㄗㄨㄥ	[CNS]
𪤬	0	0	ㄌㄟˇ	[CNS]
𪤭	0	0	ㄔˇ	[CNS]
𪤮	0	0	ㄌㄧㄠˊ	[CNS]
𪤯	0	0	ㄉㄨㄣ	[CNS]
𪤯	0	0	ㄓㄨㄣˇ	[CNS]
𪤰	0	0	ㄌㄧㄣˊ	[CNS]
𪤱	0	0	ㄐㄧㄢ	[CNS]
𪤲	0	0	ㄑㄧㄥ	[CNS]
𪤳	0	0	ㄕㄡˋ	[CNS]
𪤴	0	0	ㄧˋ	[CNS]
𪤵	0	0	ㄌㄨㄛˋ	[CNS]
𪤶	0	0	ㄔㄥˇ	[CNS]
𪤷	0	0	ㄇㄠˇ	[CNS]
𪤸	0	0	ㄨㄟˊ	[CNS]
𪤹	0	0	ㄇㄧˇ	[CNS]
𪤺	0	0	ㄍㄞˋ	[CNS]
𪤻	0	0	ㄓㄡˋ	[CNS]
𪤼	0	0	ㄒㄧㄤ	[CNS]
𪤽	0	0	ㄌㄧㄥˊ	[CNS]
𪤾	0	0	ㄓㄠ	[CNS]
𪤾	0	0	ㄔㄠˊ	[CNS]
𪤿	0	0	ㄇㄞˊ	[CNS]
𪥀	0	0	ㄌㄧㄣˇ	[CNS]
𪥁	0	0	ㄏㄤˊ	[CNS]
𪥂	0	0	ㄉㄠ	[CNS]
𪥃	0	0	ㄉㄧㄥ	[CNS]
𪥄	0	0	ㄉㄧˋ	[CNS]
𪥅	0	0	ㄐㄧㄝˋ	[CNS]
𪥆	0	0	ㄌㄧㄥˊ	[CNS]
𪥇	0	0	ㄅㄧㄥˇ	[CNS]
𪥈	0	0	ㄆㄧㄥˊ	[CNS]
𪥉	0	0	ㄆㄚˋ	[CNS]
𪥊	0	0	ㄇㄞˋ	[CNS]
𪥋	0	0	ㄋㄞˋ	[CNS]
𪥌	0	0	ㄒㄧㄥ	[CNS]
𪥍	0	0	ㄧㄢˇ	[CNS]
𪥎	0	0	ㄎㄨㄤ	[CNS]
𪥏	0	0	ㄧㄢˇ	[CNS]
𪥐	0	0	ㄈㄥˋ	[CNS]
𪥑	0	0	ㄋㄞˋ	[CNS]
𪥒	0	0	ㄔㄨㄟ	[CNS]
𪥓	0	0	ㄇㄡˇ	[CNS]
𪥔	0	0	ㄎㄨㄥ	[CNS]
𪥕	0	0	ㄎㄨ	[CNS]
𪥖	0	0	ㄇㄡˇ	[CNS]
𪥗	0	0	ㄐㄧㄢ	[CNS]
𪥘	0	0	ㄐㄧ	[CNS]
𪥘	0	0	ㄑㄧˊ	[CNS]
𪥙	0	0	ㄈㄨˇ	[CNS]
𪥚	0	0	ㄎㄨㄚˋ	[CNS]
𪥛	0	0	ㄌㄨㄥˊ	[CNS]
𪥜	0	0	ㄅㄣˇ	[CNS]
𪥝	0	0	ㄒㄩㄣ	[CNS]
𪥞	0	0	ㄍㄞˋ	[CNS]
𪥟	0	0	ㄓㄨㄥˋ	[CNS]
𪥠	0	0	ㄖㄥˇ	[CNS]
𪥡	0	0	ㄉㄨㄟˋ	[CNS]
𪥢	0	0	ㄒㄧㄝˋ	[CNS]
𪥣	0	0	ㄏㄨㄤ	[CNS]
𪥤	0	0	ㄋㄩˇ	[CNS]
𪥥	0	0	ㄍㄜˋ	[CNS]
𪥦	0	0	ㄏㄨˋ	[CNS]
𪥧	0	0	ㄓˇ	[CNS]
𪥨	0	0	ㄖˋ	[CNS]
𪥩	0	0	ㄐㄧˋ	[CNS]
𪥪	0	0	ㄑㄧˊ	[CNS]
𪥫	0	0	ㄕㄨㄤ	[CNS]
𪥬	0	0	ㄩㄣˇ	[CNS]
𪥭	0	0	ㄊㄧㄥˊ	[CNS]
𪥮	0	0	ㄐㄧㄡˋ	[CNS]
𪥯	0	0	ㄋㄨˇ	[CNS]
𪥰	0	0	ㄋㄧㄥˊ	[CNS]
𪥱	0	0	ㄘˋ	[CNS]
𪥳	0	0	ㄉㄧㄠˋ	[CNS]
𪥴	0	0	ㄗˋ	[CNS]
𪥵	0	0	ㄒㄩˇ	[CNS]
𪥶	0	0	ㄅㄤ	[CNS]
𪥷	0	0	ㄅㄛˊ	[CNS]
𪥸	0	0	ㄋㄠ	[CNS]
𪥹	0	0	ㄏㄤˊ	[CNS]
𪥺	0	0	ㄒㄧㄢˋ	[CNS]
𪥻	0	0	ㄈㄚˊ	[CNS]
𪥼	0	0	ㄑㄧ	[CNS]
𪥽	0	0	ㄔㄤˊ	[CNS]
𪥾	0	0	ㄉㄧˋ	[CNS]
𪥿	0	0	ㄉㄨˊ	[CNS]
𪦀	0	0	ㄈㄤ	[CNS]
𪦁	0	0	ㄆㄧㄥ	[CNS]
𪦂	0	0	ㄠˋ	[CNS]
𪦃	0	0	ㄉㄧㄢˋ	[CNS]
𪦄	0	0	ㄗㄠˇ	[CNS]
𪦅	0	0	ㄋㄠˇ	[CNS]
𪦆	0	0	ㄊㄨㄛˋ	[CNS]
𪦇	0	0	ㄈㄥ	[CNS]
𪦈	0	0	ㄧㄢˋ	[CNS]
𪦉	0	0	ㄇㄟˇ	[CNS]
𪦊	0	0	ㄜˋ	[CNS]
𪦋	0	0	ㄉㄨㄢˋ	[CNS]
𪦌	0	0	ㄗ	[CNS]
𪦍	0	0	ㄍㄨㄤ	[CNS]
𪦎	0	0	ㄧㄢˋ	[CNS]
𪦏	0	0	ㄐㄧˋ	[CNS]
𪦐	0	0	ㄓㄠ	[CNS]
𪦑	0	0	ㄐㄧㄣˇ	[CNS]
𪦑	0	0	ㄑㄧㄢ	[CNS]
𪦒	0	0	ㄑㄧㄢˊ	[CNS]
𪦓	0	0	ㄇㄧㄢˊ	[CNS]
𪦔	0	0	ㄘㄤ	[CNS]
𪦕	0	0	ㄉㄧㄚˇ	[CNS]
𪦖	0	0	ㄑㄧㄣ	[CNS]
𪦖	0	0	ㄑㄧㄣˋ	[CNS]
𪦗	0	0	ㄐㄧㄚˊ	[CNS]
𪦘	0	0	ㄔㄨˇ	[CNS]
𪦙	0	0	ㄜˊ	[CNS]
𪦚	0	0	ㄅㄞˋ	[CNS]
𪦛	0	0	ㄙㄠˇ	[CNS]
𪦜	0	0	ㄓㄨˇ	[CNS]
𪦝	0	0	ㄕㄨˊ	[CNS]
𪦞	0	0	ㄒㄧˊ	[CNS]
𪦟	0	0	ㄩˊ	[CNS]
𪦠	0	0	ㄩˋ	[CNS]
𪦡	0	0	ㄗㄠˇ	[CNS]
𪦢	0	0	ㄧㄣˊ	[CNS]
𪦣	0	0	ㄔㄥˋ	[CNS]
𪦤	0	0	ㄙ	[CNS]
𪦥	0	0	ㄌㄨㄢˊ	[CNS]
𪦦	0	0	ㄔㄨˇ	[CNS]
𪦦	0	0	ㄔㄨˋ	[CNS]
𪦧	0	0	ㄑㄧˊ	[CNS]
𪦨	0	0	ㄕㄨˇ	[CNS]
𪦩	0	0	ㄏㄨㄟ	[CNS]
𪦪	0	0	ㄩㄝˋ	[CNS]
𪦫	0	0	ㄍㄜˊ	[CNS]
𪦬	0	0	ㄒㄧㄢˊ	[CNS]
𪦭	0	0	ㄍㄨ	[CNS]
𪦮	0	0	ㄌㄟˊ	[CNS]
𪦯	0	0	ㄧㄥˊ	[CNS]
𪦰	0	0	ㄜˋ	[CNS]
𪦱	0	0	ㄧㄥˊ	[CNS]
𪦲	0	0	ㄇㄞˇ	[CNS]
𪦳	0	0	ㄇㄧㄝ	[CNS]
𪦳	0	0	ㄧㄤˊ	[CNS]
𪦴	0	0	ㄐㄧㄢˇ	[CNS]
𪦵	0	0	ㄓㄣ	[CNS]
𪦶	0	0	ㄓ	[CNS]
𪦷	0	0	ㄓㄠˇ	[CNS]
𪦸	0	0	ㄌㄨˋ	[CNS]
𪦹	0	0	ㄨㄣˊ	[CNS]
𪦺	0	0	ㄆㄞ	[CNS]
𪦻	0	0	ㄏㄜˊ	[CNS]
𪦼	0	0	ㄋㄧㄝ	[CNS]
𪦽	0	0	ㄒㄧˋ	[CNS]
𪦾	0	0	ㄍㄨㄥˋ	[CNS]
𪦿	0	0	ㄕˊ	[CNS]
𪧀	0	0	ㄧㄥ	[CNS]
𪧁	0	0	ㄓˋ	[CNS]
𪧂	0	0	ㄌㄧㄣˊ	[CNS]
𪧃	0	0	ㄓㄨㄥˋ	[CNS]
𪧄	0	0	ㄍㄨㄟˇ	[CNS]
𪧅	0	0	ㄇㄧˋ	[CNS]
𪧆	0	0	ㄔˇ	[CNS]
𪧇	0	0	ㄔㄨㄤˊ	[CNS]
𪧈	0	0	ㄊㄧㄢˊ	[CNS]
𪧉	0	0	ㄓㄣˇ	[CNS]
𪧊	0	0	ㄎㄡˋ	[CNS]
𪧋	0	0	ㄢ	[CNS]
𪧌	0	0	ㄙㄨㄥ	[CNS]
𪧍	0	0	ㄍㄨㄢˋ	[CNS]
𪧎	0	0	ㄗㄨˊ	[CNS]
𪧏	0	0	ㄧㄣ	[CNS]
𪧐	0	0	ㄒㄧㄡˇ	[CNS]
𪧐	0	0	ㄒㄧㄡˋ	[CNS]
𪧐	0	0	ㄙㄨˋ	[CNS]
𪧑	0	0	ㄏㄢˊ	[CNS]
𪧒	0	0	ㄎㄜˋ	[CNS]
𪧓	0	0	ㄅㄛˊ	[CNS]
𪧔	0	0	ㄏㄢˊ	[CNS]
𪧕	0	0	ㄅㄠˇ	[CNS]
𪧖	0	0	ㄇㄡˇ	[CNS]
𪧗	0	0	ㄖㄨㄥˊ	[CNS]
𪧘	0	0	ㄌㄡˊ	[CNS]
𪧙	0	0	ㄇㄡˇ	[CNS]
𪧚	0	0	ㄋㄧㄥˊ	[CNS]
𪧛	0	0	ㄌㄧㄠˊ	[CNS]
𪧜	0	0	ㄠˊ	[CNS]
𪧜	0	0	ㄠˋ	[CNS]
𪧝	0	0	ㄇㄧˋ	[CNS]
𪧞	0	0	ㄇㄟˇ	[CNS]
𪧟	0	0	ㄋㄧㄥˊ	[CNS]
𪧟	0	0	ㄋㄧㄥˋ	[CNS]
𪧠	0	0	ㄋㄧㄥˊ	[CNS]
𪧠	0	0	ㄋㄧㄥˋ	[CNS]
𪧡	0	0	ㄕㄡˇ	[CNS]
𪧢	0	0	ㄓˊ	[CNS]
𪧣	0	0	ㄊㄧㄠˇ	[CNS]
𪧤	0	0	ㄑㄧㄠˋ	[CNS]
𪧥	0	0	ㄈㄨˊ	[CNS]
𪧦	0	0	ㄓㄞˋ	[CNS]
𪧧	0	0	ㄕˋ	[CNS]
𪧨	0	0	ㄗㄨㄟˋ	[CNS]
𪧩	0	0	ㄖㄨㄥˇ	[CNS]
𪧪	0	0	ㄐㄩㄣ	[CNS]
𪧫	0	0	ㄈㄣ	[CNS]
𪧬	0	0	ㄅㄠˇ	[CNS]
𪧬	0	0	ㄊㄠˊ	[CNS]
𪧭	0	0	ㄑㄧㄣ	[CNS]
𪧮	0	0	ㄨˋ	[CNS]
𪧯	0	0	ㄙㄨㄢˋ	[CNS]
𪧰	0	0	ㄈㄨˋ	[CNS]
𪧱	0	0	ㄐㄧˊ	[CNS]
𪧲	0	0	ㄌㄢˊ	[CNS]
𪧳	0	0	ㄌㄞˊ	[CNS]
𪧳	0	0	ㄌㄧˊ	[CNS]
𪧴	0	0	ㄧˋ	[CNS]
𪧵	0	0	ㄌㄧㄣˊ	[CNS]
𪧶	0	0	ㄐㄧㄢ	[CNS]
𪧷	0	0	ㄌㄜˋ	[CNS]
𪧸	0	0	ㄕˋ	[CNS]
𪧹	0	0	ㄑㄧㄚˋ	[CNS]
𪧺	0	0	ㄊㄧˊ	[CNS]
𪧻	0	0	ㄅㄢˋ	[CNS]
𪧼	0	0	ㄔㄤˊ	[CNS]
𪧽	0	0	ㄕㄨˋ	[CNS]
𪧾	0	0	ㄘㄨㄟ	[CNS]
𪧿	0	0	ㄋㄚˋ	[CNS]
𪨀	0	0	ㄔㄨ	[CNS]
𪨁	0	0	ㄧㄚ	[CNS]
𪨂	0	0	ㄅㄧㄢˋ	[CNS]
𪨃	0	0	ㄗㄨˊ	[CNS]
𪨄	0	0	ㄆㄧㄣˊ	[CNS]
𪨅	0	0	ㄓˋ	[CNS]
𪨆	0	0	ㄨㄟ	[CNS]
𪨇	0	0	ㄊㄨㄟˊ	[CNS]
𪨈	0	0	ㄙㄨㄟ	[CNS]
𪨉	0	0	ㄕㄢ	[CNS]
𪨊	0	0	ㄒㄧˇ	[CNS]
𪨋	0	0	ㄊㄧㄥˇ	[CNS]
𪨌	0	0	ㄨㄟˇ	[CNS]
𪨍	0	0	ㄧˋ	[CNS]
𪨎	0	0	ㄐㄧㄚ	[CNS]
𪨏	0	0	ㄅㄨˋ	[CNS]
𪨐	0	0	ㄊㄞˋ	[CNS]
𪨑	0	0	ㄇㄡˇ	[CNS]
𪨒	0	0	ㄊㄞˋ	[CNS]
𪨓	0	0	ㄍㄠ	[CNS]
𪨔	0	0	ㄧㄢˋ	[CNS]
𪨕	0	0	ㄑㄩ	[CNS]
𪨖	0	0	ㄨㄟˇ	[CNS]
𪨗	0	0	ㄐㄩㄝˊ	[CNS]
𪨘	0	0	ㄓㄥ	[CNS]
𪨙	0	0	ㄑㄩ	[CNS]
𪨚	0	0	ㄓㄨˇ	[CNS]
𪨛	0	0	ㄓˋ	[CNS]
𪨜	0	0	ㄕㄨˋ	[CNS]
𪨝	0	0	ㄒㄧㄤ	[CNS]
𪨞	0	0	ㄓㄚ	[CNS]
𪨟	0	0	ㄆㄨˇ	[CNS]
𪨠	0	0	ㄅㄢˋ	[CNS]
𪨡	0	0	ㄅㄠˋ	[CNS]
𪨢	0	0	ㄒㄧㄚˋ	[CNS]
𪨣	0	0	ㄑㄧˇ	[CNS]
𪨤	0	0	ㄕㄢ	[CNS]
𪨥	0	0	ㄧㄝˇ	[CNS]
𪨦	0	0	ㄑㄧˋ	[CNS]
𪨧	0	0	ㄌㄨㄣˊ	[CNS]
𪨩	0	0	ㄧㄚˋ	[CNS]
𪨪	0	0	ㄘㄜˋ	[CNS]
𪨫	0	0	ㄇㄠˇ	[CNS]
𪨬	0	0	ㄒㄩㄢˊ	[CNS]
𪨭	0	0	ㄏㄨㄥˊ	[CNS]
𪨮	0	0	ㄏㄨㄥˊ	[CNS]
𪨯	0	0	ㄔㄥˊ	[CNS]
𪨱	0	0	ㄓㄠˋ	[CNS]
𪨲	0	0	ㄈㄡˇ	[CNS]
𪨳	0	0	ㄏㄤˊ	[CNS]
𪨴	0	0	ㄓㄨ	[CNS]
𪨵	0	0	ㄑㄧˊ	[CNS]
𪨷	0	0	ㄧㄢˊ	[CNS]
𪨸	0	0	ㄔㄨㄟ	[CNS]
𪨹	0	0	ㄊㄨㄛˊ	[CNS]
𪨺	0	0	ㄌㄧㄥˇ	[CNS]
𪨻	0	0	ㄍㄞˋ	[CNS]
𪨼	0	0	ㄋㄞˋ	[CNS]
𪨽	0	0	ㄨ	[CNS]
𪨾	0	0	ㄕㄡˋ	[CNS]
𪨿	0	0	ㄧㄢ	[CNS]
𪩀	0	0	ㄏㄨ	[CNS]
𪩁	0	0	ㄗㄨˇ	[CNS]
𪩂	0	0	ㄋㄢˊ	[CNS]
𪩃	0	0	ㄕˋ	[CNS]
𪩄	0	0	ㄜ	[CNS]
𪩅	0	0	ㄏㄨㄤˊ	[CNS]
𪩆	0	0	ㄒㄧㄝˋ	[CNS]
𪩇	0	0	ㄌㄩˇ	[CNS]
𪩈	0	0	ㄙㄨㄟˋ	[CNS]
𪩉	0	0	ㄈㄨ	[CNS]
𪩊	0	0	ㄣ	[CNS]
𪩋	0	0	ㄈㄣˇ	[CNS]
𪩌	0	0	ㄑㄧㄥ	[CNS]
𪩌	0	0	ㄑㄧㄥˇ	[CNS]
𪩍	0	0	ㄓㄨㄢ	[CNS]
𪩎	0	0	ㄧㄥ	[CNS]
𪩏	0	0	ㄌㄨˋ	[CNS]
𪩐	0	0	ㄏㄜˋ	[CNS]
𪩑	0	0	ㄢ	[CNS]
𪩒	0	0	ㄧˋ	[CNS]
𪩓	0	0	ㄏㄨㄚˊ	[CNS]
𪩔	0	0	ㄓㄢˋ	[CNS]
𪩕	0	0	ㄈㄚ	[CNS]
𪩖	0	0	ㄔㄢˊ	[CNS]
𪩗	0	0	ㄐㄧㄣˋ	[CNS]
𪩙	0	0	ㄉㄨㄟˋ	[CNS]
𪩚	0	0	ㄏㄨㄟˋ	[CNS]
𪩛	0	0	ㄋㄧㄝˋ	[CNS]
𪩛	0	0	ㄧㄚˋ	[CNS]
𪩜	0	0	ㄍㄨㄟˇ	[CNS]
𪩝	0	0	ㄘㄨㄥˊ	[CNS]
𪩞	0	0	ㄑㄧㄢˊ	[CNS]
𪩟	0	0	ㄍㄜˊ	[CNS]
𪩟	0	0	ㄏㄜˊ	[CNS]
𪩠	0	0	ㄌㄧˋ	[CNS]
𪩡	0	0	ㄩㄥ	[CNS]
𪩢	0	0	ㄔㄨㄢˋ	[CNS]
𪩣	0	0	ㄏㄤ	[CNS]
𪩤	0	0	ㄌㄧㄝˋ	[CNS]
𪩥	0	0	ㄌㄧㄣˋ	[CNS]
𪩦	0	0	ㄌㄧㄣˇ	[CNS]
𪩧	0	0	ㄊㄧㄥˊ	[CNS]
𪩨	0	0	ㄇㄥˋ	[CNS]
𪩩	0	0	ㄙㄨㄟˋ	[CNS]
𪩪	0	0	ㄌㄧㄢˋ	[CNS]
𪩫	0	0	ㄐㄩㄢˋ	[CNS]
𪩬	0	0	ㄅㄚ	[CNS]
𪩭	0	0	ㄑㄧˊ	[CNS]
𪩮	0	0	ㄌㄧㄥˊ	[CNS]
𪩯	0	0	ㄔㄢˇ	[CNS]
𪩰	0	0	ㄈㄟ	[CNS]
𪩱	0	0	ㄉㄧㄥˋ	[CNS]
𪩲	0	0	ㄕˋ	[CNS]
𪩳	0	0	ㄨˊ	[CNS]
𪩴	0	0	ㄇㄣˊ	[CNS]
𪩵	0	0	ㄏㄢˋ	[CNS]
𪩶	0	0	ㄌㄧㄢˊ	[CNS]
𪩷	0	0	ㄔㄢˇ	[CNS]
𪩸	0	0	ㄈㄣˊ	[CNS]
𪩹	0	0	ㄅㄞˋ	[CNS]
𪩺	0	0	ㄐㄩㄝˊ	[CNS]
𪩻	0	0	ㄒㄧㄡˇ	[CNS]
𪩻	0	0	ㄒㄧㄡˋ	[CNS]
𪩻	0	0	ㄙㄨˋ	[CNS]
𪩼	0	0	ㄨㄟˊ	[CNS]
𪩽	0	0	ㄩˊ	[CNS]
𪩾	0	0	ㄈㄨˇ	[CNS]
𪩿	0	0	ㄊㄢˊ	[CNS]
𪪀	0	0	ㄔㄞˊ	[CNS]
𪪁	0	0	ㄐㄧㄢ	[CNS]
𪪂	0	0	ㄒㄩㄢ	[CNS]
𪪃	0	0	ㄆㄧㄥˊ	[CNS]
𪪄	0	0	ㄖㄣˇ	[CNS]
𪪅	0	0	ㄢ	[CNS]
𪪆	0	0	ㄋㄧㄢˋ	[CNS]
𪪇	0	0	ㄆㄤˊ	[CNS]
𪪈	0	0	ㄅㄟ	[CNS]
𪪉	0	0	ㄇㄧㄣˇ	[CNS]
𪪊	0	0	ㄩㄝ	[CNS]
𪪋	0	0	ㄗㄞ	[CNS]
𪪌	0	0	ㄒㄧˊ	[CNS]
𪪍	0	0	ㄈㄢˇ	[CNS]
𪪍	0	0	ㄈㄢˋ	[CNS]
𪪎	0	0	ㄓㄥˋ	[CNS]
𪪏	0	0	ㄌㄨˊ	[CNS]
𪪐	0	0	ㄑㄧㄢˊ	[CNS]
𪪑	0	0	ㄑㄧㄠˋ	[CNS]
𪪒	0	0	ㄐㄩㄣ	[CNS]
𪪓	0	0	ㄆㄧˇ	[CNS]
𪪔	0	0	ㄆㄚ	[CNS]
𪪕	0	0	ㄑㄩ	[CNS]
𪪗	0	0	ㄌㄤˊ	[CNS]
𪪘	0	0	ㄧˋ	[CNS]
𪪙	0	0	ㄏㄠˋ	[CNS]
𪪚	0	0	ㄊㄧㄥ	[CNS]
𪪛	0	0	ㄋㄩㄝˋ	[CNS]
𪪜	0	0	ㄒㄧㄚˋ	[CNS]
𪪜	0	0	ㄕㄚˋ	[CNS]
𪪝	0	0	ㄩㄥ	[CNS]
𪪞	0	0	ㄑㄧㄤˊ	[CNS]
𪪟	0	0	ㄏㄨㄢˋ	[CNS]
𪪠	0	0	ㄈㄨˇ	[CNS]
𪪡	0	0	ㄒㄩˋ	[CNS]
𪪢	0	0	ㄐㄧㄢ	[CNS]
𪪣	0	0	ㄒㄧㄢˇ	[CNS]
𪪣	0	0	ㄒㄧㄢˋ	[CNS]
𪪤	0	0	ㄉㄢˋ	[CNS]
𪪥	0	0	ㄕㄥˋ	[CNS]
𪪦	0	0	ㄧㄢˋ	[CNS]
𪪧	0	0	ㄧˊ	[CNS]
𪪨	0	0	ㄌㄧㄣˇ	[CNS]
𪪩	0	0	ㄋㄨㄥˋ	[CNS]
𪪪	0	0	ㄔㄞˊ	[CNS]
𪪫	0	0	ㄎㄜˇ	[CNS]
𪪫	0	0	ㄑㄩˇ	[CNS]
𪪬	0	0	ㄩ	[CNS]
𪪭	0	0	ㄆㄧㄥˊ	[CNS]
𪪮	0	0	ㄊㄧㄢˊ	[CNS]
𪪯	0	0	ㄐㄧㄥˋ	[CNS]
𪪰	0	0	ㄋㄞˇ	[CNS]
𪪰	0	0	ㄑㄧㄡˊ	[CNS]
𪪱	0	0	ㄏㄨㄤˊ	[CNS]
𪪲	0	0	ㄊㄧㄥˊ	[CNS]
𪪳	0	0	ㄨㄥ	[CNS]
𪪴	0	0	ㄗㄜˊ	[CNS]
𪪴	0	0	ㄧˋ	[CNS]
𪪵	0	0	ㄑㄧㄡˊ	[CNS]
𪪶	0	0	ㄉㄧˋ	[CNS]
𪪶	0	0	ㄊㄧˋ	[CNS]
𪪷	0	0	ㄧˊ	[CNS]
𪪸	0	0	ㄓㄣˋ	[CNS]
𪪹	0	0	ㄒㄩㄣ	[CNS]
𪪺	0	0	ㄐㄧㄤˋ	[CNS]
𪪺	0	0	ㄑㄧㄤˇ	[CNS]
𪪺	0	0	ㄑㄧㄤˊ	[CNS]
𪪻	0	0	ㄅㄢ	[CNS]
𪪻	0	0	ㄅㄢˋ	[CNS]
𪪼	0	0	ㄅㄧˋ	[CNS]
𪪽	0	0	ㄒㄩˋ	[CNS]
𪪾	0	0	ㄎㄡˋ	[CNS]
𪪿	0	0	ㄗㄡ	[CNS]
𪫀	0	0	ㄨㄟˊ	[CNS]
𪫁	0	0	ㄔㄥ	[CNS]
𪫂	0	0	ㄧㄣˊ	[CNS]
𪫃	0	0	ㄊㄧˋ	[CNS]
𪫄	0	0	ㄕㄨㄤ	[CNS]
𪫅	0	0	ㄇㄡˇ	[CNS]
𪫆	0	0	ㄇㄛˊ	[CNS]
𪫆	0	0	ㄨˋ	[CNS]
𪫇	0	0	ㄌㄟˋ	[CNS]
𪫈	0	0	ㄓㄣˇ	[CNS]
𪫉	0	0	ㄧㄥˇ	[CNS]
𪫊	0	0	ㄈㄤˇ	[CNS]
𪫊	0	0	ㄈㄥˋ	[CNS]
𪫋	0	0	ㄨㄣˊ	[CNS]
𪫌	0	0	ㄌㄨㄥˇ	[CNS]
𪫍	0	0	ㄓˋ	[CNS]
𪫎	0	0	ㄎㄡˋ	[CNS]
𪫏	0	0	ㄇㄡˇ	[CNS]
𪫐	0	0	ㄧˋ	[CNS]
𪫑	0	0	ㄨㄟ	[CNS]
𪫒	0	0	ㄊㄚ	[CNS]
𪫓	0	0	ㄌㄩˋ	[CNS]
𪫓	0	0	ㄓㄨㄛˊ	[CNS]
𪫓	0	0	ㄘㄨㄟˋ	[CNS]
𪫔	0	0	ㄩˊ	[CNS]
𪫕	0	0	ㄏㄨㄟ	[CNS]
𪫖	0	0	ㄈㄨˋ	[CNS]
𪫖	0	0	ㄓㄨㄢˋ	[CNS]
𪫖	0	0	ㄔㄨㄢˊ	[CNS]
𪫗	0	0	ㄨㄟ	[CNS]
𪫗	0	0	ㄨㄟˊ	[CNS]
𪫘	0	0	ㄧㄢˊ	[CNS]
𪫙	0	0	ㄧˋ	[CNS]
𪫚	0	0	ㄈㄚˇ	[CNS]
𪫛	0	0	ㄋㄨㄥˊ	[CNS]
𪫜	0	0	ㄏㄨㄟˋ	[CNS]
𪫝	0	0	ㄑㄧ	[CNS]
𪫞	0	0	ㄊㄨˊ	[CNS]
𪫟	0	0	ㄔㄨˋ	[CNS]
𪫠	0	0	ㄅㄧˋ	[CNS]
𪫡	0	0	ㄌㄚˋ	[CNS]
𪫡	0	0	ㄌㄧˋ	[CNS]
𪫢	0	0	ㄋㄧˇ	[CNS]
𪫢	0	0	ㄞˇ	[CNS]
𪫢	0	0	ㄧˋ	[CNS]
𪫣	0	0	ㄓˇ	[CNS]
𪫤	0	0	ㄩㄣˇ	[CNS]
𪫥	0	0	ㄕㄨˊ	[CNS]
𪫦	0	0	ㄍㄨㄞ	[CNS]
𪫨	0	0	ㄐㄧㄡˋ	[CNS]
𪫩	0	0	ㄣ	[CNS]
𪫪	0	0	ㄐㄩㄥˇ	[CNS]
𪫫	0	0	ㄖㄣˋ	[CNS]
𪫭	0	0	ㄎㄠˇ	[CNS]
𪫮	0	0	ㄇㄛˋ	[CNS]
𪫯	0	0	ㄑㄧㄝˋ	[CNS]
𪫰	0	0	ㄌㄩˋ	[CNS]
𪫱	0	0	ㄈㄣˋ	[CNS]
𪫲	0	0	ㄢ	[CNS]
𪫳	0	0	ㄋㄧㄥˊ	[CNS]
𪫴	0	0	ㄈㄟ	[CNS]
𪫵	0	0	ㄋㄨㄥˋ	[CNS]
𪫶	0	0	ㄋㄢˇ	[CNS]
𪫶	0	0	ㄋㄧㄢˊ	[CNS]
𪫷	0	0	ㄔㄡˊ	[CNS]
𪫸	0	0	ㄐㄩㄝˊ	[CNS]
𪫹	0	0	ㄩˋ	[CNS]
𪫺	0	0	ㄒㄧㄢ	[CNS]
𪫻	0	0	ㄨㄢˊ	[CNS]
𪫼	0	0	ㄉㄨㄟˋ	[CNS]
𪫽	0	0	ㄧㄣ	[CNS]
𪫾	0	0	ㄙㄨˋ	[CNS]
𪫿	0	0	ㄓ	[CNS]
𪬀	0	0	ㄆㄧㄣ	[CNS]
𪬁	0	0	ㄍㄨㄞ	[CNS]
𪬂	0	0	ㄙˋ	[CNS]
𪬃	0	0	ㄧˊ	[CNS]
𪬄	0	0	ㄘˊ	[CNS]
𪬅	0	0	ㄉㄤˋ	[CNS]
𪬆	0	0	ㄈㄤˋ	[CNS]
𪬇	0	0	ㄏㄨㄟˋ	[CNS]
𪬈	0	0	ㄓㄥˇ	[CNS]
𪬉	0	0	ㄧㄣ	[CNS]
𪬊	0	0	ㄨㄣˇ	[CNS]
𪬋	0	0	ㄍㄨㄚˇ	[CNS]
𪬋	0	0	ㄎㄨㄞ	[CNS]
𪬌	0	0	ㄌㄢˊ	[CNS]
𪬍	0	0	ㄔㄢ	[CNS]
𪬎	0	0	ㄅㄚ	[CNS]
𪬏	0	0	ㄏㄤˊ	[CNS]
𪬐	0	0	ㄑㄧㄡˊ	[CNS]
𪬑	0	0	ㄆㄧㄥˊ	[CNS]
𪬒	0	0	ㄇㄧㄣˇ	[CNS]
𪬓	0	0	ㄑㄧㄢ	[CNS]
𪬔	0	0	ㄕㄨ	[CNS]
𪬕	0	0	ㄐㄧㄣˋ	[CNS]
𪬖	0	0	ㄇㄧㄣˇ	[CNS]
𪬗	0	0	ㄔㄥˇ	[CNS]
𪬘	0	0	ㄧˊ	[CNS]
𪬘	0	0	ㄧˋ	[CNS]
𪬙	0	0	ㄐㄩㄢ	[CNS]
𪬚	0	0	ㄅㄧㄣ	[CNS]
𪬜	0	0	ㄧˋ	[CNS]
𪬝	0	0	ㄧㄤˋ	[CNS]
𪬞	0	0	ㄧˋ	[CNS]
𪬟	0	0	ㄅㄧㄣ	[CNS]
𪬠	0	0	ㄐㄩˇ	[CNS]
𪬡	0	0	ㄏㄣˋ	[CNS]
𪬡	0	0	ㄒㄧㄢˊ	[CNS]
𪬢	0	0	ㄒㄩˋ	[CNS]
𪬣	0	0	ㄌㄧㄣˋ	[CNS]
𪬤	0	0	ㄅㄧˋ	[CNS]
𪬤	0	0	ㄈㄢˊ	[CNS]
𪬤	0	0	ㄒㄧ	[CNS]
𪬥	0	0	ㄕㄤ	[CNS]
𪬦	0	0	ㄧㄣˊ	[CNS]
𪬧	0	0	ㄐㄧˋ	[CNS]
𪬧	0	0	ㄐㄧㄢ	[CNS]
𪬧	0	0	ㄐㄧㄥ	[CNS]
𪬨	0	0	ㄌㄧㄤˊ	[CNS]
𪬩	0	0	ㄒㄩㄣ	[CNS]
𪬪	0	0	ㄒㄩˊ	[CNS]
𪬪	0	0	ㄔㄨˊ	[CNS]
𪬫	0	0	ㄧ	[CNS]
𪬫	0	0	ㄧˇ	[CNS]
𪬫	0	0	ㄧˋ	[CNS]
𪬬	0	0	ㄆㄨˇ	[CNS]
𪬭	0	0	ㄎㄨㄞˋ	[CNS]
𪬮	0	0	ㄔㄥˊ	[CNS]
𪬮	0	0	ㄕㄥ	[CNS]
𪬯	0	0	ㄌㄞˋ	[CNS]
𪬯	0	0	ㄌㄢˇ	[CNS]
𪬰	0	0	ㄗㄨㄟˇ	[CNS]
𪬱	0	0	ㄩㄢˊ	[CNS]
𪬲	0	0	ㄏㄣˋ	[CNS]
𪬲	0	0	ㄒㄧㄢˋ	[CNS]
𪬲	0	0	ㄓㄣˋ	[CNS]
𪬳	0	0	ㄐㄩㄢ	[CNS]
𪬴	0	0	ㄒㄧㄣ	[CNS]
𪬵	0	0	ㄙㄨˋ	[CNS]
𪬶	0	0	ㄇㄟˇ	[CNS]
𪬶	0	0	ㄏㄨㄟˇ	[CNS]
𪬷	0	0	ㄑㄧㄢˋ	[CNS]
𪬸	0	0	ㄌㄧㄢˊ	[CNS]
𪬹	0	0	ㄊㄢˇ	[CNS]
𪬺	0	0	ㄕㄣˇ	[CNS]
𪬻	0	0	ㄇㄧㄝˋ	[CNS]
𪬼	0	0	ㄏㄣˋ	[CNS]
𪬽	0	0	ㄅㄛˊ	[CNS]
𪬽	0	0	ㄇㄛˋ	[CNS]
𪬾	0	0	ㄌㄧㄣˊ	[CNS]
𪬿	0	0	ㄑㄧㄥ	[CNS]
𪭀	0	0	ㄅㄧㄢˋ	[CNS]
𪭁	0	0	ㄋㄧˇ	[CNS]
𪭂	0	0	ㄨㄟˇ	[CNS]
𪭃	0	0	ㄌㄨˊ	[CNS]
𪭃	0	0	ㄌㄨㄛˊ	[CNS]
𪭄	0	0	ㄋㄧˋ	[CNS]
𪭄	0	0	ㄜˊ	[CNS]
𪭅	0	0	ㄍㄨㄥˋ	[CNS]
𪭆	0	0	ㄎㄨㄟˊ	[CNS]
𪭇	0	0	ㄕㄢˋ	[CNS]
𪭈	0	0	ㄐㄩˋ	[CNS]
𪭉	0	0	ㄧ	[CNS]
𪭊	0	0	ㄌㄜˋ	[CNS]
𪭋	0	0	ㄗㄞ	[CNS]
𪭌	0	0	ㄓㄢˇ	[CNS]
𪭍	0	0	ㄍㄨㄥˇ	[CNS]
𪭎	0	0	ㄍㄨㄟˇ	[CNS]
𪭏	0	0	ㄨㄟ	[CNS]
𪭐	0	0	ㄈㄨˊ	[CNS]
𪭑	0	0	ㄔㄨㄣˇ	[CNS]
𪭒	0	0	ㄈㄨ	[CNS]
𪭓	0	0	ㄇㄥˊ	[CNS]
𪭔	0	0	ㄐㄧㄚˊ	[CNS]
𪭕	0	0	ㄎㄢ	[CNS]
𪭖	0	0	ㄍㄨㄢˋ	[CNS]
𪭗	0	0	ㄨㄛˇ	[CNS]
𪭘	0	0	ㄏㄨˋ	[CNS]
𪭙	0	0	ㄐㄩㄥ	[CNS]
𪭙	0	0	ㄐㄩㄥˇ	[CNS]
𪭚	0	0	ㄐㄩˇ	[CNS]
𪭛	0	0	ㄓㄠˋ	[CNS]
𪭜	0	0	ㄗㄚˊ	[CNS]
𪭝	0	0	ㄨㄟˇ	[CNS]
𪭞	0	0	ㄒㄧˋ	[CNS]
𪭟	0	0	ㄨˇ	[CNS]
𪭠	0	0	ㄊㄠ	[CNS]
𪭡	0	0	ㄕˊ	[CNS]
𪭡	0	0	ㄕㄜˊ	[CNS]
𪭢	0	0	ㄔㄨㄤ	[CNS]
𪭣	0	0	ㄕㄨ	[CNS]
𪭤	0	0	ㄓㄥˋ	[CNS]
𪭥	0	0	ㄗㄨㄛˇ	[CNS]
𪭦	0	0	ㄍㄨㄞˇ	[CNS]
𪭧	0	0	ㄕㄜˋ	[CNS]
𪭨	0	0	ㄕˇ	[CNS]
𪭩	0	0	ㄌㄧˇ	[CNS]
𪭩	0	0	ㄙㄚˇ	[CNS]
𪭪	0	0	ㄓㄚ	[CNS]
𪭫	0	0	ㄈㄤ	[CNS]
𪭬	0	0	ㄅㄨˋ	[CNS]
𪭭	0	0	ㄉㄧˇ	[CNS]
𪭮	0	0	ㄓㄨㄥˋ	[CNS]
𪭯	0	0	ㄍㄨㄞ	[CNS]
𪭰	0	0	ㄧㄤˊ	[CNS]
𪭱	0	0	ㄍㄨㄚ	[CNS]
𪭱	0	0	ㄐㄩㄝˊ	[CNS]
𪭲	0	0	ㄗㄜˊ	[CNS]
𪭳	0	0	ㄍㄣˇ	[CNS]
𪭳	0	0	ㄧㄣˊ	[CNS]
𪭴	0	0	ㄗㄡˇ	[CNS]
𪭵	0	0	ㄌㄧㄤˇ	[CNS]
𪭶	0	0	ㄔㄨㄢˋ	[CNS]
𪭷	0	0	ㄅㄠˋ	[CNS]
𪭸	0	0	ㄉㄡˇ	[CNS]
𪭹	0	0	ㄆㄠ	[CNS]
𪭺	0	0	ㄌㄜˋ	[CNS]
𪭻	0	0	ㄒㄩㄢˊ	[CNS]
𪭼	0	0	ㄌㄧˋ	[CNS]
𪭽	0	0	ㄎㄤ	[CNS]
𪭾	0	0	ㄒㄧㄢˋ	[CNS]
𪭿	0	0	ㄓㄨㄤˋ	[CNS]
𪮀	0	0	ㄖㄨㄢˇ	[CNS]
𪮁	0	0	ㄌㄚˊ	[CNS]
𪮂	0	0	ㄆㄧㄥˊ	[CNS]
𪮃	0	0	ㄘㄢˊ	[CNS]
𪮄	0	0	ㄑㄧ	[CNS]
𪮅	0	0	ㄊㄧㄠˊ	[CNS]
𪮆	0	0	ㄋㄧㄝ	[CNS]
𪮇	0	0	ㄆㄠˊ	[CNS]
𪮈	0	0	ㄕˇ	[CNS]
𪮈	0	0	ㄙㄨㄛˇ	[CNS]
𪮉	0	0	ㄗㄜˊ	[CNS]
𪮊	0	0	ㄗㄨˊ	[CNS]
𪮋	0	0	ㄒㄧㄠ	[CNS]
𪮋	0	0	ㄙㄨˋ	[CNS]
𪮌	0	0	ㄔㄜˋ	[CNS]
𪮍	0	0	ㄇㄡˇ	[CNS]
𪮎	0	0	ㄒㄩㄢˊ	[CNS]
𪮏	0	0	ㄙ	[CNS]
𪮐	0	0	ㄆㄧㄣˇ	[CNS]
𪮑	0	0	ㄎㄢˋ	[CNS]
𪮒	0	0	ㄎㄢ	[CNS]
𪮒	0	0	ㄎㄢˋ	[CNS]
𪮓	0	0	ㄅㄣˋ	[CNS]
𪮔	0	0	ㄌㄨㄛˋ	[CNS]
𪮕	0	0	ㄈㄟ	[CNS]
𪮖	0	0	ㄐㄩㄝˊ	[CNS]
𪮗	0	0	ㄇㄧˊ	[CNS]
𪮗	0	0	ㄕㄜˋ	[CNS]
𪮘	0	0	ㄈㄥ	[CNS]
𪮙	0	0	ㄍㄨㄥˋ	[CNS]
𪮙	0	0	ㄏㄨㄥˋ	[CNS]
𪮚	0	0	ㄍㄤ	[CNS]
𪮛	0	0	ㄕˊ	[CNS]
𪮜	0	0	ㄔㄨㄟˊ	[CNS]
𪮝	0	0	ㄏㄞˇ	[CNS]
𪮞	0	0	ㄓˋ	[CNS]
𪮟	0	0	ㄉㄧㄝ	[CNS]
𪮠	0	0	ㄌㄧㄢˋ	[CNS]
𪮡	0	0	ㄌㄤˇ	[CNS]
𪮢	0	0	ㄩㄢˊ	[CNS]
𪮣	0	0	ㄓㄜˊ	[CNS]
𪮤	0	0	ㄅㄥ	[CNS]
𪮥	0	0	ㄅㄢ	[CNS]
𪮦	0	0	ㄉㄜˊ	[CNS]
𪮦	0	0	ㄉㄜ˙	[CNS]
𪮦	0	0	ㄉㄞˇ	[CNS]
𪮦	0	0	ㄉㄟˇ	[CNS]
𪮧	0	0	ㄩㄥˊ	[CNS]
𪮨	0	0	ㄕㄣ	[CNS]
𪮩	0	0	ㄘㄨ	[CNS]
𪮪	0	0	ㄌㄡˋ	[CNS]
𪮫	0	0	ㄙㄚˇ	[CNS]
𪮬	0	0	ㄒㄧˇ	[CNS]
𪮭	0	0	ㄔㄣˋ	[CNS]
𪮮	0	0	ㄐㄧˇ	[CNS]
𪮯	0	0	ㄧ	[CNS]
𪮰	0	0	ㄇㄣˋ	[CNS]
𪮱	0	0	ㄒㄧㄤˋ	[CNS]
𪮲	0	0	ㄒㄧㄢˋ	[CNS]
𪮳	0	0	ㄇㄢˊ	[CNS]
𪮴	0	0	ㄌㄩˇ	[CNS]
𪮵	0	0	ㄓㄨㄢˋ	[CNS]
𪮶	0	0	ㄌㄚˋ	[CNS]
𪮷	0	0	ㄍㄨ	[CNS]
𪮸	0	0	ㄑㄧㄢˋ	[CNS]
𪮹	0	0	ㄆㄥˇ	[CNS]
𪮺	0	0	ㄐㄧㄣˋ	[CNS]
𪮻	0	0	ㄓㄢˋ	[CNS]
𪮼	0	0	ㄒㄩㄣ	[CNS]
𪮽	0	0	ㄓˊ	[CNS]
𪮽	0	0	ㄓˋ	[CNS]
𪮾	0	0	ㄐㄩㄣ	[CNS]
𪮿	0	0	ㄑㄧㄥˋ	[CNS]
𪯀	0	0	ㄐㄧㄚˋ	[CNS]
𪯁	0	0	ㄕㄨˇ	[CNS]
𪯂	0	0	ㄧㄥ	[CNS]
𪯃	0	0	ㄧㄤˇ	[CNS]
𪯄	0	0	ㄑㄩㄢˋ	[CNS]
𪯅	0	0	ㄕㄜˋ	[CNS]
𪯆	0	0	ㄍㄨㄥ	[CNS]
𪯇	0	0	ㄓˋ	[CNS]
𪯈	0	0	ㄈㄨˊ	[CNS]
𪯉	0	0	ㄕㄥ	[CNS]
𪯊	0	0	ㄕㄡ	[CNS]
𪯋	0	0	ㄕㄢˇ	[CNS]
𪯌	0	0	ㄔㄨㄟˊ	[CNS]
𪯍	0	0	ㄍㄥˇ	[CNS]
𪯎	0	0	ㄊㄚˋ	[CNS]
𪯏	0	0	ㄏㄨ	[CNS]
𪯐	0	0	ㄉㄧˋ	[CNS]
𪯐	0	0	ㄊㄧˋ	[CNS]
𪯑	0	0	ㄙㄨˋ	[CNS]
𪯒	0	0	ㄅㄛˋ	[CNS]
𪯓	0	0	ㄗㄠˋ	[CNS]
𪯔	0	0	ㄉㄧˊ	[CNS]
𪯕	0	0	ㄗㄨㄛˋ	[CNS]
𪯖	0	0	ㄌㄨˋ	[CNS]
𪯗	0	0	ㄙㄢˋ	[CNS]
𪯘	0	0	ㄗㄢˇ	[CNS]
𪯙	0	0	ㄉㄧˊ	[CNS]
𪯚	0	0	ㄨㄟˇ	[CNS]
𪯛	0	0	ㄙㄨˋ	[CNS]
𪯜	0	0	ㄌㄧㄣˇ	[CNS]
𪯝	0	0	ㄙㄚˇ	[CNS]
𪯞	0	0	ㄙㄨㄟˋ	[CNS]
𪯟	0	0	ㄏㄨˇ	[CNS]
𪯠	0	0	ㄔㄨㄢ	[CNS]
𪯡	0	0	ㄨㄣˊ	[CNS]
𪯢	0	0	ㄏㄨㄢ	[CNS]
𪯣	0	0	ㄙˋ	[CNS]
𪯤	0	0	ㄏㄜˊ	[CNS]
𪯥	0	0	ㄙㄜˋ	[CNS]
𪯦	0	0	ㄉㄧㄢˇ	[CNS]
𪯧	0	0	ㄇㄡˇ	[CNS]
𪯨	0	0	ㄔㄢˇ	[CNS]
𪯩	0	0	ㄓ	[CNS]
𪯪	0	0	ㄑㄧㄠ	[CNS]
𪯫	0	0	ㄑㄧㄡ	[CNS]
𪯬	0	0	ㄏㄨˋ	[CNS]
𪯭	0	0	ㄈㄟˇ	[CNS]
𪯮	0	0	ㄅㄧˇ	[CNS]
𪯯	0	0	ㄒㄧㄝˊ	[CNS]
𪯰	0	0	ㄓ	[CNS]
𪯱	0	0	ㄒㄧㄢ	[CNS]
𪯲	0	0	ㄑㄧˊ	[CNS]
𪯳	0	0	ㄏㄤˊ	[CNS]
𪯴	0	0	ㄓㄢˋ	[CNS]
𪯵	0	0	ㄎㄨㄤ	[CNS]
𪯶	0	0	ㄗㄨˊ	[CNS]
𪯷	0	0	ㄧㄤˊ	[CNS]
𪯸	0	0	ㄧㄢˇ	[CNS]
𪯹	0	0	ㄓㄣˇ	[CNS]
𪯺	0	0	ㄋㄧㄢˋ	[CNS]
𪯻	0	0	ㄓㄢˋ	[CNS]
𪯼	0	0	ㄑㄧˊ	[CNS]
𪯽	0	0	ㄇㄨˇ	[CNS]
𪯾	0	0	ㄩㄢˊ	[CNS]
𪯿	0	0	ㄇㄢˇ	[CNS]
𪰀	0	0	ㄅㄟ	[CNS]
𪰁	0	0	ㄧˊ	[CNS]
𪰂	0	0	ㄈㄟˋ	[CNS]
𪰃	0	0	ㄑㄧˊ	[CNS]
𪰄	0	0	ㄍㄤ	[CNS]
𪰄	0	0	ㄍㄤˋ	[CNS]
𪰅	0	0	ㄒㄩㄣ	[CNS]
𪰆	0	0	ㄍㄨㄥ	[CNS]
𪰇	0	0	ㄖˋ	[CNS]
𪰈	0	0	ㄩㄢˊ	[CNS]
𪰉	0	0	ㄐㄧㄥˇ	[CNS]
𪰊	0	0	ㄓㄥˋ	[CNS]
𪰋	0	0	ㄇㄧㄣˊ	[CNS]
𪰌	0	0	ㄇㄠˊ	[CNS]
𪰍	0	0	ㄉㄡˇ	[CNS]
𪰎	0	0	ㄇㄧㄣˊ	[CNS]
𪰏	0	0	ㄏㄜ	[CNS]
𪰐	0	0	ㄅㄣˋ	[CNS]
𪰑	0	0	ㄩˋ	[CNS]
𪰓	0	0	ㄆㄧㄢˊ	[CNS]
𪰓	0	0	ㄆㄧㄥˊ	[CNS]
𪰔	0	0	ㄧㄥˋ	[CNS]
𪰕	0	0	ㄕㄨㄣˋ	[CNS]
𪰖	0	0	ㄗㄜˋ	[CNS]
𪰗	0	0	ㄅㄧˋ	[CNS]
𪰘	0	0	ㄐㄧㄚ	[CNS]
𪰙	0	0	ㄐㄧˊ	[CNS]
𪰚	0	0	ㄑㄧˊ	[CNS]
𪰛	0	0	ㄙˋ	[CNS]
𪰜	0	0	ㄕˋ	[CNS]
𪰝	0	0	ㄧㄚˋ	[CNS]
𪰞	0	0	ㄅㄧˋ	[CNS]
𪰟	0	0	ㄋㄧㄢˊ	[CNS]
𪰠	0	0	ㄐㄧㄤˋ	[CNS]
𪰡	0	0	ㄑㄩㄢˊ	[CNS]
𪰢	0	0	ㄓㄡ	[CNS]
𪰣	0	0	ㄩˇ	[CNS]
𪰤	0	0	ㄖㄨˇ	[CNS]
𪰥	0	0	ㄧㄚˋ	[CNS]
𪰦	0	0	ㄗㄨㄛˋ	[CNS]
𪰧	0	0	ㄏㄨㄥˊ	[CNS]
𪰨	0	0	ㄏㄨˋ	[CNS]
𪰩	0	0	ㄓㄤ	[CNS]
𪰪	0	0	ㄌㄞˋ	[CNS]
𪰫	0	0	ㄅㄣ	[CNS]
𪰬	0	0	ㄌㄧˋ	[CNS]
𪰭	0	0	ㄓㄥ	[CNS]
𪰮	0	0	ㄓˋ	[CNS]
𪰯	0	0	ㄔˊ	[CNS]
𪰯	0	0	ㄕ˙	[CNS]
𪰰	0	0	ㄕˊ	[CNS]
𪰱	0	0	ㄓㄥˋ	[CNS]
𪰲	0	0	ㄏㄡˋ	[CNS]
𪰳	0	0	ㄑㄧˋ	[CNS]
𪰴	0	0	ㄒㄧㄚ	[CNS]
𪰴	0	0	ㄒㄧㄚˋ	[CNS]
𪰵	0	0	ㄩㄥˇ	[CNS]
𪰶	0	0	ㄈㄟˋ	[CNS]
𪰷	0	0	ㄐㄧㄢˋ	[CNS]
𪰸	0	0	ㄙㄨˋ	[CNS]
𪰹	0	0	ㄇㄞˊ	[CNS]
𪰺	0	0	ㄐㄧˋ	[CNS]
𪰺	0	0	ㄘㄜˋ	[CNS]
𪰻	0	0	ㄘㄤ	[CNS]
𪰼	0	0	ㄉㄤˋ	[CNS]
𪰽	0	0	ㄎㄨˋ	[CNS]
𪰾	0	0	ㄓˇ	[CNS]
𪰿	0	0	ㄗˋ	[CNS]
𪱀	0	0	ㄌㄟˇ	[CNS]
𪱀	0	0	ㄌㄟˋ	[CNS]
𪱁	0	0	ㄧˋ	[CNS]
𪱂	0	0	ㄓㄨ	[CNS]
𪱃	0	0	ㄇㄧㄣˇ	[CNS]
𪱄	0	0	ㄧㄣˊ	[CNS]
𪱅	0	0	ㄓㄨˇ	[CNS]
𪱆	0	0	ㄋㄤˊ	[CNS]
𪱇	0	0	ㄏㄨㄟˋ	[CNS]
𪱈	0	0	ㄐㄧㄥ	[CNS]
𪱉	0	0	ㄌㄞˊ	[CNS]
𪱊	0	0	ㄏㄜˊ	[CNS]
𪱋	0	0	ㄕㄢˋ	[CNS]
𪱌	0	0	ㄌㄠˊ	[CNS]
𪱍	0	0	ㄧˋ	[CNS]
𪱎	0	0	ㄩˊ	[CNS]
𪱏	0	0	ㄒㄩㄥˋ	[CNS]
𪱐	0	0	ㄕㄥˇ	[CNS]
𪱑	0	0	ㄧㄚ	[CNS]
𪱒	0	0	ㄋㄤˊ	[CNS]
𪱓	0	0	ㄒㄧㄝˋ	[CNS]
𪱔	0	0	ㄐㄧㄠˋ	[CNS]
𪱔	0	0	ㄐㄩㄝˊ	[CNS]
𪱕	0	0	ㄗㄨㄟˋ	[CNS]
𪱖	0	0	ㄐㄩㄝˊ	[CNS]
𪱗	0	0	ㄐㄧㄣ	[CNS]
𪱘	0	0	ㄧㄠ	[CNS]
𪱙	0	0	ㄧㄡˇ	[CNS]
𪱚	0	0	ㄊㄤˇ	[CNS]
𪱛	0	0	ㄧㄣˇ	[CNS]
𪱜	0	0	ㄊㄞ	[CNS]
𪱝	0	0	ㄔㄥˊ	[CNS]
𪱞	0	0	ㄋㄧˋ	[CNS]
𪱞	0	0	ㄜˋ	[CNS]
𪱟	0	0	ㄅㄢ	[CNS]
𪱠	0	0	ㄅㄧㄢˇ	[CNS]
𪱡	0	0	ㄕㄜˊ	[CNS]
𪱢	0	0	ㄗㄨㄛˋ	[CNS]
𪱣	0	0	ㄨㄤˇ	[CNS]
𪱤	0	0	ㄜˊ	[CNS]
𪱥	0	0	ㄈㄟˋ	[CNS]
𪱥	0	0	ㄈㄣˋ	[CNS]
𪱦	0	0	ㄏㄨㄤˊ	[CNS]
𪱧	0	0	ㄌㄧㄤˊ	[CNS]
𪱧	0	0	ㄌㄧㄤˋ	[CNS]
𪱨	0	0	ㄌㄨㄥˊ	[CNS]
𪱩	0	0	ㄌㄧˊ	[CNS]
𪱩	0	0	ㄔ	[CNS]
𪱪	0	0	ㄊㄥˊ	[CNS]
𪱫	0	0	ㄙˋ	[CNS]
𪱬	0	0	ㄧㄣˊ	[CNS]
𪱭	0	0	ㄇㄧˋ	[CNS]
𪱮	0	0	ㄍㄨㄥˋ	[CNS]
𪱯	0	0	ㄌㄨㄥˊ	[CNS]
𪱰	0	0	ㄔㄢˊ	[CNS]
𪱱	0	0	ㄅㄣˇ	[CNS]
𪱲	0	0	ㄕㄤˋ	[CNS]
𪱴	0	0	ㄋㄩˇ	[CNS]
𪱵	0	0	ㄔㄨㄢ	[CNS]
𪱶	0	0	ㄏㄢˊ	[CNS]
𪱷	0	0	ㄅㄟˋ	[CNS]
𪱸	0	0	ㄩˊ	[CNS]
𪱹	0	0	ㄑㄧ	[CNS]
𪱺	0	0	ㄗㄨㄛˇ	[CNS]
𪱻	0	0	ㄅㄣˇ	[CNS]
𪱼	0	0	ㄐㄧㄣ	[CNS]
𪱽	0	0	ㄆㄥˊ	[CNS]
𪱾	0	0	ㄋㄧˇ	[CNS]
𪱿	0	0	ㄧㄡˊ	[CNS]
𪲀	0	0	ㄑㄧㄡ	[CNS]
𪲁	0	0	ㄒㄧˋ	[CNS]
𪲂	0	0	ㄘˊ	[CNS]
𪲃	0	0	ㄓㄢˋ	[CNS]
𪲄	0	0	ㄏㄨㄟ	[CNS]
𪲅	0	0	ㄆㄥˊ	[CNS]
𪲆	0	0	ㄆㄤˊ	[CNS]
𪲆	0	0	ㄇㄤˊ	[CNS]
𪲆	0	0	ㄇㄥˊ	[CNS]
𪲇	0	0	ㄑㄩ	[CNS]
𪲈	0	0	ㄐㄧㄡˋ	[CNS]
𪲉	0	0	ㄏㄡˋ	[CNS]
𪲊	0	0	ㄈㄢˊ	[CNS]
𪲋	0	0	ㄒㄧㄤˊ	[CNS]
𪲌	0	0	ㄓㄢ	[CNS]
𪲍	0	0	ㄕˋ	[CNS]
𪲎	0	0	ㄐㄧ	[CNS]
𪲎	0	0	ㄐㄧˋ	[CNS]
𪲏	0	0	ㄏㄡˋ	[CNS]
𪲐	0	0	ㄧㄝˊ	[CNS]
𪲑	0	0	ㄑㄧˋ	[CNS]
𪲓	0	0	ㄉㄡˋ	[CNS]
𪲔	0	0	ㄌㄧˋ	[CNS]
𪲕	0	0	ㄌㄧㄥˊ	[CNS]
𪲕	0	0	ㄗㄠˇ	[CNS]
𪲖	0	0	ㄅㄠˇ	[CNS]
𪲗	0	0	ㄎㄨㄣˇ	[CNS]
𪲘	0	0	ㄜˊ	[CNS]
𪲙	0	0	ㄕㄥ	[CNS]
𪲚	0	0	ㄇㄡˇ	[CNS]
𪲛	0	0	ㄐㄧˋ	[CNS]
𪲜	0	0	ㄌㄥˇ	[CNS]
𪲝	0	0	ㄔㄨㄤˊ	[CNS]
𪲞	0	0	ㄑㄧㄤ	[CNS]
𪲟	0	0	ㄒㄧㄥˋ	[CNS]
𪲠	0	0	ㄌㄧㄤˊ	[CNS]
𪲡	0	0	ㄔㄨˇ	[CNS]
𪲢	0	0	ㄙˋ	[CNS]
𪲣	0	0	ㄇㄡˇ	[CNS]
𪲤	0	0	ㄌㄨㄛˋ	[CNS]
𪲥	0	0	ㄗㄠˇ	[CNS]
𪲦	0	0	ㄔㄠ	[CNS]
𪲧	0	0	ㄘㄨㄥ	[CNS]
𪲩	0	0	ㄒㄩㄢˋ	[CNS]
𪲪	0	0	ㄅㄧㄥˇ	[CNS]
𪲫	0	0	ㄕㄨㄛˋ	[CNS]
𪲬	0	0	ㄕˋ	[CNS]
𪲭	0	0	ㄖㄨㄢˇ	[CNS]
𪲮	0	0	ㄈㄟˋ	[CNS]
𪲯	0	0	ㄩㄥˊ	[CNS]
𪲰	0	0	ㄏㄨㄢˋ	[CNS]
𪲲	0	0	ㄓ	[CNS]
𪲳	0	0	ㄕˋ	[CNS]
𪲴	0	0	ㄋㄧㄢˇ	[CNS]
𪲵	0	0	ㄉㄨㄛˇ	[CNS]
𪲶	0	0	ㄍㄡˇ	[CNS]
𪲷	0	0	ㄈㄡˊ	[CNS]
𪲷	0	0	ㄈㄨˊ	[CNS]
𪲸	0	0	ㄐㄧˊ	[CNS]
𪲹	0	0	ㄌㄧㄣˊ	[CNS]
𪲺	0	0	ㄤˊ	[CNS]
𪲻	0	0	ㄅㄞˋ	[CNS]
𪲼	0	0	ㄒㄧㄣˋ	[CNS]
𪲽	0	0	ㄓㄜˊ	[CNS]
𪲾	0	0	ㄎㄜˇ	[CNS]
𪲿	0	0	ㄌㄚˋ	[CNS]
𪳀	0	0	ㄧㄢ	[CNS]
𪳁	0	0	ㄉㄨˋ	[CNS]
𪳁	0	0	ㄉㄨㄛˋ	[CNS]
𪳂	0	0	ㄕㄡˇ	[CNS]
𪳃	0	0	ㄢˋ	[CNS]
𪳄	0	0	ㄌㄧㄤˋ	[CNS]
𪳅	0	0	ㄌㄨㄛˋ	[CNS]
𪳆	0	0	ㄩㄥˇ	[CNS]
𪳇	0	0	ㄐㄧㄚ	[CNS]
𪳈	0	0	ㄑㄩㄥˊ	[CNS]
𪳉	0	0	ㄜˋ	[CNS]
𪳉	0	0	ㄨˋ	[CNS]
𪳊	0	0	ㄧㄡˇ	[CNS]
𪳊	0	0	ㄩˋ	[CNS]
𪳋	0	0	ㄋㄧㄢˋ	[CNS]
𪳌	0	0	ㄉㄨˋ	[CNS]
𪳍	0	0	ㄕㄜˋ	[CNS]
𪳎	0	0	ㄍㄥˇ	[CNS]
𪳏	0	0	ㄌㄥ	[CNS]
𪳏	0	0	ㄌㄥˊ	[CNS]
𪳏	0	0	ㄌㄥˋ	[CNS]
𪳐	0	0	ㄍㄨㄟ	[CNS]
𪳑	0	0	ㄎㄜ	[CNS]
𪳑	0	0	ㄎㄜˇ	[CNS]
𪳒	0	0	ㄔㄠˊ	[CNS]
𪳓	0	0	ㄓㄨㄛˊ	[CNS]
𪳔	0	0	ㄙㄨㄣ	[CNS]
𪳕	0	0	ㄔㄨㄟˊ	[CNS]
𪳖	0	0	ㄆㄥˊ	[CNS]
𪳗	0	0	ㄞˋ	[CNS]
𪳘	0	0	ㄓㄨㄥ	[CNS]
𪳙	0	0	ㄓㄨㄣˇ	[CNS]
𪳚	0	0	ㄙㄨˋ	[CNS]
𪳛	0	0	ㄕㄨ	[CNS]
𪳜	0	0	ㄔㄥˊ	[CNS]
𪳝	0	0	ㄧㄡˇ	[CNS]
𪳞	0	0	ㄐㄧㄠˋ	[CNS]
𪳟	0	0	ㄇㄧㄢˇ	[CNS]
𪳠	0	0	ㄎㄞˇ	[CNS]
𪳡	0	0	ㄅㄧㄝˊ	[CNS]
𪳡	0	0	ㄆㄧˊ	[CNS]
𪳢	0	0	ㄏㄨㄚˋ	[CNS]
𪳣	0	0	ㄒㄧㄝˋ	[CNS]
𪳤	0	0	ㄗㄠˋ	[CNS]
𪳥	0	0	ㄍㄨㄟ	[CNS]
𪳦	0	0	ㄋㄧㄝˋ	[CNS]
𪳧	0	0	ㄊㄠˊ	[CNS]
𪳨	0	0	ㄏㄢˇ	[CNS]
𪳩	0	0	ㄔㄣˋ	[CNS]
𪳪	0	0	ㄆㄛˊ	[CNS]
𪳫	0	0	ㄓㄡˊ	[CNS]
𪳫	0	0	ㄙㄠˇ	[CNS]
𪳫	0	0	ㄙㄤ	[CNS]
𪳫	0	0	ㄧㄡˋ	[CNS]
𪳬	0	0	ㄌㄡˋ	[CNS]
𪳭	0	0	ㄋㄧㄢˇ	[CNS]
𪳮	0	0	ㄧ	[CNS]
𪳯	0	0	ㄊㄤˊ	[CNS]
𪳰	0	0	ㄍㄨㄛˇ	[CNS]
𪳱	0	0	ㄓㄨㄥˋ	[CNS]
𪳲	0	0	ㄓˋ	[CNS]
𪳳	0	0	ㄔㄡˋ	[CNS]
𪳴	0	0	ㄅㄞˇ	[CNS]
𪳵	0	0	ㄨㄟˊ	[CNS]
𪳶	0	0	ㄏㄢˊ	[CNS]
𪳷	0	0	ㄧㄤˊ	[CNS]
𪳸	0	0	ㄓㄨㄟˋ	[CNS]
𪳹	0	0	ㄉㄨㄟˋ	[CNS]
𪳺	0	0	ㄏㄜˋ	[CNS]
𪳻	0	0	ㄇㄠˋ	[CNS]
𪳻	0	0	ㄇㄡˋ	[CNS]
𪳼	0	0	ㄓㄜˇ	[CNS]
𪳽	0	0	ㄎㄨˋ	[CNS]
𪳾	0	0	ㄗㄞˋ	[CNS]
𪳿	0	0	ㄉㄨˋ	[CNS]
𪴀	0	0	ㄌㄧˇ	[CNS]
𪴁	0	0	ㄊㄧㄠˋ	[CNS]
𪴂	0	0	ㄇㄢˊ	[CNS]
𪴂	0	0	ㄇㄢˋ	[CNS]
𪴂	0	0	ㄨㄢˋ	[CNS]
𪴃	0	0	ㄠˋ	[CNS]
𪴄	0	0	ㄉㄡ	[CNS]
𪴄	0	0	ㄉㄨ	[CNS]
𪴅	0	0	ㄅㄧˇ	[CNS]
𪴆	0	0	ㄘˊ	[CNS]
𪴇	0	0	ㄓˋ	[CNS]
𪴈	0	0	ㄇㄠˋ	[CNS]
𪴉	0	0	ㄇㄢˊ	[CNS]
𪴊	0	0	ㄘㄠˊ	[CNS]
𪴋	0	0	ㄑㄩ	[CNS]
𪴌	0	0	ㄍㄨㄢˇ	[CNS]
𪴍	0	0	ㄍㄠˇ	[CNS]
𪴎	0	0	ㄕˊ	[CNS]
𪴏	0	0	ㄇㄢˋ	[CNS]
𪴐	0	0	ㄒㄩㄝˇ	[CNS]
𪴑	0	0	ㄕˋ	[CNS]
𪴒	0	0	ㄩˇ	[CNS]
𪴓	0	0	ㄙㄨㄟ	[CNS]
𪴔	0	0	ㄌㄧㄠˊ	[CNS]
𪴕	0	0	ㄘㄥ	[CNS]
𪴖	0	0	ㄌㄧㄣˊ	[CNS]
𪴗	0	0	ㄐㄧˋ	[CNS]
𪴘	0	0	ㄊㄢˊ	[CNS]
𪴙	0	0	ㄘㄨㄢˊ	[CNS]
𪴚	0	0	ㄒㄩㄣ	[CNS]
𪴛	0	0	ㄌㄧˋ	[CNS]
𪴜	0	0	ㄕㄨㄤ	[CNS]
𪴝	0	0	ㄌㄨˇ	[CNS]
𪴞	0	0	ㄇㄧㄥˊ	[CNS]
𪴟	0	0	ㄨˋ	[CNS]
𪴠	0	0	ㄋㄡˋ	[CNS]
𪴠	0	0	ㄖㄨˊ	[CNS]
𪴠	0	0	ㄖㄨㄢˇ	[CNS]
𪴡	0	0	ㄌㄧㄤˊ	[CNS]
𪴢	0	0	ㄘㄨˋ	[CNS]
𪴣	0	0	ㄖㄨㄥˊ	[CNS]
𪴤	0	0	ㄐㄩㄝˊ	[CNS]
𪴦	0	0	ㄐㄩㄝˊ	[CNS]
𪴧	0	0	ㄌㄢˊ	[CNS]
𪴨	0	0	ㄧㄝˋ	[CNS]
𪴩	0	0	ㄈㄤˇ	[CNS]
𪴪	0	0	ㄢˋ	[CNS]
𪴫	0	0	ㄒㄧ	[CNS]
𪴫	0	0	ㄕㄣˇ	[CNS]
𪴬	0	0	ㄎㄨㄢˇ	[CNS]
𪴭	0	0	ㄏㄨㄚˋ	[CNS]
𪴮	0	0	ㄒㄧˊ	[CNS]
𪴯	0	0	ㄜ	[CNS]
𪴰	0	0	ㄖㄜˇ	[CNS]
𪴰	0	0	ㄖㄨㄛˋ	[CNS]
𪴱	0	0	ㄒㄧˋ	[CNS]
𪴱	0	0	ㄕㄜˋ	[CNS]
𪴲	0	0	ㄧˋ	[CNS]
𪴳	0	0	ㄏㄨㄛˋ	[CNS]
𪴴	0	0	ㄧㄠˇ	[CNS]
𪴴	0	0	ㄧㄠˊ	[CNS]
𪴵	0	0	ㄨˋ	[CNS]
𪴶	0	0	ㄩㄢˊ	[CNS]
𪴷	0	0	ㄩㄥˇ	[CNS]
𪴸	0	0	ㄨㄤˇ	[CNS]
𪴹	0	0	ㄈㄚˇ	[CNS]
𪴺	0	0	ㄌㄞˊ	[CNS]
𪴺	0	0	ㄌㄞˋ	[CNS]
𪴻	0	0	ㄓㄠ	[CNS]
𪴼	0	0	ㄘㄤˊ	[CNS]
𪴽	0	0	ㄇㄧㄠˋ	[CNS]
𪴾	0	0	ㄌㄧˋ	[CNS]
𪴿	0	0	ㄩˊ	[CNS]
𪵀	0	0	ㄅㄠ	[CNS]
𪵁	0	0	ㄊㄠ	[CNS]
𪵂	0	0	ㄒㄩㄥ	[CNS]
𪵃	0	0	ㄌㄧㄝˋ	[CNS]
𪵄	0	0	ㄧㄢˋ	[CNS]
𪵅	0	0	ㄌㄨㄣˊ	[CNS]
𪵆	0	0	ㄓㄣ	[CNS]
𪵇	0	0	ㄌㄞˋ	[CNS]
𪵈	0	0	ㄎㄨㄚ	[CNS]
𪵉	0	0	ㄋㄧㄝ	[CNS]
𪵊	0	0	ㄧˊ	[CNS]
𪵋	0	0	ㄐㄧㄠ	[CNS]
𪵌	0	0	ㄔˇ	[CNS]
𪵍	0	0	ㄌㄧㄥ	[CNS]
𪵍	0	0	ㄌㄧㄥˋ	[CNS]
𪵎	0	0	ㄍㄢˇ	[CNS]
𪵏	0	0	ㄧㄢˋ	[CNS]
𪵐	0	0	ㄈㄨ	[CNS]
𪵑	0	0	ㄒㄧㄠ	[CNS]
𪵒	0	0	ㄨㄢˋ	[CNS]
𪵓	0	0	ㄨ	[CNS]
𪵓	0	0	ㄨㄛˋ	[CNS]
𪵔	0	0	ㄐㄧㄥ	[CNS]
𪵕	0	0	ㄉㄠˇ	[CNS]
𪵖	0	0	ㄧˇ	[CNS]
𪵗	0	0	ㄩㄝˋ	[CNS]
𪵘	0	0	ㄏㄨㄛˇ	[CNS]
𪵙	0	0	ㄑㄩˊ	[CNS]
𪵚	0	0	ㄒㄩㄢˊ	[CNS]
𪵛	0	0	ㄌㄟˇ	[CNS]
𪵜	0	0	ㄙㄨㄥˋ	[CNS]
𪵝	0	0	ㄅㄧˇ	[CNS]
𪵞	0	0	ㄌㄧˋ	[CNS]
𪵟	0	0	ㄇㄟˊ	[CNS]
𪵠	0	0	ㄋㄚˋ	[CNS]
𪵡	0	0	ㄌㄨˋ	[CNS]
𪵢	0	0	ㄅㄧㄥ	[CNS]
𪵣	0	0	ㄒㄧˋ	[CNS]
𪵤	0	0	ㄎㄜˇ	[CNS]
𪵥	0	0	ㄇㄟˇ	[CNS]
𪵦	0	0	ㄧㄣ	[CNS]
𪵧	0	0	ㄠˊ	[CNS]
𪵨	0	0	ㄕㄨㄟˇ	[CNS]
𪵩	0	0	ㄅㄧㄢˋ	[CNS]
𪵪	0	0	ㄕㄨㄟˇ	[CNS]
𪵫	0	0	ㄧˋ	[CNS]
𪵬	0	0	ㄈㄢˋ	[CNS]
𪵭	0	0	ㄎㄠˇ	[CNS]
𪵮	0	0	ㄐㄧㄣ	[CNS]
𪵯	0	0	ㄌㄢˋ	[CNS]
𪵰	0	0	ㄧㄣˇ	[CNS]
𪵱	0	0	ㄌㄧˋ	[CNS]
𪵲	0	0	ㄠ	[CNS]
𪵳	0	0	ㄕˇ	[CNS]
𪵴	0	0	ㄆㄟˋ	[CNS]
𪵵	0	0	ㄇㄞˋ	[CNS]
𪵶	0	0	ㄍㄞˇ	[CNS]
𪵷	0	0	ㄑㄧㄢˇ	[CNS]
𪵸	0	0	ㄉㄧˋ	[CNS]
𪵹	0	0	ㄐㄧㄤ	[CNS]
𪵺	0	0	ㄕㄜˋ	[CNS]
𪵻	0	0	ㄒㄧˋ	[CNS]
𪵼	0	0	ㄐㄧㄣˇ	[CNS]
𪵽	0	0	ㄧㄡˋ	[CNS]
𪵾	0	0	ㄒㄧㄥˋ	[CNS]
𪵿	0	0	ㄉㄧㄥ	[CNS]
𪶀	0	0	ㄋㄢˊ	[CNS]
𪶁	0	0	ㄨㄤ	[CNS]
𪶂	0	0	ㄇㄧˋ	[CNS]
𪶃	0	0	ㄅㄧㄝˊ	[CNS]
𪶄	0	0	ㄕˊ	[CNS]
𪶅	0	0	ㄊㄨˊ	[CNS]
𪶆	0	0	ㄉㄧˊ	[CNS]
𪶇	0	0	ㄨㄛˋ	[CNS]
𪶈	0	0	ㄐㄧˋ	[CNS]
𪶉	0	0	ㄑㄩㄥˊ	[CNS]
𪶊	0	0	ㄉㄨㄟˋ	[CNS]
𪶋	0	0	ㄇㄧㄠˋ	[CNS]
𪶌	0	0	ㄉㄠˇ	[CNS]
𪶍	0	0	ㄇㄡˇ	[CNS]
𪶎	0	0	ㄓㄠ	[CNS]
𪶏	0	0	ㄈㄚˇ	[CNS]
𪶐	0	0	ㄢˋ	[CNS]
𪶑	0	0	ㄅㄧˋ	[CNS]
𪶒	0	0	ㄌㄨㄛˊ	[CNS]
𪶓	0	0	ㄏㄨㄢˋ	[CNS]
𪶔	0	0	ㄏㄨㄞˊ	[CNS]
𪶕	0	0	ㄩㄢ	[CNS]
𪶖	0	0	ㄅㄟˋ	[CNS]
𪶗	0	0	ㄒㄧㄥˋ	[CNS]
𪶘	0	0	ㄧㄝ	[CNS]
𪶙	0	0	ㄨㄚ	[CNS]
𪶚	0	0	ㄐㄧㄣˋ	[CNS]
𪶚	0	0	ㄑㄧㄣˋ	[CNS]
𪶚	0	0	ㄕㄣˋ	[CNS]
𪶛	0	0	ㄐㄧㄤˋ	[CNS]
𪶛	0	0	ㄒㄧㄤ	[CNS]
𪶜	0	0	ㄆㄤ	[CNS]
𪶝	0	0	ㄧˊ	[CNS]
𪶞	0	0	ㄊㄧㄢˊ	[CNS]
𪶟	0	0	ㄇㄛˋ	[CNS]
𪶟	0	0	ㄇㄧˋ	[CNS]
𪶠	0	0	ㄐㄩㄣˋ	[CNS]
𪶡	0	0	ㄒㄧㄥˊ	[CNS]
𪶢	0	0	ㄊㄨˊ	[CNS]
𪶢	0	0	ㄔㄨˊ	[CNS]
𪶣	0	0	ㄆㄟ	[CNS]
𪶣	0	0	ㄆㄧˋ	[CNS]
𪶤	0	0	ㄇㄟˇ	[CNS]
𪶥	0	0	ㄏㄥˊ	[CNS]
𪶦	0	0	ㄍㄨㄣˇ	[CNS]
𪶧	0	0	ㄖㄨㄢˊ	[CNS]
𪶨	0	0	ㄋㄨˋ	[CNS]
𪶩	0	0	ㄉㄞˋ	[CNS]
𪶪	0	0	ㄆㄟˋ	[CNS]
𪶫	0	0	ㄏㄨㄟˋ	[CNS]
𪶬	0	0	ㄈㄟˇ	[CNS]
𪶭	0	0	ㄌㄧㄝˋ	[CNS]
𪶮	0	0	ㄨ	[CNS]
𪶯	0	0	ㄅㄛˊ	[CNS]
𪶯	0	0	ㄅㄞˇ	[CNS]
𪶰	0	0	ㄕㄨㄟˇ	[CNS]
𪶱	0	0	ㄗˇ	[CNS]
𪶲	0	0	ㄧㄣ	[CNS]
𪶳	0	0	ㄔㄢˊ	[CNS]
𪶴	0	0	ㄊㄠ	[CNS]
𪶵	0	0	ㄓˋ	[CNS]
𪶶	0	0	ㄗㄨㄛˋ	[CNS]
𪶷	0	0	ㄌㄧㄡˊ	[CNS]
𪶸	0	0	ㄨㄣˋ	[CNS]
𪶹	0	0	ㄊㄧˊ	[CNS]
𪶺	0	0	ㄅㄧㄢˋ	[CNS]
𪶻	0	0	ㄗ	[CNS]
𪶼	0	0	ㄐㄧˊ	[CNS]
𪶼	0	0	ㄐㄧㄝˊ	[CNS]
𪶽	0	0	ㄙㄤ	[CNS]
𪶾	0	0	ㄌㄡˋ	[CNS]
𪶿	0	0	ㄎㄨㄢˇ	[CNS]
𪷀	0	0	ㄒㄧ	[CNS]
𪷁	0	0	ㄔㄥˊ	[CNS]
𪷂	0	0	ㄇㄨˋ	[CNS]
𪷃	0	0	ㄌㄢˇ	[CNS]
𪷄	0	0	ㄊㄨㄛ	[CNS]
𪷄	0	0	ㄊㄨㄟˋ	[CNS]
𪷅	0	0	ㄙㄡ	[CNS]
𪷆	0	0	ㄇㄧㄥˊ	[CNS]
𪷇	0	0	ㄐㄧㄢˇ	[CNS]
𪷈	0	0	ㄍㄨㄢˋ	[CNS]
𪷉	0	0	ㄒㄧˋ	[CNS]
𪷊	0	0	ㄧˋ	[CNS]
𪷋	0	0	ㄨˇ	[CNS]
𪷌	0	0	ㄋㄞˋ	[CNS]
𪷍	0	0	ㄐㄧㄥˋ	[CNS]
𪷍	0	0	ㄑㄧㄥˋ	[CNS]
𪷎	0	0	ㄦˋ	[CNS]
𪷏	0	0	ㄔㄨˊ	[CNS]
𪷐	0	0	ㄧㄚˇ	[CNS]
𪷑	0	0	ㄌㄧㄤˊ	[CNS]
𪷒	0	0	ㄊㄠˊ	[CNS]
𪷓	0	0	ㄌㄨˇ	[CNS]
𪷔	0	0	ㄔˇ	[CNS]
𪷔	0	0	ㄕˋ	[CNS]
𪷕	0	0	ㄈㄟˇ	[CNS]
𪷖	0	0	ㄖㄢˊ	[CNS]
𪷗	0	0	ㄆㄧˊ	[CNS]
𪷘	0	0	ㄔㄜˋ	[CNS]
𪷙	0	0	ㄈㄨˇ	[CNS]
𪷚	0	0	ㄘㄨㄢ	[CNS]
𪷛	0	0	ㄈㄨˋ	[CNS]
𪷜	0	0	ㄙ	[CNS]
𪷝	0	0	ㄌㄨˋ	[CNS]
𪷞	0	0	ㄌㄢˊ	[CNS]
𪷞	0	0	ㄌㄢˋ	[CNS]
𪷟	0	0	ㄇㄥˊ	[CNS]
𪷠	0	0	ㄩㄢˊ	[CNS]
𪷡	0	0	ㄨㄣˇ	[CNS]
𪷡	0	0	ㄨㄣˋ	[CNS]
𪷢	0	0	ㄏㄠˊ	[CNS]
𪷢	0	0	ㄏㄠˋ	[CNS]
𪷣	0	0	ㄆㄧˋ	[CNS]
𪷤	0	0	ㄌㄧㄣˇ	[CNS]
𪷥	0	0	ㄌㄧㄥˊ	[CNS]
𪷦	0	0	ㄩㄣˋ	[CNS]
𪷧	0	0	ㄑㄩㄣˊ	[CNS]
𪷨	0	0	ㄒㄧ	[CNS]
𪷩	0	0	ㄔㄣˊ	[CNS]
𪷪	0	0	ㄆㄧㄣˊ	[CNS]
𪷫	0	0	ㄆㄨˇ	[CNS]
𪷬	0	0	ㄐㄧㄣˇ	[CNS]
𪷭	0	0	ㄖㄨㄣˋ	[CNS]
𪷮	0	0	ㄒㄧㄠˇ	[CNS]
𪷯	0	0	ㄗㄨㄥˋ	[CNS]
𪷰	0	0	ㄕㄠˊ	[CNS]
𪷱	0	0	ㄙㄞˋ	[CNS]
𪷲	0	0	ㄐㄧ	[CNS]
𪷳	0	0	ㄆㄟˋ	[CNS]
𪷴	0	0	ㄖㄜˋ	[CNS]
𪷵	0	0	ㄧㄣˋ	[CNS]
𪷶	0	0	ㄌㄥˇ	[CNS]
𪷶	0	0	ㄌㄧㄣˊ	[CNS]
𪷶	0	0	ㄧㄥˇ	[CNS]
𪷷	0	0	ㄌㄧㄠˊ	[CNS]
𪷸	0	0	ㄑㄧㄥˋ	[CNS]
𪷹	0	0	ㄌㄨㄥˊ	[CNS]
𪷺	0	0	ㄏㄨㄟˋ	[CNS]
𪷻	0	0	ㄑㄧㄢˊ	[CNS]
𪷼	0	0	ㄧ	[CNS]
𪷾	0	0	ㄍㄨㄟ	[CNS]
𪸀	0	0	ㄒㄧㄚˊ	[CNS]
𪸁	0	0	ㄆㄛ	[CNS]
𪸂	0	0	ㄒㄧㄝˋ	[CNS]
𪸃	0	0	ㄑㄧㄥˋ	[CNS]
𪸄	0	0	ㄌㄢˋ	[CNS]
𪸅	0	0	ㄧㄡˊ	[CNS]
𪸆	0	0	ㄖㄨㄥˊ	[CNS]
𪸇	0	0	ㄅㄧㄠ	[CNS]
𪸈	0	0	ㄔㄡˊ	[CNS]
𪸉	0	0	ㄐㄧㄥ	[CNS]
𪸊	0	0	ㄧㄠˊ	[CNS]
𪸋	0	0	ㄑㄧㄢˊ	[CNS]
𪸌	0	0	ㄆㄧˋ	[CNS]
𪸍	0	0	ㄧㄢˋ	[CNS]
𪸎	0	0	ㄈㄢˊ	[CNS]
𪸏	0	0	ㄑㄧˋ	[CNS]
𪸐	0	0	ㄒㄧㄠ	[CNS]
𪸑	0	0	ㄩㄢˊ	[CNS]
𪸒	0	0	ㄏㄨˋ	[CNS]
𪸓	0	0	ㄑㄧˋ	[CNS]
𪸔	0	0	ㄓˇ	[CNS]
𪸕	0	0	ㄒㄧˋ	[CNS]
𪸖	0	0	ㄧㄥˊ	[CNS]
𪸗	0	0	ㄩㄣˇ	[CNS]
𪸘	0	0	ㄑㄩˋ	[CNS]
𪸙	0	0	ㄨㄟˋ	[CNS]
𪸚	0	0	ㄧㄡˋ	[CNS]
𪸛	0	0	ㄩˋ	[CNS]
𪸜	0	0	ㄑㄧㄡˊ	[CNS]
𪸞	0	0	ㄒㄧㄢˇ	[CNS]
𪸟	0	0	ㄨㄟˊ	[CNS]
𪸠	0	0	ㄩㄥˇ	[CNS]
𪸡	0	0	ㄏㄨㄥˊ	[CNS]
𪸢	0	0	ㄆㄧˇ	[CNS]
𪸣	0	0	ㄗㄠˇ	[CNS]
𪸤	0	0	ㄔㄥˊ	[CNS]
𪸥	0	0	ㄦˇ	[CNS]
𪸦	0	0	ㄓㄨˇ	[CNS]
𪸧	0	0	ㄉㄧㄠˋ	[CNS]
𪸨	0	0	ㄉㄨㄛˇ	[CNS]
𪸩	0	0	ㄏㄨㄟ	[CNS]
𪸪	0	0	ㄩˇ	[CNS]
𪸫	0	0	ㄍㄥ	[CNS]
𪸬	0	0	ㄎㄞˋ	[CNS]
𪸭	0	0	ㄅㄟˋ	[CNS]
𪸮	0	0	ㄏㄠˋ	[CNS]
𪸯	0	0	ㄊㄨㄛˇ	[CNS]
𪸰	0	0	ㄏㄨㄟˊ	[CNS]
𪸱	0	0	ㄓㄨㄤ	[CNS]
𪸲	0	0	ㄓㄠˋ	[CNS]
𪸳	0	0	ㄓㄠ	[CNS]
𪸴	0	0	ㄑㄧˊ	[CNS]
𪸵	0	0	ㄅㄧㄣ	[CNS]
𪸵	0	0	ㄨˇ	[CNS]
𪸶	0	0	ㄐㄧㄢ	[CNS]
𪸸	0	0	ㄉㄧㄢˇ	[CNS]
𪸹	0	0	ㄇㄧㄠˇ	[CNS]
𪸺	0	0	ㄤˊ	[CNS]
𪸻	0	0	ㄇㄧㄣˊ	[CNS]
𪸼	0	0	ㄓㄡ	[CNS]
𪸽	0	0	ㄓˊ	[CNS]
𪸾	0	0	ㄓㄥ	[CNS]
𪸿	0	0	ㄆㄥ	[CNS]
𪹀	0	0	ㄧˋ	[CNS]
𪹁	0	0	ㄇㄥˇ	[CNS]
𪹂	0	0	ㄌㄧㄥˊ	[CNS]
𪹂	0	0	ㄌㄧㄥˋ	[CNS]
𪹃	0	0	ㄕㄠˋ	[CNS]
𪹄	0	0	ㄅㄧㄥˇ	[CNS]
𪹅	0	0	ㄋㄞˋ	[CNS]
𪹆	0	0	ㄗㄨㄛˇ	[CNS]
𪹇	0	0	ㄊㄢˋ	[CNS]
𪹈	0	0	ㄐㄧㄚˇ	[CNS]
𪹈	0	0	ㄒㄧㄚˋ	[CNS]
𪹈	0	0	ㄕˋ	[CNS]
𪹉	0	0	ㄕㄚ	[CNS]
𪹉	0	0	ㄕㄚˋ	[CNS]
𪹊	0	0	ㄕㄨ	[CNS]
𪹊	0	0	ㄩˊ	[CNS]
𪹊	0	0	ㄩˋ	[CNS]
𪹋	0	0	ㄩˇ	[CNS]
𪹌	0	0	ㄒㄧㄤˋ	[CNS]
𪹍	0	0	ㄏㄡˊ	[CNS]
𪹍	0	0	ㄏㄡˋ	[CNS]
𪹎	0	0	ㄏㄞ	[CNS]
𪹎	0	0	ㄒㄧ	[CNS]
𪹎	0	0	ㄒㄧˇ	[CNS]
𪹏	0	0	ㄇㄟˇ	[CNS]
𪹐	0	0	ㄒㄩˇ	[CNS]
𪹑	0	0	ㄧㄢˋ	[CNS]
𪹒	0	0	ㄒㄧˊ	[CNS]
𪹓	0	0	ㄐㄧㄣˋ	[CNS]
𪹔	0	0	ㄒㄧㄤˋ	[CNS]
𪹕	0	0	ㄒㄩˇ	[CNS]
𪹖	0	0	ㄨㄟ	[CNS]
𪹖	0	0	ㄨㄟˊ	[CNS]
𪹗	0	0	ㄧㄢˋ	[CNS]
𪹘	0	0	ㄒㄩˊ	[CNS]
𪹙	0	0	ㄅㄢ	[CNS]
𪹚	0	0	ㄅㄤˋ	[CNS]
𪹚	0	0	ㄆㄤˊ	[CNS]
𪹚	0	0	ㄆㄥˊ	[CNS]
𪹛	0	0	ㄕㄨㄛˋ	[CNS]
𪹜	0	0	ㄎㄨˋ	[CNS]
𪹜	0	0	ㄕㄜˋ	[CNS]
𪹝	0	0	ㄍㄨㄤ	[CNS]
𪹞	0	0	ㄗㄞˇ	[CNS]
𪹟	0	0	ㄙㄨㄛˇ	[CNS]
𪹠	0	0	ㄊㄞ	[CNS]
𪹡	0	0	ㄅㄧㄣ	[CNS]
𪹢	0	0	ㄩㄣˊ	[CNS]
𪹣	0	0	ㄒㄩ	[CNS]
𪹤	0	0	ㄕㄚ	[CNS]
𪹤	0	0	ㄕㄚˋ	[CNS]
𪹥	0	0	ㄐㄧˋ	[CNS]
𪹦	0	0	ㄈㄢˊ	[CNS]
𪹧	0	0	ㄉㄧ	[CNS]
𪹩	0	0	ㄍㄨㄣˇ	[CNS]
𪹪	0	0	ㄜˋ	[CNS]
𪹫	0	0	ㄆㄥˊ	[CNS]
𪹬	0	0	ㄧㄣˊ	[CNS]
𪹭	0	0	ㄊㄧㄝ	[CNS]
𪹮	0	0	ㄘㄨㄟˋ	[CNS]
𪹰	0	0	ㄖㄢˊ	[CNS]
𪹱	0	0	ㄕㄡˊ	[CNS]
𪹲	0	0	ㄔㄜˋ	[CNS]
𪹳	0	0	ㄓㄨˊ	[CNS]
𪹴	0	0	ㄙㄨㄟˊ	[CNS]
𪹵	0	0	ㄔㄨˇ	[CNS]
𪹶	0	0	ㄉㄨˇ	[CNS]
𪹷	0	0	ㄋㄤˊ	[CNS]
𪹸	0	0	ㄅㄛ	[CNS]
𪹹	0	0	ㄊㄚˋ	[CNS]
𪹺	0	0	ㄈㄢˊ	[CNS]
𪹻	0	0	ㄒㄩㄣˊ	[CNS]
𪹼	0	0	ㄅㄠˋ	[CNS]
𪹽	0	0	ㄐㄧ	[CNS]
𪹿	0	0	ㄅㄧㄣ	[CNS]
𪺀	0	0	ㄘㄨㄟˋ	[CNS]
𪺁	0	0	ㄉㄨˊ	[CNS]
𪺂	0	0	ㄒㄧㄝˋ	[CNS]
𪺃	0	0	ㄊㄤˊ	[CNS]
𪺄	0	0	ㄐㄧㄠˊ	[CNS]
𪺅	0	0	ㄒㄧㄢˋ	[CNS]
𪺆	0	0	ㄐㄧㄠˊ	[CNS]
𪺇	0	0	ㄌㄧˊ	[CNS]
𪺈	0	0	ㄋㄠˊ	[CNS]
𪺉	0	0	ㄒㄧㄢˋ	[CNS]
𪺊	0	0	ㄧˊ	[CNS]
𪺋	0	0	ㄑㄧㄡ	[CNS]
𪺌	0	0	ㄉㄤˇ	[CNS]
𪺍	0	0	ㄕㄡˋ	[CNS]
𪺎	0	0	ㄒㄩㄥ	[CNS]
𪺏	0	0	ㄏㄨㄢˋ	[CNS]
𪺐	0	0	ㄕㄡˋ	[CNS]
𪺑	0	0	ㄔㄤˊ	[CNS]
𪺒	0	0	ㄩㄢˊ	[CNS]
𪺓	0	0	ㄉㄧㄥ	[CNS]
𪺓	0	0	ㄓㄥ	[CNS]
𪺔	0	0	ㄒㄩㄝˊ	[CNS]
𪺕	0	0	ㄒㄧˋ	[CNS]
𪺖	0	0	ㄋㄧㄥˊ	[CNS]
𪺗	0	0	ㄨㄢˊ	[CNS]
𪺘	0	0	ㄓㄣ	[CNS]
𪺘	0	0	ㄓㄥ	[CNS]
𪺙	0	0	ㄒㄧ	[CNS]
𪺚	0	0	ㄩˊ	[CNS]
𪺛	0	0	ㄈㄨˇ	[CNS]
𪺜	0	0	ㄧㄝˊ	[CNS]
𪺝	0	0	ㄓˋ	[CNS]
𪺞	0	0	ㄧㄢˊ	[CNS]
𪺟	0	0	ㄐㄧㄤ	[CNS]
𪺟	0	0	ㄓㄨㄤˋ	[CNS]
𪺠	0	0	ㄔㄨㄤ	[CNS]
𪺡	0	0	ㄌㄧㄡˊ	[CNS]
𪺢	0	0	ㄌㄨㄛˇ	[CNS]
𪺣	0	0	ㄕㄡˋ	[CNS]
𪺤	0	0	ㄅㄧㄝˊ	[CNS]
𪺥	0	0	ㄔㄨㄤ	[CNS]
𪺦	0	0	ㄌㄚˋ	[CNS]
𪺧	0	0	ㄐㄩㄝˊ	[CNS]
𪺨	0	0	ㄘㄨˋ	[CNS]
𪺩	0	0	ㄊㄨㄛ	[CNS]
𪺪	0	0	ㄌㄨㄥˊ	[CNS]
𪺫	0	0	ㄋㄞˇ	[CNS]
𪺬	0	0	ㄒㄩˋ	[CNS]
𪺭	0	0	ㄑㄧㄠˊ	[CNS]
𪺮	0	0	ㄑㄧㄢ	[CNS]
𪺯	0	0	ㄉㄢˋ	[CNS]
𪺰	0	0	ㄅㄟ	[CNS]
𪺱	0	0	ㄅㄟˋ	[CNS]
𪺲	0	0	ㄋㄨㄛˊ	[CNS]
𪺲	0	0	ㄏㄨㄟ	[CNS]
𪺳	0	0	ㄌㄧˊ	[CNS]
𪺴	0	0	ㄨㄥˇ	[CNS]
𪺵	0	0	ㄅㄟ	[CNS]
𪺶	0	0	ㄅㄧˋ	[CNS]
𪺷	0	0	ㄔㄨㄤˋ	[CNS]
𪺸	0	0	ㄔㄨˊ	[CNS]
𪺹	0	0	ㄋㄨˊ	[CNS]
𪺺	0	0	ㄊㄨㄢˊ	[CNS]
𪺻	0	0	ㄋㄨㄥˊ	[CNS]
𪺼	0	0	ㄔㄣˊ	[CNS]
𪺽	0	0	ㄧㄣˋ	[CNS]
𪺾	0	0	ㄞˊ	[CNS]
𪺿	0	0	ㄇㄣˊ	[CNS]
𪻀	0	0	ㄐㄧㄢ	[CNS]
𪻁	0	0	ㄅㄧㄥˋ	[CNS]
𪻂	0	0	ㄉㄨㄣˋ	[CNS]
𪻃	0	0	ㄌㄩˋ	[CNS]
𪻄	0	0	ㄇㄟˇ	[CNS]
𪻅	0	0	ㄩㄢˊ	[CNS]
𪻆	0	0	ㄇㄟˋ	[CNS]
𪻇	0	0	ㄓ	[CNS]
𪻈	0	0	ㄐㄧㄤˋ	[CNS]
𪻈	0	0	ㄑㄧㄤˊ	[CNS]
𪻉	0	0	ㄋㄢˊ	[CNS]
𪻊	0	0	ㄍㄣˋ	[CNS]
𪻋	0	0	ㄔㄨˊ	[CNS]
𪻌	0	0	ㄅㄠˋ	[CNS]
𪻍	0	0	ㄧㄡˋ	[CNS]
𪻎	0	0	ㄐㄩㄣˊ	[CNS]
𪻏	0	0	ㄐㄧˊ	[CNS]
𪻐	0	0	ㄘㄨㄥ	[CNS]
𪻑	0	0	ㄎㄥ	[CNS]
𪻒	0	0	ㄒㄧㄣ	[CNS]
𪻓	0	0	ㄏㄨㄛˇ	[CNS]
𪻔	0	0	ㄔㄣˊ	[CNS]
𪻕	0	0	ㄍㄨˇ	[CNS]
𪻖	0	0	ㄌㄧㄥˊ	[CNS]
𪻗	0	0	ㄑㄧㄚˋ	[CNS]
𪻘	0	0	ㄍㄣˋ	[CNS]
𪻙	0	0	ㄕˋ	[CNS]
𪻚	0	0	ㄞˋ	[CNS]
𪻛	0	0	ㄊㄨㄥˊ	[CNS]
𪻜	0	0	ㄒㄧㄡ	[CNS]
𪻝	0	0	ㄩˇ	[CNS]
𪻞	0	0	ㄏㄞˋ	[CNS]
𪻟	0	0	ㄅㄨˋ	[CNS]
𪻟	0	0	ㄈㄨ	[CNS]
𪻠	0	0	ㄋㄨㄥˋ	[CNS]
𪻡	0	0	ㄉㄡˋ	[CNS]
𪻢	0	0	ㄓㄜˊ	[CNS]
𪻣	0	0	ㄐㄩㄥˇ	[CNS]
𪻤	0	0	ㄅㄧㄥ	[CNS]
𪻥	0	0	ㄏㄥ	[CNS]
𪻦	0	0	ㄋㄞˋ	[CNS]
𪻧	0	0	ㄇㄨˋ	[CNS]
𪻨	0	0	ㄉㄨˊ	[CNS]
𪻩	0	0	ㄒㄧ	[CNS]
𪻪	0	0	ㄇㄧㄥˊ	[CNS]
𪻫	0	0	ㄨㄤˇ	[CNS]
𪻬	0	0	ㄩㄝˋ	[CNS]
𪻭	0	0	ㄒㄩㄢ	[CNS]
𪻮	0	0	ㄅㄢ	[CNS]
𪻯	0	0	ㄈㄤˋ	[CNS]
𪻰	0	0	ㄩㄣˇ	[CNS]
𪻱	0	0	ㄏㄢˊ	[CNS]
𪻲	0	0	ㄎㄨㄣ	[CNS]
𪻳	0	0	ㄋㄚˊ	[CNS]
𪻳	0	0	ㄋㄢˊ	[CNS]
𪻴	0	0	ㄑㄧㄣˊ	[CNS]
𪻶	0	0	ㄏㄡˋ	[CNS]
𪻷	0	0	ㄖㄨㄛˋ	[CNS]
𪻸	0	0	ㄎㄜ	[CNS]
𪻸	0	0	ㄏㄜˊ	[CNS]
𪻹	0	0	ㄒㄧㄥ	[CNS]
𪻺	0	0	ㄍㄨㄟ	[CNS]
𪻻	0	0	ㄒㄧㄥˇ	[CNS]
𪻻	0	0	ㄕㄥˇ	[CNS]
𪻼	0	0	ㄑㄩㄢˊ	[CNS]
𪻽	0	0	ㄖㄨㄥˊ	[CNS]
𪻾	0	0	ㄧㄢˋ	[CNS]
𪻿	0	0	ㄉㄨˋ	[CNS]
𪻿	0	0	ㄉㄨㄛˋ	[CNS]
𪼀	0	0	ㄉㄧˋ	[CNS]
𪼁	0	0	ㄧˋ	[CNS]
𪼂	0	0	ㄍㄨㄟˇ	[CNS]
𪼂	0	0	ㄍㄨㄟˋ	[CNS]
𪼃	0	0	ㄐㄧㄣ	[CNS]
𪼄	0	0	ㄩㄢˊ	[CNS]
𪼅	0	0	ㄓㄨㄛˊ	[CNS]
𪼇	0	0	ㄈㄥ	[CNS]
𪼈	0	0	ㄓㄣ	[CNS]
𪼉	0	0	ㄓㄣ	[CNS]
𪼊	0	0	ㄊㄨˊ	[CNS]
𪼋	0	0	ㄅㄧˇ	[CNS]
𪼌	0	0	ㄑㄩㄥˊ	[CNS]
𪼍	0	0	ㄒㄩㄢ	[CNS]
𪼎	0	0	ㄑㄧㄤ	[CNS]
𪼏	0	0	ㄙㄤ	[CNS]
𪼐	0	0	ㄕㄨㄤˇ	[CNS]
𪼑	0	0	ㄐㄧㄢ	[CNS]
𪼒	0	0	ㄨㄢˇ	[CNS]
𪼔	0	0	ㄩˊ	[CNS]
𪼕	0	0	ㄗㄨˊ	[CNS]
𪼖	0	0	ㄩˊ	[CNS]
𪼗	0	0	ㄨㄣˊ	[CNS]
𪼘	0	0	ㄒㄩㄢ	[CNS]
𪼚	0	0	ㄇㄧㄢˇ	[CNS]
𪼛	0	0	ㄐㄧˊ	[CNS]
𪼜	0	0	ㄒㄧˋ	[CNS]
𪼝	0	0	ㄐㄧㄡˋ	[CNS]
𪼞	0	0	ㄓˊ	[CNS]
𪼟	0	0	ㄒㄧ	[CNS]
𪼠	0	0	ㄅㄛ	[CNS]
𪼡	0	0	ㄐㄧㄤ	[CNS]
𪼢	0	0	ㄧˋ	[CNS]
𪼣	0	0	ㄠˋ	[CNS]
𪼤	0	0	ㄓㄢ	[CNS]
𪼥	0	0	ㄌㄧㄢˊ	[CNS]
𪼦	0	0	ㄧˋ	[CNS]
𪼧	0	0	ㄘㄤ	[CNS]
𪼨	0	0	ㄏㄨㄢˊ	[CNS]
𪼪	0	0	ㄆㄢˊ	[CNS]
𪼫	0	0	ㄓㄥˋ	[CNS]
𪼬	0	0	ㄌㄧㄥˊ	[CNS]
𪼭	0	0	ㄒㄧㄢˋ	[CNS]
𪼮	0	0	ㄏㄨㄢˊ	[CNS]
𪼯	0	0	ㄒㄧ	[CNS]
𪼰	0	0	ㄐㄩˇ	[CNS]
𪼱	0	0	ㄩㄣ	[CNS]
𪼲	0	0	ㄉㄤˇ	[CNS]
𪼳	0	0	ㄍㄨㄚ	[CNS]
𪼴	0	0	ㄔㄤˊ	[CNS]
𪼵	0	0	ㄏㄨˋ	[CNS]
𪼶	0	0	ㄙˋ	[CNS]
𪼷	0	0	ㄨㄤˊ	[CNS]
𪼸	0	0	ㄓㄡˋ	[CNS]
𪼹	0	0	ㄅㄣˇ	[CNS]
𪼺	0	0	ㄅㄧㄢ	[CNS]
𪼻	0	0	ㄐㄩˋ	[CNS]
𪼼	0	0	ㄕㄡˇ	[CNS]
𪼽	0	0	ㄓㄨㄟˋ	[CNS]
𪼾	0	0	ㄑㄩㄝˋ	[CNS]
𪼾	0	0	ㄒㄧˋ	[CNS]
𪼿	0	0	ㄧㄥ	[CNS]
𪽀	0	0	ㄐㄧˊ	[CNS]
𪽁	0	0	ㄅㄨˇ	[CNS]
𪽂	0	0	ㄊㄡˇ	[CNS]
𪽃	0	0	ㄈㄥˋ	[CNS]
𪽄	0	0	ㄕㄤˋ	[CNS]
𪽅	0	0	ㄉㄧˇ	[CNS]
𪽆	0	0	ㄈㄥ	[CNS]
𪽇	0	0	ㄋㄤˊ	[CNS]
𪽈	0	0	ㄔㄤˋ	[CNS]
𪽉	0	0	ㄨㄟˋ	[CNS]
𪽊	0	0	ㄩㄢˊ	[CNS]
𪽋	0	0	ㄌㄧㄡˊ	[CNS]
𪽌	0	0	ㄨㄣˊ	[CNS]
𪽍	0	0	ㄎㄜ	[CNS]
𪽎	0	0	ㄎㄜˇ	[CNS]
𪽏	0	0	ㄌㄧㄥˋ	[CNS]
𪽐	0	0	ㄐㄧㄝˋ	[CNS]
𪽑	0	0	ㄨㄟˋ	[CNS]
𪽒	0	0	ㄔㄨㄥ	[CNS]
𪽓	0	0	ㄇㄡˇ	[CNS]
𪽔	0	0	ㄐㄧㄢˋ	[CNS]
𪽔	0	0	ㄒㄧㄢˋ	[CNS]
𪽕	0	0	ㄅㄠ	[CNS]
𪽖	0	0	ㄋㄚˋ	[CNS]
𪽗	0	0	ㄨㄟˇ	[CNS]
𪽘	0	0	ㄌㄨˋ	[CNS]
𪽙	0	0	ㄈㄥˋ	[CNS]
𪽚	0	0	ㄐㄧ	[CNS]
𪽚	0	0	ㄑㄧˊ	[CNS]
𪽛	0	0	ㄉㄧㄢˋ	[CNS]
𪽜	0	0	ㄒㄧㄚˊ	[CNS]
𪽜	0	0	ㄒㄧㄚˋ	[CNS]
𪽝	0	0	ㄅㄚˋ	[CNS]
𪽞	0	0	ㄌㄨㄥˊ	[CNS]
𪽟	0	0	ㄍㄨㄢ	[CNS]
𪽠	0	0	ㄧㄡˊ	[CNS]
𪽡	0	0	ㄈㄢ	[CNS]
𪽢	0	0	ㄐㄧㄠ	[CNS]
𪽣	0	0	ㄔㄨㄥˇ	[CNS]
𪽤	0	0	ㄉㄧㄝˊ	[CNS]
𪽥	0	0	ㄆㄧˊ	[CNS]
𪽦	0	0	ㄒㄧ	[CNS]
𪽧	0	0	ㄔㄨˋ	[CNS]
𪽨	0	0	ㄉㄞˇ	[CNS]
𪽩	0	0	ㄖㄥˊ	[CNS]
𪽪	0	0	ㄓㄤˋ	[CNS]
𪽫	0	0	ㄓㄨㄚˇ	[CNS]
𪽬	0	0	ㄨㄟˋ	[CNS]
𪽭	0	0	ㄐㄧㄢˋ	[CNS]
𪽮	0	0	ㄌㄨˊ	[CNS]
𪽯	0	0	ㄕㄨㄚ	[CNS]
𪽰	0	0	ㄒㄩˇ	[CNS]
𪽱	0	0	ㄑㄩㄥˊ	[CNS]
𪽲	0	0	ㄅㄧㄥˋ	[CNS]
𪽳	0	0	ㄧㄠˋ	[CNS]
𪽴	0	0	ㄕㄜˋ	[CNS]
𪽵	0	0	ㄍㄨ	[CNS]
𪽶	0	0	ㄍㄜˊ	[CNS]
𪽷	0	0	ㄧˋ	[CNS]
𪽸	0	0	ㄩㄝˋ	[CNS]
𪽹	0	0	ㄍㄨㄥ	[CNS]
𪽺	0	0	ㄑㄧˋ	[CNS]
𪽻	0	0	ㄇㄨˋ	[CNS]
𪽼	0	0	ㄨㄣˊ	[CNS]
𪽽	0	0	ㄑㄧㄠ	[CNS]
𪽾	0	0	ㄅㄛˊ	[CNS]
𪽿	0	0	ㄨㄢˇ	[CNS]
𪾀	0	0	ㄩˋ	[CNS]
𪾁	0	0	ㄈㄚˊ	[CNS]
𪾂	0	0	ㄏㄨㄤˋ	[CNS]
𪾃	0	0	ㄨㄟˊ	[CNS]
𪾄	0	0	ㄧㄣ	[CNS]
𪾅	0	0	ㄒㄧ	[CNS]
𪾆	0	0	ㄆㄛ	[CNS]
𪾇	0	0	ㄆㄧ	[CNS]
𪾈	0	0	ㄧㄠ	[CNS]
𪾈	0	0	ㄧㄠˋ	[CNS]
𪾉	0	0	ㄒㄧㄝˊ	[CNS]
𪾉	0	0	ㄧㄝˊ	[CNS]
𪾊	0	0	ㄆㄢˊ	[CNS]
𪾋	0	0	ㄍㄢˇ	[CNS]
𪾋	0	0	ㄐㄧㄢ	[CNS]
𪾌	0	0	ㄒㄧㄚˇ	[CNS]
𪾌	0	0	ㄜˇ	[CNS]
𪾍	0	0	ㄒㄩㄥ	[CNS]
𪾎	0	0	ㄨㄢˇ	[CNS]
𪾏	0	0	ㄧㄡˇ	[CNS]
𪾐	0	0	ㄇㄧㄢˇ	[CNS]
𪾑	0	0	ㄈㄢˋ	[CNS]
𪾒	0	0	ㄓㄨㄥ	[CNS]
𪾓	0	0	ㄔㄥˊ	[CNS]
𪾓	0	0	ㄕㄥˋ	[CNS]
𪾔	0	0	ㄒㄩˇ	[CNS]
𪾕	0	0	ㄏㄨㄢˇ	[CNS]
𪾕	0	0	ㄨㄢˇ	[CNS]
𪾖	0	0	ㄉㄧㄠ	[CNS]
𪾗	0	0	ㄈㄢˋ	[CNS]
𪾘	0	0	ㄆㄧㄥˊ	[CNS]
𪾙	0	0	ㄋㄨㄥˊ	[CNS]
𪾚	0	0	ㄗㄡˇ	[CNS]
𪾛	0	0	ㄇㄟˋ	[CNS]
𪾜	0	0	ㄉㄨˋ	[CNS]
𪾝	0	0	ㄆㄢˊ	[CNS]
𪾝	0	0	ㄒㄧㄠ	[CNS]
𪾞	0	0	ㄌㄧㄤˊ	[CNS]
𪾟	0	0	ㄖㄨˇ	[CNS]
𪾠	0	0	ㄓㄨㄛˊ	[CNS]
𪾡	0	0	ㄌㄨㄥˊ	[CNS]
𪾣	0	0	ㄓㄨˋ	[CNS]
𪾤	0	0	ㄨˋ	[CNS]
𪾥	0	0	ㄏㄠˋ	[CNS]
𪾦	0	0	ㄌㄨˊ	[CNS]
𪾧	0	0	ㄌㄧㄥˊ	[CNS]
𪾨	0	0	ㄒㄩ	[CNS]
𪾩	0	0	ㄒㄩ	[CNS]
𪾩	0	0	ㄩˇ	[CNS]
𪾪	0	0	ㄘˋ	[CNS]
𪾫	0	0	ㄒㄩˋ	[CNS]
𪾬	0	0	ㄌㄨㄢˋ	[CNS]
𪾭	0	0	ㄌㄧㄣˊ	[CNS]
𪾮	0	0	ㄔㄥˇ	[CNS]
𪾯	0	0	ㄒㄧㄣ	[CNS]
𪾰	0	0	ㄆㄤˋ	[CNS]
𪾱	0	0	ㄒㄧㄥˇ	[CNS]
𪾱	0	0	ㄕㄥˇ	[CNS]
𪾲	0	0	ㄢˋ	[CNS]
𪾳	0	0	ㄨㄟˋ	[CNS]
𪾴	0	0	ㄕˇ	[CNS]
𪾵	0	0	ㄙㄨˋ	[CNS]
𪾶	0	0	ㄕㄨㄟˋ	[CNS]
𪾷	0	0	ㄐㄩㄢˋ	[CNS]
𪾷	0	0	ㄐㄩㄣˋ	[CNS]
𪾸	0	0	ㄆㄧㄣˊ	[CNS]
𪾹	0	0	ㄉㄞˋ	[CNS]
𪾺	0	0	ㄇㄧˋ	[CNS]
𪾻	0	0	ㄑㄩㄝˋ	[CNS]
𪾼	0	0	ㄧ	[CNS]
𪾽	0	0	ㄇㄧㄣˇ	[CNS]
𪾾	0	0	ㄉㄚˊ	[CNS]
𪾿	0	0	ㄆㄨˇ	[CNS]
𪿀	0	0	ㄩˋ	[CNS]
𪿁	0	0	ㄌㄨㄥˊ	[CNS]
𪿂	0	0	ㄓㄥ	[CNS]
𪿃	0	0	ㄒㄩㄣˊ	[CNS]
𪿄	0	0	ㄌㄨㄥˇ	[CNS]
𪿄	0	0	ㄌㄨㄥˊ	[CNS]
𪿅	0	0	ㄧㄥ	[CNS]
𪿆	0	0	ㄐㄧㄣ	[CNS]
𪿇	0	0	ㄐㄩㄢ	[CNS]
𪿈	0	0	ㄓˊ	[CNS]
𪿉	0	0	ㄕㄠˇ	[CNS]
𪿊	0	0	ㄧㄚˋ	[CNS]
𪿋	0	0	ㄐㄧ	[CNS]
𪿋	0	0	ㄐㄧˋ	[CNS]
𪿋	0	0	ㄑㄧˊ	[CNS]
𪿌	0	0	ㄖㄡˊ	[CNS]
𪿍	0	0	ㄅㄧㄝˊ	[CNS]
𪿎	0	0	ㄕㄜˋ	[CNS]
𪿏	0	0	ㄌㄨㄣˊ	[CNS]
𪿐	0	0	ㄕㄨ	[CNS]
𪿑	0	0	ㄎㄤ	[CNS]
𪿒	0	0	ㄒㄧㄚˊ	[CNS]
𪿓	0	0	ㄍㄨㄥ	[CNS]
𪿔	0	0	ㄨˊ	[CNS]
𪿕	0	0	ㄕㄠˋ	[CNS]
𪿖	0	0	ㄒㄩㄢˊ	[CNS]
𪿗	0	0	ㄋㄧˊ	[CNS]
𪿘	0	0	ㄊㄞˊ	[CNS]
𪿙	0	0	ㄊㄢˋ	[CNS]
𪿚	0	0	ㄙˋ	[CNS]
𪿛	0	0	ㄉㄨˊ	[CNS]
𪿜	0	0	ㄅㄧㄢ	[CNS]
𪿝	0	0	ㄏㄨˊ	[CNS]
𪿝	0	0	ㄑㄩㄝˋ	[CNS]
𪿝	0	0	ㄒㄩㄝˊ	[CNS]
𪿞	0	0	ㄔㄡˊ	[CNS]
𪿟	0	0	ㄓㄣ	[CNS]
𪿠	0	0	ㄕㄠ	[CNS]
𪿠	0	0	ㄧㄝˋ	[CNS]
𪿡	0	0	ㄒㄧㄚˋ	[CNS]
𪿢	0	0	ㄅㄧˋ	[CNS]
𪿢	0	0	ㄆㄧˋ	[CNS]
𪿣	0	0	ㄋㄚˋ	[CNS]
𪿤	0	0	ㄆㄠˋ	[CNS]
𪿥	0	0	ㄇㄟˊ	[CNS]
𪿦	0	0	ㄅㄧㄠˇ	[CNS]
𪿧	0	0	ㄑㄩㄢˊ	[CNS]
𪿨	0	0	ㄅㄟ	[CNS]
𪿩	0	0	ㄐㄧ	[CNS]
𪿩	0	0	ㄐㄩ	[CNS]
𪿪	0	0	ㄅㄞˋ	[CNS]
𪿫	0	0	ㄆㄠˋ	[CNS]
𪿬	0	0	ㄧㄢ	[CNS]
𪿭	0	0	ㄐㄧㄚ	[CNS]
𪿮	0	0	ㄖㄨㄥˊ	[CNS]
𪿯	0	0	ㄓㄨㄟˋ	[CNS]
𪿰	0	0	ㄉㄧㄢ	[CNS]
𪿱	0	0	ㄆㄢˊ	[CNS]
𪿲	0	0	ㄧㄠˊ	[CNS]
𪿳	0	0	ㄇㄛˊ	[CNS]
𪿴	0	0	ㄔㄢˇ	[CNS]
𪿵	0	0	ㄋㄧㄢˇ	[CNS]
𪿶	0	0	ㄐㄧㄝˊ	[CNS]
𪿷	0	0	ㄇㄟˊ	[CNS]
𪿸	0	0	ㄌㄟˇ	[CNS]
𪿹	0	0	ㄩˊ	[CNS]
𪿺	0	0	ㄒㄧㄣ	[CNS]
𪿻	0	0	ㄌㄢˊ	[CNS]
𪿼	0	0	ㄐㄩˋ	[CNS]
𪿽	0	0	ㄌㄨㄣˊ	[CNS]
𪿾	0	0	ㄈㄢ	[CNS]
𪿿	0	0	ㄧㄢˊ	[CNS]
𫀀	0	0	ㄍㄨㄥ	[CNS]
𫀁	0	0	ㄋㄩˇ	[CNS]
𫀂	0	0	ㄓㄞ	[CNS]
𫀃	0	0	ㄋㄚˋ	[CNS]
𫀄	0	0	ㄔㄥˊ	[CNS]
𫀅	0	0	ㄓㄢˋ	[CNS]
𫀆	0	0	ㄆㄠˊ	[CNS]
𫀇	0	0	ㄨㄚˋ	[CNS]
𫀈	0	0	ㄊㄨㄥˇ	[CNS]
𫀉	0	0	ㄒㄩˋ	[CNS]
𫀊	0	0	ㄧ	[CNS]
𫀋	0	0	ㄒㄧㄝˊ	[CNS]
𫀌	0	0	ㄙ	[CNS]
𫀍	0	0	ㄧˋ	[CNS]
𫀎	0	0	ㄧㄢˊ	[CNS]
𫀏	0	0	ㄨㄢˊ	[CNS]
𫀐	0	0	ㄨˇ	[CNS]
𫀑	0	0	ㄓㄨㄛˊ	[CNS]
𫀒	0	0	ㄊㄧˋ	[CNS]
𫀓	0	0	ㄇㄧㄣˇ	[CNS]
𫀔	0	0	ㄇㄡˇ	[CNS]
𫀕	0	0	ㄔㄥˇ	[CNS]
𫀕	0	0	ㄧㄥˇ	[CNS]
𫀖	0	0	ㄔˇ	[CNS]
𫀗	0	0	ㄦˊ	[CNS]
𫀘	0	0	ㄌㄨˋ	[CNS]
𫀙	0	0	ㄕㄜˋ	[CNS]
𫀚	0	0	ㄨㄣ	[CNS]
𫀚	0	0	ㄩㄣˇ	[CNS]
𫀛	0	0	ㄏㄢˊ	[CNS]
𫀜	0	0	ㄑㄧㄣˊ	[CNS]
𫀝	0	0	ㄕㄜˋ	[CNS]
𫀞	0	0	ㄑㄧㄤ	[CNS]
𫀞	0	0	ㄔㄥ	[CNS]
𫀟	0	0	ㄙˋ	[CNS]
𫀠	0	0	ㄔㄤˊ	[CNS]
𫀡	0	0	ㄔㄡˋ	[CNS]
𫀢	0	0	ㄨㄟˊ	[CNS]
𫀣	0	0	ㄐㄧ	[CNS]
𫀤	0	0	ㄧㄢˊ	[CNS]
𫀥	0	0	ㄒㄧˊ	[CNS]
𫀦	0	0	ㄕㄨˋ	[CNS]
𫀧	0	0	ㄏㄜˊ	[CNS]
𫀨	0	0	ㄐㄧㄢˇ	[CNS]
𫀩	0	0	ㄨˇ	[CNS]
𫀪	0	0	ㄊㄧㄢˊ	[CNS]
𫀫	0	0	ㄩㄝˋ	[CNS]
𫀬	0	0	ㄓㄡ	[CNS]
𫀬	0	0	ㄔㄨˊ	[CNS]
𫀭	0	0	ㄌㄧˊ	[CNS]
𫀮	0	0	ㄉㄤˇ	[CNS]
𫀯	0	0	ㄐㄧ	[CNS]
𫀯	0	0	ㄒㄩˋ	[CNS]
𫀰	0	0	ㄊㄧㄠˊ	[CNS]
𫀱	0	0	ㄏㄡˋ	[CNS]
𫀲	0	0	ㄕㄨㄟˋ	[CNS]
𫀳	0	0	ㄧㄣˋ	[CNS]
𫀴	0	0	ㄋㄧㄝ	[CNS]
𫀵	0	0	ㄍㄞˋ	[CNS]
𫀶	0	0	ㄨㄢˊ	[CNS]
𫀷	0	0	ㄖㄣˇ	[CNS]
𫀸	0	0	ㄐㄩˊ	[CNS]
𫀹	0	0	ㄇㄧㄥˊ	[CNS]
𫀺	0	0	ㄌㄧˊ	[CNS]
𫀻	0	0	ㄍㄥ	[CNS]
𫀼	0	0	ㄗㄨㄥˇ	[CNS]
𫀼	0	0	ㄙ	[CNS]
𫀽	0	0	ㄩˊ	[CNS]
𫀾	0	0	ㄇㄨˋ	[CNS]
𫀿	0	0	ㄔㄨㄢˊ	[CNS]
𫁀	0	0	ㄐㄧㄢˋ	[CNS]
𫁁	0	0	ㄗ	[CNS]
𫁂	0	0	ㄅㄚˋ	[CNS]
𫁃	0	0	ㄉㄠˋ	[CNS]
𫁄	0	0	ㄒㄧㄠ	[CNS]
𫁅	0	0	ㄓㄣ	[CNS]
𫁆	0	0	ㄩㄣ	[CNS]
𫁇	0	0	ㄇㄨˋ	[CNS]
𫁈	0	0	ㄧˋ	[CNS]
𫁉	0	0	ㄋㄧˇ	[CNS]
𫁉	0	0	ㄦ˙	[CNS]
𫁊	0	0	ㄈㄤ	[CNS]
𫁋	0	0	ㄐㄩㄥ	[CNS]
𫁌	0	0	ㄗㄞˋ	[CNS]
𫁍	0	0	ㄐㄧˊ	[CNS]
𫁎	0	0	ㄎㄨㄥˇ	[CNS]
𫁏	0	0	ㄙㄨㄥ	[CNS]
𫁐	0	0	ㄇㄧㄠˋ	[CNS]
𫁑	0	0	ㄓㄨㄥ	[CNS]
𫁒	0	0	ㄏㄜˋ	[CNS]
𫁒	0	0	ㄏㄠˊ	[CNS]
𫁓	0	0	ㄦˋ	[CNS]
𫁔	0	0	ㄎㄨㄤˊ	[CNS]
𫁕	0	0	ㄇㄧㄢˇ	[CNS]
𫁖	0	0	ㄍㄨㄟˇ	[CNS]
𫁗	0	0	ㄎㄨ	[CNS]
𫁘	0	0	ㄗㄠˋ	[CNS]
𫁙	0	0	ㄓㄨㄛˊ	[CNS]
𫁚	0	0	ㄏㄨˊ	[CNS]
𫁛	0	0	ㄌㄨㄣˊ	[CNS]
𫁜	0	0	ㄊㄨˊ	[CNS]
𫁝	0	0	ㄑㄧㄝˋ	[CNS]
𫁞	0	0	ㄌㄧˋ	[CNS]
𫁟	0	0	ㄓㄨㄢˇ	[CNS]
𫁠	0	0	ㄘㄜˋ	[CNS]
𫁡	0	0	ㄌㄧˋ	[CNS]
𫁢	0	0	ㄓㄨˋ	[CNS]
𫁣	0	0	ㄐㄧㄠˇ	[CNS]
𫁤	0	0	ㄅㄢ	[CNS]
𫁦	0	0	ㄐㄧ	[CNS]
𫁦	0	0	ㄐㄩ	[CNS]
𫁧	0	0	ㄉㄞˋ	[CNS]
𫁨	0	0	ㄨㄟˊ	[CNS]
𫁩	0	0	ㄧˋ	[CNS]
𫁩	0	0	ㄩˋ	[CNS]
𫁪	0	0	ㄌㄧˋ	[CNS]
𫁫	0	0	ㄐㄧㄤˋ	[CNS]
𫁫	0	0	ㄒㄧㄤ	[CNS]
𫁬	0	0	ㄕㄤ	[CNS]
𫁭	0	0	ㄌㄠˊ	[CNS]
𫁮	0	0	ㄦ˙	[CNS]
𫁯	0	0	ㄓㄤ	[CNS]
𫁰	0	0	ㄅㄨˇ	[CNS]
𫁱	0	0	ㄨㄟˋ	[CNS]
𫁲	0	0	ㄨˊ	[CNS]
𫁳	0	0	ㄨㄟˇ	[CNS]
𫁴	0	0	ㄖㄣˊ	[CNS]
𫁵	0	0	ㄉㄡˇ	[CNS]
𫁶	0	0	ㄔˇ	[CNS]
𫁷	0	0	ㄕㄨㄤ	[CNS]
𫁸	0	0	ㄇㄠˋ	[CNS]
𫁹	0	0	ㄍㄨ	[CNS]
𫁺	0	0	ㄧㄝˋ	[CNS]
𫁻	0	0	ㄐㄧㄢˋ	[CNS]
𫁻	0	0	ㄗˇ	[CNS]
𫁼	0	0	ㄈㄢˊ	[CNS]
𫁽	0	0	ㄐㄧㄣˋ	[CNS]
𫁾	0	0	ㄓㄨㄢˋ	[CNS]
𫁿	0	0	ㄔㄜ	[CNS]
𫂀	0	0	ㄅㄠ	[CNS]
𫂁	0	0	ㄇㄛˋ	[CNS]
𫂂	0	0	ㄇㄟˊ	[CNS]
𫂃	0	0	ㄇㄧㄣˇ	[CNS]
𫂄	0	0	ㄈㄢˋ	[CNS]
𫂅	0	0	ㄈㄨˊ	[CNS]
𫂆	0	0	ㄍㄨㄛˊ	[CNS]
𫂆	0	0	ㄍㄨㄟˋ	[CNS]
𫂇	0	0	ㄉㄧ	[CNS]
𫂈	0	0	ㄈㄟˋ	[CNS]
𫂉	0	0	ㄐㄧㄝˊ	[CNS]
𫂊	0	0	ㄐㄧㄡˋ	[CNS]
𫂋	0	0	ㄇㄡˇ	[CNS]
𫂌	0	0	ㄅㄧˇ	[CNS]
𫂍	0	0	ㄉㄧㄢˋ	[CNS]
𫂎	0	0	ㄙㄨㄣˇ	[CNS]
𫂏	0	0	ㄨㄢˊ	[CNS]
𫂐	0	0	ㄊㄞˋ	[CNS]
𫂑	0	0	ㄧㄢ	[CNS]
𫂒	0	0	ㄓㄨ	[CNS]
𫂓	0	0	ㄑㄧˊ	[CNS]
𫂔	0	0	ㄇㄧㄝˋ	[CNS]
𫂕	0	0	ㄅㄟˋ	[CNS]
𫂖	0	0	ㄞˋ	[CNS]
𫂗	0	0	ㄇㄧˊ	[CNS]
𫂘	0	0	ㄧㄡˇ	[CNS]
𫂙	0	0	ㄔˋ	[CNS]
𫂛	0	0	ㄌㄧㄥˇ	[CNS]
𫂜	0	0	ㄎㄨㄞˋ	[CNS]
𫂝	0	0	ㄇㄥˋ	[CNS]
𫂞	0	0	ㄎㄤ	[CNS]
𫂟	0	0	ㄇㄚˊ	[CNS]
𫂠	0	0	ㄏㄨㄟˋ	[CNS]
𫂡	0	0	ㄐㄧˊ	[CNS]
𫂢	0	0	ㄏㄨㄢˋ	[CNS]
𫂣	0	0	ㄑㄧˊ	[CNS]
𫂤	0	0	ㄒㄧㄤˋ	[CNS]
𫂥	0	0	ㄐㄧㄚˇ	[CNS]
𫂦	0	0	ㄗㄨㄥ	[CNS]
𫂧	0	0	ㄐㄧˊ	[CNS]
𫂨	0	0	ㄈㄨˊ	[CNS]
𫂩	0	0	ㄈㄨˋ	[CNS]
𫂪	0	0	ㄒㄧㄠˋ	[CNS]
𫂫	0	0	ㄗㄨㄣ	[CNS]
𫂬	0	0	ㄏㄥˊ	[CNS]
𫂭	0	0	ㄊㄥˊ	[CNS]
𫂮	0	0	ㄐㄧ	[CNS]
𫂯	0	0	ㄧㄥˊ	[CNS]
𫂰	0	0	ㄑㄧㄢˊ	[CNS]
𫂱	0	0	ㄙㄨˋ	[CNS]
𫂲	0	0	ㄋㄞˇ	[CNS]
𫂳	0	0	ㄇㄧˇ	[CNS]
𫂴	0	0	ㄔ	[CNS]
𫂵	0	0	ㄈㄢ	[CNS]
𫂶	0	0	ㄈㄥ	[CNS]
𫂷	0	0	ㄓㄢ	[CNS]
𫂸	0	0	ㄗㄚ	[CNS]
𫂹	0	0	ㄕˊ	[CNS]
𫂺	0	0	ㄈㄢ	[CNS]
𫂻	0	0	ㄉㄠˋ	[CNS]
𫂼	0	0	ㄓˇ	[CNS]
𫂽	0	0	ㄒㄧㄢˋ	[CNS]
𫂾	0	0	ㄎㄨㄣˇ	[CNS]
𫂾	0	0	ㄧㄢ	[CNS]
𫂿	0	0	ㄙㄚˋ	[CNS]
𫃀	0	0	ㄢ	[CNS]
𫃁	0	0	ㄑㄧㄡˊ	[CNS]
𫃂	0	0	ㄗㄡ	[CNS]
𫃃	0	0	ㄑㄧㄡ	[CNS]
𫃄	0	0	ㄘㄨㄥ	[CNS]
𫃅	0	0	ㄌㄧㄣˇ	[CNS]
𫃆	0	0	ㄕˋ	[CNS]
𫃇	0	0	ㄑㄧˋ	[CNS]
𫃈	0	0	ㄧㄡˊ	[CNS]
𫃉	0	0	ㄊㄨㄣˊ	[CNS]
𫃊	0	0	ㄌㄠˇ	[CNS]
𫃋	0	0	ㄓㄣ	[CNS]
𫃌	0	0	ㄓㄢˇ	[CNS]
𫃍	0	0	ㄩㄥ	[CNS]
𫃎	0	0	ㄇㄚˊ	[CNS]
𫃏	0	0	ㄐㄧㄥˇ	[CNS]
𫃐	0	0	ㄇㄣˋ	[CNS]
𫃑	0	0	ㄌㄠˊ	[CNS]
𫃒	0	0	ㄕㄣˋ	[CNS]
𫃒	0	0	ㄖㄣˋ	[CNS]
𫃓	0	0	ㄓㄨㄚ	[CNS]
𫃔	0	0	ㄐㄩㄢˇ	[CNS]
𫃕	0	0	ㄘˊ	[CNS]
𫃖	0	0	ㄐㄧㄝˊ	[CNS]
𫃗	0	0	ㄐㄩ	[CNS]
𫃘	0	0	ㄅㄢˋ	[CNS]
𫃙	0	0	ㄊㄧˋ	[CNS]
𫃚	0	0	ㄅㄨˇ	[CNS]
𫃛	0	0	ㄧㄣˋ	[CNS]
𫃜	0	0	ㄎㄡˋ	[CNS]
𫃝	0	0	ㄧˋ	[CNS]
𫃞	0	0	ㄓㄨㄥˋ	[CNS]
𫃟	0	0	ㄨㄚˋ	[CNS]
𫃠	0	0	ㄐㄩㄝˊ	[CNS]
𫃡	0	0	ㄌㄧˋ	[CNS]
𫃢	0	0	ㄒㄧㄡ	[CNS]
𫃣	0	0	ㄗˋ	[CNS]
𫃤	0	0	ㄖㄨˇ	[CNS]
𫃥	0	0	ㄊㄧˊ	[CNS]
𫃦	0	0	ㄗㄨˇ	[CNS]
𫃧	0	0	ㄕㄥˊ	[CNS]
𫃨	0	0	ㄕㄥˊ	[CNS]
𫃩	0	0	ㄋㄧㄡ	[CNS]
𫃪	0	0	ㄗㄠˇ	[CNS]
𫃫	0	0	ㄑㄧˊ	[CNS]
𫃬	0	0	ㄕㄨˊ	[CNS]
𫃭	0	0	ㄙㄨㄟ	[CNS]
𫃭	0	0	ㄙㄨㄟˊ	[CNS]
𫃮	0	0	ㄨㄤˇ	[CNS]
𫃯	0	0	ㄒㄧㄡˋ	[CNS]
𫃰	0	0	ㄕㄢ	[CNS]
𫃰	0	0	ㄙㄠ	[CNS]
𫃱	0	0	ㄌㄨˋ	[CNS]
𫃱	0	0	ㄌㄩˋ	[CNS]
𫃲	0	0	ㄓㄡˇ	[CNS]
𫃳	0	0	ㄉㄧˋ	[CNS]
𫃴	0	0	ㄏㄨㄢˋ	[CNS]
𫃵	0	0	ㄌㄩˇ	[CNS]
𫃶	0	0	ㄌㄨㄛˋ	[CNS]
𫃷	0	0	ㄇㄟˊ	[CNS]
𫃸	0	0	ㄋㄨㄛˊ	[CNS]
𫃸	0	0	ㄏㄨㄟ	[CNS]
𫃹	0	0	ㄊㄠˊ	[CNS]
𫃺	0	0	ㄩㄢ	[CNS]
𫃻	0	0	ㄖㄨㄥˊ	[CNS]
𫃼	0	0	ㄌㄧㄠˋ	[CNS]
𫃽	0	0	ㄒㄩㄝˇ	[CNS]
𫃾	0	0	ㄈㄨˊ	[CNS]
𫃿	0	0	ㄘㄞˇ	[CNS]
𫄀	0	0	ㄗˇ	[CNS]
𫄀	0	0	ㄗㄞˇ	[CNS]
𫄁	0	0	ㄇㄥˊ	[CNS]
𫄂	0	0	ㄅㄧˇ	[CNS]
𫄃	0	0	ㄉㄨㄣ	[CNS]
𫄄	0	0	ㄌㄩˇ	[CNS]
𫄅	0	0	ㄏㄢˋ	[CNS]
𫄆	0	0	ㄙㄨㄟˋ	[CNS]
𫄇	0	0	ㄗㄞˋ	[CNS]
𫄈	0	0	ㄌㄨㄛˋ	[CNS]
𫄉	0	0	ㄌㄨˋ	[CNS]
𫄊	0	0	ㄌㄧㄣˇ	[CNS]
𫄋	0	0	ㄕ	[CNS]
𫄌	0	0	ㄙㄨㄟ	[CNS]
𫄍	0	0	ㄈㄥˋ	[CNS]
𫄎	0	0	ㄌㄩˇ	[CNS]
𫄏	0	0	ㄓㄣ	[CNS]
𫄐	0	0	ㄆㄞˊ	[CNS]
𫄑	0	0	ㄋㄟˇ	[CNS]
𫄒	0	0	ㄌㄧㄣˊ	[CNS]
𫄓	0	0	ㄇㄛˋ	[CNS]
𫄔	0	0	ㄌㄧㄢˊ	[CNS]
𫄕	0	0	ㄗˇ	[CNS]
𫄖	0	0	ㄔㄢˊ	[CNS]
𫄗	0	0	ㄉㄤˇ	[CNS]
𫄘	0	0	ㄊㄥˊ	[CNS]
𫄙	0	0	ㄐㄧㄡ	[CNS]
𫄙	0	0	ㄐㄧㄡˇ	[CNS]
𫄚	0	0	ㄏㄨˋ	[CNS]
𫄛	0	0	ㄐㄧㄣ	[CNS]
𫄜	0	0	ㄇㄠˋ	[CNS]
𫄝	0	0	ㄉㄧㄠˋ	[CNS]
𫄞	0	0	ㄅㄧˋ	[CNS]
𫄟	0	0	ㄐㄩㄝˊ	[CNS]
𫄟	0	0	ㄕ	[CNS]
𫄠	0	0	ㄍㄥ	[CNS]
𫄠	0	0	ㄏㄨㄢˊ	[CNS]
𫄡	0	0	ㄉㄨㄥˋ	[CNS]
𫄡	0	0	ㄊㄨㄥ	[CNS]
𫄡	0	0	ㄊㄨㄥˊ	[CNS]
𫄢	0	0	ㄈㄨˊ	[CNS]
𫄣	0	0	ㄋㄨㄥˇ	[CNS]
𫄤	0	0	ㄉㄚˊ	[CNS]
𫄥	0	0	ㄕˇ	[CNS]
𫄦	0	0	ㄐㄧㄝˊ	[CNS]
𫄩	0	0	ㄈㄢˊ	[CNS]
𫄪	0	0	ㄙㄤ	[CNS]
𫄫	0	0	ㄌㄧˋ	[CNS]
𫄬	0	0	ㄒㄧㄝˋ	[CNS]
𫄭	0	0	ㄈㄨˋ	[CNS]
𫄮	0	0	ㄊㄧㄥˊ	[CNS]
𫄯	0	0	ㄘㄜˋ	[CNS]
𫄰	0	0	ㄅㄤ	[CNS]
𫄱	0	0	ㄙㄜˋ	[CNS]
𫄲	0	0	ㄇㄛˋ	[CNS]
𫄲	0	0	ㄇㄨˋ	[CNS]
𫄳	0	0	ㄕˇ	[CNS]
𫄴	0	0	ㄌㄩˋ	[CNS]
𫄵	0	0	ㄅㄥ	[CNS]
𫄶	0	0	ㄑㄧㄤˇ	[CNS]
𫄹	0	0	ㄒㄧ	[CNS]
𫄹	0	0	ㄗㄨㄟ	[CNS]
𫄺	0	0	ㄔㄥˊ	[CNS]
𫄻	0	0	ㄉㄨㄟˋ	[CNS]
𫄼	0	0	ㄇㄡˇ	[CNS]
𫄽	0	0	ㄐㄧㄣˋ	[CNS]
𫄾	0	0	ㄧㄠˊ	[CNS]
𫄿	0	0	ㄐㄧㄥˋ	[CNS]
𫅀	0	0	ㄩㄝˋ	[CNS]
𫅁	0	0	ㄏㄨㄚˋ	[CNS]
𫅂	0	0	ㄍㄨˇ	[CNS]
𫅃	0	0	ㄓㄠˋ	[CNS]
𫅄	0	0	ㄗㄨㄟˋ	[CNS]
𫅅	0	0	ㄐㄧˊ	[CNS]
𫅆	0	0	ㄑㄧ	[CNS]
𫅇	0	0	ㄎㄜˋ	[CNS]
𫅈	0	0	ㄒㄩㄢˊ	[CNS]
𫅉	0	0	ㄆㄟˋ	[CNS]
𫅊	0	0	ㄅㄧˇ	[CNS]
𫅋	0	0	ㄏㄨㄟˋ	[CNS]
𫅌	0	0	ㄉㄨㄛˊ	[CNS]
𫅍	0	0	ㄌㄨㄥˊ	[CNS]
𫅎	0	0	ㄍㄤ	[CNS]
𫅏	0	0	ㄔㄚ	[CNS]
𫅐	0	0	ㄧㄤˋ	[CNS]
𫅑	0	0	ㄉㄚˊ	[CNS]
𫅒	0	0	ㄉㄧ	[CNS]
𫅓	0	0	ㄕㄢ	[CNS]
𫅔	0	0	ㄧㄤˇ	[CNS]
𫅕	0	0	ㄉㄧ	[CNS]
𫅖	0	0	ㄎㄡˋ	[CNS]
𫅗	0	0	ㄈㄣˊ	[CNS]
𫅘	0	0	ㄐㄧㄚ	[CNS]
𫅙	0	0	ㄍㄤ	[CNS]
𫅚	0	0	ㄅㄧㄥˇ	[CNS]
𫅛	0	0	ㄅㄥ	[CNS]
𫅜	0	0	ㄌㄧㄥˋ	[CNS]
𫅝	0	0	ㄉㄢˇ	[CNS]
𫅞	0	0	ㄌㄧㄤˊ	[CNS]
𫅟	0	0	ㄎㄡˋ	[CNS]
𫅠	0	0	ㄧㄝˋ	[CNS]
𫅡	0	0	ㄒㄧㄡ	[CNS]
𫅢	0	0	ㄊㄨˇ	[CNS]
𫅣	0	0	ㄩㄢˊ	[CNS]
𫅤	0	0	ㄌㄧㄥˊ	[CNS]
𫅥	0	0	ㄑㄧˇ	[CNS]
𫅦	0	0	ㄒㄧㄤˊ	[CNS]
𫅧	0	0	ㄒㄧㄤˊ	[CNS]
𫅨	0	0	ㄏㄨㄟ	[CNS]
𫅩	0	0	ㄍㄥ	[CNS]
𫅪	0	0	ㄈㄟˇ	[CNS]
𫅫	0	0	ㄅㄞˋ	[CNS]
𫅬	0	0	ㄧㄣ	[CNS]
𫅭	0	0	ㄆㄧㄣˊ	[CNS]
𫅮	0	0	ㄈㄟ	[CNS]
𫅯	0	0	ㄙㄨˋ	[CNS]
𫅰	0	0	ㄅㄟ	[CNS]
𫅱	0	0	ㄠˊ	[CNS]
𫅲	0	0	ㄌㄨㄥˇ	[CNS]
𫅳	0	0	ㄌㄠˇ	[CNS]
𫅴	0	0	ㄋㄨˊ	[CNS]
𫅵	0	0	ㄈㄤˋ	[CNS]
𫅶	0	0	ㄓㄜˇ	[CNS]
𫅷	0	0	ㄔㄚˊ	[CNS]
𫅸	0	0	ㄒㄧㄢˊ	[CNS]
𫅹	0	0	ㄊㄧㄢˊ	[CNS]
𫅺	0	0	ㄦˊ	[CNS]
𫅻	0	0	ㄑㄩ	[CNS]
𫅼	0	0	ㄌㄧㄢˊ	[CNS]
𫅽	0	0	ㄔㄨㄣ	[CNS]
𫅾	0	0	ㄌㄧㄡˊ	[CNS]
𫅿	0	0	ㄈㄟˋ	[CNS]
𫆀	0	0	ㄧㄝˊ	[CNS]
𫆁	0	0	ㄉㄢ	[CNS]
𫆂	0	0	ㄑㄩㄢˊ	[CNS]
𫆃	0	0	ㄕㄡ	[CNS]
𫆄	0	0	ㄎㄨㄚ	[CNS]
𫆅	0	0	ㄕㄥˋ	[CNS]
𫆆	0	0	ㄕ	[CNS]
𫆇	0	0	ㄘㄞˇ	[CNS]
𫆈	0	0	ㄕㄥ	[CNS]
𫆉	0	0	ㄑㄧㄡ	[CNS]
𫆊	0	0	ㄇㄢˊ	[CNS]
𫆋	0	0	ㄍㄜˊ	[CNS]
𫆌	0	0	ㄧˋ	[CNS]
𫆍	0	0	ㄌㄤˇ	[CNS]
𫆎	0	0	ㄒㄧˇ	[CNS]
𫆏	0	0	ㄋㄧˇ	[CNS]
𫆏	0	0	ㄐㄧˋ	[CNS]
𫆐	0	0	ㄉㄢ	[CNS]
𫆑	0	0	ㄎㄨㄟˋ	[CNS]
𫆒	0	0	ㄘㄨㄥˊ	[CNS]
𫆓	0	0	ㄋㄤˊ	[CNS]
𫆔	0	0	ㄧˋ	[CNS]
𫆕	0	0	ㄋㄞˋ	[CNS]
𫆖	0	0	ㄉㄨˋ	[CNS]
𫆗	0	0	ㄧㄤˇ	[CNS]
𫆘	0	0	ㄅㄧㄢˋ	[CNS]
𫆙	0	0	ㄕㄤˇ	[CNS]
𫆛	0	0	ㄉㄞˋ	[CNS]
𫆜	0	0	ㄋㄧˊ	[CNS]
𫆝	0	0	ㄅㄧˋ	[CNS]
𫆞	0	0	ㄐㄧㄥˋ	[CNS]
𫆟	0	0	ㄌㄠˊ	[CNS]
𫆠	0	0	ㄆㄢˋ	[CNS]
𫆡	0	0	ㄩˋ	[CNS]
𫆢	0	0	ㄌㄧㄥˊ	[CNS]
𫆣	0	0	ㄍㄨˋ	[CNS]
𫆤	0	0	ㄍㄨˋ	[CNS]
𫆥	0	0	ㄎㄤˋ	[CNS]
𫆦	0	0	ㄒㄧㄥˇ	[CNS]
𫆦	0	0	ㄕㄥˇ	[CNS]
𫆧	0	0	ㄌㄩˋ	[CNS]
𫆨	0	0	ㄋㄧㄢˊ	[CNS]
𫆩	0	0	ㄐㄧㄢˋ	[CNS]
𫆪	0	0	ㄐㄧˋ	[CNS]
𫆫	0	0	ㄞˋ	[CNS]
𫆬	0	0	ㄔㄨㄣˊ	[CNS]
𫆭	0	0	ㄇㄧˊ	[CNS]
𫆮	0	0	ㄙㄨㄣ	[CNS]
𫆯	0	0	ㄇㄞˋ	[CNS]
𫆰	0	0	ㄠˊ	[CNS]
𫆱	0	0	ㄓ	[CNS]
𫆲	0	0	ㄅㄛˊ	[CNS]
𫆳	0	0	ㄇㄢˋ	[CNS]
𫆴	0	0	ㄇㄧˋ	[CNS]
𫆵	0	0	ㄏㄨㄟˋ	[CNS]
𫆶	0	0	ㄓㄨㄛˊ	[CNS]
𫆷	0	0	ㄙˋ	[CNS]
𫆸	0	0	ㄗㄨㄣ	[CNS]
𫆹	0	0	ㄓㄣ	[CNS]
𫆺	0	0	ㄋㄠˋ	[CNS]
𫆻	0	0	ㄖㄨㄢˇ	[CNS]
𫆼	0	0	ㄅㄤˇ	[CNS]
𫆽	0	0	ㄋㄥˊ	[CNS]
𫆾	0	0	ㄊㄥˊ	[CNS]
𫆿	0	0	ㄇㄧˊ	[CNS]
𫇀	0	0	ㄌㄧˋ	[CNS]
𫇁	0	0	ㄓㄨㄥˇ	[CNS]
𫇂	0	0	ㄋㄠˇ	[CNS]
𫇃	0	0	ㄌㄧˋ	[CNS]
𫇄	0	0	ㄋㄤˊ	[CNS]
𫇅	0	0	ㄨˋ	[CNS]
𫇆	0	0	ㄔㄣˊ	[CNS]
𫇇	0	0	ㄜˇ	[CNS]
𫇇	0	0	ㄨㄛˇ	[CNS]
𫇈	0	0	ㄗㄨˊ	[CNS]
𫇉	0	0	ㄊㄧ	[CNS]
𫇊	0	0	ㄗˋ	[CNS]
𫇋	0	0	ㄑㄩㄢˊ	[CNS]
𫇌	0	0	ㄧㄢ	[CNS]
𫇍	0	0	ㄕㄣˇ	[CNS]
𫇎	0	0	ㄕㄨ	[CNS]
𫇎	0	0	ㄕㄨˋ	[CNS]
𫇎	0	0	ㄙㄨ	[CNS]
𫇏	0	0	ㄌㄞˊ	[CNS]
𫇐	0	0	ㄐㄧˊ	[CNS]
𫇑	0	0	ㄓㄣ	[CNS]
𫇒	0	0	ㄌㄞˊ	[CNS]
𫇓	0	0	ㄌㄧㄥˊ	[CNS]
𫇔	0	0	ㄍㄨㄚ	[CNS]
𫇕	0	0	ㄓㄨˋ	[CNS]
𫇖	0	0	ㄌㄧㄣˋ	[CNS]
𫇗	0	0	ㄐㄧㄢ	[CNS]
𫇘	0	0	ㄌㄞˋ	[CNS]
𫇙	0	0	ㄍㄞˋ	[CNS]
𫇚	0	0	ㄑㄧㄢ	[CNS]
𫇛	0	0	ㄌㄨˇ	[CNS]
𫇜	0	0	ㄖㄨㄛˋ	[CNS]
𫇝	0	0	ㄐㄧㄚˇ	[CNS]
𫇞	0	0	ㄇㄢˋ	[CNS]
𫇟	0	0	ㄅㄟ	[CNS]
𫇠	0	0	ㄕㄡˋ	[CNS]
𫇡	0	0	ㄌㄢˊ	[CNS]
𫇢	0	0	ㄒㄧ	[CNS]
𫇣	0	0	ㄒㄧ	[CNS]
𫇤	0	0	ㄧㄢˋ	[CNS]
𫇥	0	0	ㄌㄨㄥˋ	[CNS]
𫇦	0	0	ㄇㄥˊ	[CNS]
𫇧	0	0	ㄑㄧㄣˊ	[CNS]
𫇨	0	0	ㄔㄨㄢ	[CNS]
𫇩	0	0	ㄨˇ	[CNS]
𫇪	0	0	ㄍㄤ	[CNS]
𫇫	0	0	ㄈㄨˋ	[CNS]
𫇬	0	0	ㄊㄠˊ	[CNS]
𫇮	0	0	ㄇㄠˋ	[CNS]
𫇯	0	0	ㄏㄠˋ	[CNS]
𫇰	0	0	ㄐㄧㄡˋ	[CNS]
𫇱	0	0	ㄗˇ	[CNS]
𫇲	0	0	ㄔㄤ	[CNS]
𫇳	0	0	ㄘㄤ	[CNS]
𫇴	0	0	ㄔㄨˊ	[CNS]
𫇵	0	0	ㄋㄞˇ	[CNS]
𫇶	0	0	ㄖㄢˇ	[CNS]
𫇷	0	0	ㄎㄠˇ	[CNS]
𫇸	0	0	ㄓㄨˊ	[CNS]
𫇹	0	0	ㄏㄨㄚ	[CNS]
𫇺	0	0	ㄓㄨㄤ	[CNS]
𫇻	0	0	ㄔˊ	[CNS]
𫇼	0	0	ㄓㄨˊ	[CNS]
𫇽	0	0	ㄋㄨㄥˊ	[CNS]
𫇾	0	0	ㄉㄨˋ	[CNS]
𫇿	0	0	ㄘㄜˋ	[CNS]
𫈀	0	0	ㄑㄧㄢˋ	[CNS]
𫈁	0	0	ㄘㄨㄥ	[CNS]
𫈂	0	0	ㄐㄩㄣˋ	[CNS]
𫈃	0	0	ㄎㄨㄤˊ	[CNS]
𫈄	0	0	ㄧˇ	[CNS]
𫈅	0	0	ㄖㄨㄥˊ	[CNS]
𫈆	0	0	ㄑㄧㄝˊ	[CNS]
𫈇	0	0	ㄗㄠˋ	[CNS]
𫈇	0	0	ㄘㄠˇ	[CNS]
𫈈	0	0	ㄧㄡˋ	[CNS]
𫈉	0	0	ㄐㄧㄢ	[CNS]
𫈉	0	0	ㄐㄧㄢˇ	[CNS]
𫈊	0	0	ㄈㄤ	[CNS]
𫈋	0	0	ㄅㄧˋ	[CNS]
𫈌	0	0	ㄈㄨˊ	[CNS]
𫈍	0	0	ㄑㄧㄠˊ	[CNS]
𫈎	0	0	ㄐㄧㄥˋ	[CNS]
𫈎	0	0	ㄑㄧㄥˊ	[CNS]
𫈏	0	0	ㄩㄥˇ	[CNS]
𫈐	0	0	ㄏㄨㄚˊ	[CNS]
𫈑	0	0	ㄇㄧㄣˊ	[CNS]
𫈑	0	0	ㄨㄣˊ	[CNS]
𫈒	0	0	ㄅㄧㄠˇ	[CNS]
𫈓	0	0	ㄨˇ	[CNS]
𫈔	0	0	ㄩㄣˊ	[CNS]
𫈕	0	0	ㄈㄢˋ	[CNS]
𫈖	0	0	ㄊㄠˊ	[CNS]
𫈖	0	0	ㄕㄨˇ	[CNS]
𫈗	0	0	ㄒㄧㄥˋ	[CNS]
𫈘	0	0	ㄨㄤˋ	[CNS]
𫈙	0	0	ㄨㄤˊ	[CNS]
𫈚	0	0	ㄈㄤˋ	[CNS]
𫈛	0	0	ㄓㄡˋ	[CNS]
𫈜	0	0	ㄧㄡˊ	[CNS]
𫈝	0	0	ㄒㄧㄣ	[CNS]
𫈝	0	0	ㄒㄧㄣˋ	[CNS]
𫈞	0	0	ㄒㄩㄢˋ	[CNS]
𫈟	0	0	ㄔㄣˊ	[CNS]
𫈠	0	0	ㄐㄧㄚ	[CNS]
𫈠	0	0	ㄑㄧㄝˊ	[CNS]
𫈡	0	0	ㄌㄩˇ	[CNS]
𫈢	0	0	ㄏㄡˋ	[CNS]
𫈣	0	0	ㄈㄢˋ	[CNS]
𫈤	0	0	ㄉㄞˋ	[CNS]
𫈥	0	0	ㄎㄜ	[CNS]
𫈦	0	0	ㄇㄧㄝˋ	[CNS]
𫈧	0	0	ㄨㄢˋ	[CNS]
𫈨	0	0	ㄐㄧㄝˋ	[CNS]
𫈩	0	0	ㄌㄧˇ	[CNS]
𫈪	0	0	ㄇㄛˋ	[CNS]
𫈫	0	0	ㄕㄢ	[CNS]
𫈬	0	0	ㄢ	[CNS]
𫈬	0	0	ㄢˋ	[CNS]
𫈭	0	0	ㄧㄤˊ	[CNS]
𫈮	0	0	ㄙㄨㄛ	[CNS]
𫈯	0	0	ㄑㄧㄤ	[CNS]
𫈰	0	0	ㄑㄧㄚˋ	[CNS]
𫈱	0	0	ㄧㄢˋ	[CNS]
𫈲	0	0	ㄈㄢˋ	[CNS]
𫈳	0	0	ㄇㄛˊ	[CNS]
𫈴	0	0	ㄗㄤˋ	[CNS]
𫈵	0	0	ㄐㄩㄝˊ	[CNS]
𫈵	0	0	ㄗㄨㄟˋ	[CNS]
𫈶	0	0	ㄙㄨㄛ	[CNS]
𫈷	0	0	ㄊㄨㄥˊ	[CNS]
𫈸	0	0	ㄢ	[CNS]
𫈹	0	0	ㄐㄩ	[CNS]
𫈺	0	0	ㄏㄜˊ	[CNS]
𫈻	0	0	ㄏㄨˋ	[CNS]
𫈼	0	0	ㄇㄧㄝˋ	[CNS]
𫈽	0	0	ㄐㄩㄣˋ	[CNS]
𫈾	0	0	ㄒㄧˇ	[CNS]
𫈿	0	0	ㄐㄧㄚ	[CNS]
𫉁	0	0	ㄞˋ	[CNS]
𫉂	0	0	ㄏㄨㄟˋ	[CNS]
𫉃	0	0	ㄌㄧˋ	[CNS]
𫉄	0	0	ㄓㄨ	[CNS]
𫉄	0	0	ㄕㄨˇ	[CNS]
𫉆	0	0	ㄒㄧㄝˊ	[CNS]
𫉇	0	0	ㄐㄧˋ	[CNS]
𫉈	0	0	ㄑㄧㄣˊ	[CNS]
𫉉	0	0	ㄏㄨㄤˊ	[CNS]
𫉊	0	0	ㄉㄨㄟ	[CNS]
𫉋	0	0	ㄌㄧˋ	[CNS]
𫉌	0	0	ㄆㄠˊ	[CNS]
𫉍	0	0	ㄇㄞˋ	[CNS]
𫉎	0	0	ㄨˊ	[CNS]
𫉏	0	0	ㄐㄧㄝˊ	[CNS]
𫉐	0	0	ㄇㄥˋ	[CNS]
𫉑	0	0	ㄏㄢˋ	[CNS]
𫉒	0	0	ㄔㄤˊ	[CNS]
𫉓	0	0	ㄉㄨㄥ	[CNS]
𫉔	0	0	ㄨㄟˇ	[CNS]
𫉕	0	0	ㄐㄧㄚ	[CNS]
𫉖	0	0	ㄅㄛˊ	[CNS]
𫉗	0	0	ㄇㄢˇ	[CNS]
𫉘	0	0	ㄩㄥ	[CNS]
𫉙	0	0	ㄐㄩˊ	[CNS]
𫉚	0	0	ㄧˋ	[CNS]
𫉛	0	0	ㄨㄟ	[CNS]
𫉜	0	0	ㄍㄨㄢˋ	[CNS]
𫉝	0	0	ㄙㄜˋ	[CNS]
𫉞	0	0	ㄜˋ	[CNS]
𫉟	0	0	ㄐㄩㄣ	[CNS]
𫉠	0	0	ㄐㄩㄢˋ	[CNS]
𫉢	0	0	ㄏㄠˋ	[CNS]
𫉣	0	0	ㄏㄨˊ	[CNS]
𫉤	0	0	ㄧㄤˊ	[CNS]
𫉥	0	0	ㄕˋ	[CNS]
𫉦	0	0	ㄑㄩˊ	[CNS]
𫉧	0	0	ㄗㄜˊ	[CNS]
𫉨	0	0	ㄊㄚˋ	[CNS]
𫉨	0	0	ㄨㄢˋ	[CNS]
𫉩	0	0	ㄇㄧㄥˊ	[CNS]
𫉪	0	0	ㄏㄨㄟˋ	[CNS]
𫉫	0	0	ㄕ	[CNS]
𫉬	0	0	ㄏㄨㄛˋ	[CNS]
𫉭	0	0	ㄇㄚˊ	[CNS]
𫉮	0	0	ㄒㄧㄣ	[CNS]
𫉯	0	0	ㄏㄨㄛˋ	[CNS]
𫉰	0	0	ㄓㄡ	[CNS]
𫉱	0	0	ㄌㄧㄤˊ	[CNS]
𫉲	0	0	ㄙㄞ	[CNS]
𫉳	0	0	ㄈㄟˊ	[CNS]
𫉴	0	0	ㄐㄧˊ	[CNS]
𫉵	0	0	ㄒㄧㄝˋ	[CNS]
𫉶	0	0	ㄌㄢˊ	[CNS]
𫉷	0	0	ㄉㄧㄢˋ	[CNS]
𫉸	0	0	ㄍㄜ	[CNS]
𫉹	0	0	ㄑㄧㄢˋ	[CNS]
𫉺	0	0	ㄐㄧㄣˇ	[CNS]
𫉻	0	0	ㄍㄨㄛˇ	[CNS]
𫉼	0	0	ㄒㄧㄝˋ	[CNS]
𫉽	0	0	ㄒㄧㄚˊ	[CNS]
𫉾	0	0	ㄅㄨˋ	[CNS]
𫉿	0	0	ㄌㄧㄣˇ	[CNS]
𫊀	0	0	ㄔㄚˊ	[CNS]
𫊁	0	0	ㄌㄡˋ	[CNS]
𫊂	0	0	ㄐㄧㄥˋ	[CNS]
𫊃	0	0	ㄔㄡˊ	[CNS]
𫊄	0	0	ㄗ	[CNS]
𫊅	0	0	ㄨㄢˋ	[CNS]
𫊆	0	0	ㄏㄨㄛˋ	[CNS]
𫊈	0	0	ㄘㄚˋ	[CNS]
𫊊	0	0	ㄏㄨˊ	[CNS]
𫊋	0	0	ㄐㄧˊ	[CNS]
𫊌	0	0	ㄐㄧㄤ	[CNS]
𫊍	0	0	ㄘㄣˊ	[CNS]
𫊎	0	0	ㄅㄧˋ	[CNS]
𫊏	0	0	ㄧˋ	[CNS]
𫊐	0	0	ㄧㄠˊ	[CNS]
𫊑	0	0	ㄆㄢˊ	[CNS]
𫊒	0	0	ㄍㄨㄟ	[CNS]
𫊓	0	0	ㄏㄨㄥˊ	[CNS]
𫊔	0	0	ㄌㄧㄝˋ	[CNS]
𫊕	0	0	ㄇㄧㄝˋ	[CNS]
𫊖	0	0	ㄑㄧˊ	[CNS]
𫊗	0	0	ㄧㄢˊ	[CNS]
𫊘	0	0	ㄒㄧˊ	[CNS]
𫊙	0	0	ㄊㄨㄢˊ	[CNS]
𫊚	0	0	ㄕㄨˋ	[CNS]
𫊛	0	0	ㄓˊ	[CNS]
𫊜	0	0	ㄉㄧㄝˊ	[CNS]
𫊝	0	0	ㄋㄩㄝˋ	[CNS]
𫊞	0	0	ㄋㄩㄝˋ	[CNS]
𫊟	0	0	ㄖㄣˊ	[CNS]
𫊠	0	0	ㄅㄤˋ	[CNS]
𫊡	0	0	ㄘㄨㄛˊ	[CNS]
𫊢	0	0	ㄑㄧˊ	[CNS]
𫊣	0	0	ㄨˊ	[CNS]
𫊤	0	0	ㄅㄧˇ	[CNS]
𫊥	0	0	ㄊㄨˇ	[CNS]
𫊦	0	0	ㄒㄧㄚ	[CNS]
𫊧	0	0	ㄑㄧㄝ	[CNS]
𫊨	0	0	ㄒㄧˋ	[CNS]
𫊩	0	0	ㄐㄧˊ	[CNS]
𫊪	0	0	ㄔㄤˊ	[CNS]
𫊫	0	0	ㄗㄠˇ	[CNS]
𫊬	0	0	ㄐㄩㄝˊ	[CNS]
𫊬	0	0	ㄧㄤ	[CNS]
𫊭	0	0	ㄐㄩㄝˊ	[CNS]
𫊭	0	0	ㄧㄤ	[CNS]
𫊮	0	0	ㄌㄨˊ	[CNS]
𫊯	0	0	ㄆㄧㄥˊ	[CNS]
𫊯	0	0	ㄏㄨ	[CNS]
𫊰	0	0	ㄨㄞˋ	[CNS]
𫊱	0	0	ㄐㄧㄢˇ	[CNS]
𫊲	0	0	ㄐㄩㄢˋ	[CNS]
𫊳	0	0	ㄌㄧˋ	[CNS]
𫊴	0	0	ㄊㄨㄛ	[CNS]
𫊵	0	0	ㄙˋ	[CNS]
𫊶	0	0	ㄍㄨㄤ	[CNS]
𫊷	0	0	ㄕㄚ	[CNS]
𫊷	0	0	ㄕㄚˋ	[CNS]
𫊷	0	0	ㄕㄞˋ	[CNS]
𫊸	0	0	ㄐㄧㄠˇ	[CNS]
𫊸	0	0	ㄑㄧㄠˊ	[CNS]
𫊹	0	0	ㄏㄨㄟˋ	[CNS]
𫊺	0	0	ㄇㄧˋ	[CNS]
𫊺	0	0	ㄙ	[CNS]
𫊻	0	0	ㄒㄩㄣˊ	[CNS]
𫊼	0	0	ㄧˋ	[CNS]
𫊽	0	0	ㄅㄧㄝˊ	[CNS]
𫊾	0	0	ㄕㄣ	[CNS]
𫊿	0	0	ㄑㄧˋ	[CNS]
𫋀	0	0	ㄙㄨㄥˋ	[CNS]
𫋁	0	0	ㄒㄧㄣ	[CNS]
𫋂	0	0	ㄑㄧ	[CNS]
𫋃	0	0	ㄩˇ	[CNS]
𫋄	0	0	ㄑㄧㄡ	[CNS]
𫋅	0	0	ㄐㄧㄣˋ	[CNS]
𫋆	0	0	ㄐㄧㄣ	[CNS]
𫋇	0	0	ㄐㄧㄠ	[CNS]
𫋉	0	0	ㄎㄜˋ	[CNS]
𫋊	0	0	ㄖㄨㄥˊ	[CNS]
𫋋	0	0	ㄅㄟ	[CNS]
𫋌	0	0	ㄊㄜˋ	[CNS]
𫋍	0	0	ㄎㄜˋ	[CNS]
𫋎	0	0	ㄕㄡˇ	[CNS]
𫋏	0	0	ㄔㄨㄣˊ	[CNS]
𫋐	0	0	ㄍㄨㄥˇ	[UNI]
𫋑	0	0	ㄅㄢ	[CNS]
𫋒	0	0	ㄏㄨㄟˊ	[CNS]
𫋓	0	0	ㄉㄚˊ	[CNS]
𫋔	0	0	ㄕㄨㄞˋ	[CNS]
𫋕	0	0	ㄐㄧㄚ	[CNS]
𫋖	0	0	ㄈㄨˋ	[CNS]
𫋗	0	0	ㄑㄩㄝˋ	[CNS]
𫋘	0	0	ㄒㄧˋ	[CNS]
𫋙	0	0	ㄑㄧㄤˊ	[CNS]
𫋚	0	0	ㄕㄨˋ	[CNS]
𫋛	0	0	ㄐㄧㄥˇ	[CNS]
𫋜	0	0	ㄐㄩㄝˊ	[CNS]
𫋝	0	0	ㄐㄧˊ	[CNS]
𫋞	0	0	ㄒㄧˋ	[CNS]
𫋟	0	0	ㄐㄧㄢ	[CNS]
𫋠	0	0	ㄌㄧˇ	[CNS]
𫋡	0	0	ㄓˋ	[CNS]
𫋢	0	0	ㄔˊ	[CNS]
𫋣	0	0	ㄐㄧ	[CNS]
𫋤	0	0	ㄕㄡˋ	[CNS]
𫋥	0	0	ㄌㄧㄠˊ	[CNS]
𫋥	0	0	ㄌㄧㄠˋ	[CNS]
𫋦	0	0	ㄑㄩˋ	[CNS]
𫋧	0	0	ㄎㄨㄤˋ	[CNS]
𫋨	0	0	ㄐㄧㄢˋ	[CNS]
𫋩	0	0	ㄒㄧㄢˇ	[CNS]
𫋪	0	0	ㄆㄧˇ	[CNS]
𫋫	0	0	ㄇㄡˇ	[CNS]
𫋬	0	0	ㄓㄤ	[CNS]
𫋭	0	0	ㄊㄨㄥˋ	[CNS]
𫋮	0	0	ㄧㄚˊ	[CNS]
𫋮	0	0	ㄩˊ	[CNS]
𫋯	0	0	ㄏㄨㄤˊ	[CNS]
𫋰	0	0	ㄓˋ	[CNS]
𫋱	0	0	ㄑㄩˊ	[CNS]
𫋲	0	0	ㄡ	[CNS]
𫋳	0	0	ㄈㄤ	[CNS]
𫋴	0	0	ㄍㄨㄣˇ	[CNS]
𫋵	0	0	ㄕㄣˊ	[CNS]
𫋶	0	0	ㄔㄨ	[CNS]
𫋷	0	0	ㄉㄨㄛˊ	[CNS]
𫋷	0	0	ㄗㄜˊ	[CNS]
𫋸	0	0	ㄧㄡˇ	[CNS]
𫋹	0	0	ㄖㄠˊ	[CNS]
𫋺	0	0	ㄊㄧㄠ	[CNS]
𫋻	0	0	ㄍㄨㄟˋ	[CNS]
𫋼	0	0	ㄙㄨ	[CNS]
𫋽	0	0	ㄌㄨˋ	[CNS]
𫋽	0	0	ㄐㄧㄠˇ	[CNS]
𫋽	0	0	ㄐㄩㄝˊ	[CNS]
𫋾	0	0	ㄎㄨˋ	[CNS]
𫋿	0	0	ㄇㄟˊ	[CNS]
𫌁	0	0	ㄓˊ	[CNS]
𫌂	0	0	ㄖㄨㄟˊ	[CNS]
𫌃	0	0	ㄒㄩㄝ	[CNS]
𫌄	0	0	ㄕㄢ	[CNS]
𫌅	0	0	ㄧㄤˊ	[CNS]
𫌆	0	0	ㄙㄡˇ	[CNS]
𫌇	0	0	ㄓㄜˊ	[CNS]
𫌈	0	0	ㄉㄠˇ	[CNS]
𫌊	0	0	ㄐㄧ	[CNS]
𫌋	0	0	ㄕㄨˋ	[CNS]
𫌌	0	0	ㄔㄨㄥˊ	[CNS]
𫌍	0	0	ㄇㄛˋ	[CNS]
𫌎	0	0	ㄊㄨㄛ	[CNS]
𫌏	0	0	ㄐㄧㄤ	[CNS]
𫌐	0	0	ㄩㄝˋ	[CNS]
𫌑	0	0	ㄆㄨˇ	[CNS]
𫌒	0	0	ㄊㄨㄥˇ	[CNS]
𫌓	0	0	ㄌㄧˇ	[CNS]
𫌔	0	0	ㄑㄩㄣˊ	[CNS]
𫌕	0	0	ㄌㄧˋ	[CNS]
𫌖	0	0	ㄋㄧㄢˇ	[CNS]
𫌗	0	0	ㄒㄧㄝˋ	[CNS]
𫌘	0	0	ㄘㄨㄥˊ	[CNS]
𫌙	0	0	ㄐㄧㄢˇ	[CNS]
𫌚	0	0	ㄙㄨ	[CNS]
𫌛	0	0	ㄈㄥ	[CNS]
𫌜	0	0	ㄇㄡˇ	[CNS]
𫌝	0	0	ㄎㄨㄤˋ	[CNS]
𫌞	0	0	ㄍㄨˇ	[CNS]
𫌞	0	0	ㄐㄧㄚˇ	[CNS]
𫌟	0	0	ㄒㄧㄥˊ	[CNS]
𫌠	0	0	ㄊㄧˇ	[CNS]
𫌡	0	0	ㄗㄢˋ	[CNS]
𫌢	0	0	ㄋㄢˊ	[CNS]
𫌣	0	0	ㄉㄧㄝˊ	[CNS]
𫌣	0	0	ㄒㄧㄝˊ	[CNS]
𫌤	0	0	ㄕㄥ	[CNS]
𫌥	0	0	ㄧㄠˋ	[CNS]
𫌦	0	0	ㄗㄢˋ	[CNS]
𫌧	0	0	ㄧㄢˊ	[CNS]
𫌨	0	0	ㄌㄨㄛˊ	[CNS]
𫌩	0	0	ㄏㄡˇ	[CNS]
𫌪	0	0	ㄇㄛˋ	[CNS]
𫌪	0	0	ㄇㄧˋ	[CNS]
𫌫	0	0	ㄐㄧㄢˇ	[CNS]
𫌬	0	0	ㄆㄧㄠˇ	[CNS]
𫌭	0	0	ㄨㄟˊ	[CNS]
𫌮	0	0	ㄎㄨㄚ	[CNS]
𫌯	0	0	ㄐㄧㄠˇ	[CNS]
𫌯	0	0	ㄐㄧㄠˋ	[CNS]
𫌯	0	0	ㄑㄧㄠˊ	[CNS]
𫌰	0	0	ㄕㄤ	[CNS]
𫌱	0	0	ㄨㄟˇ	[CNS]
𫌲	0	0	ㄍㄠˋ	[CNS]
𫌳	0	0	ㄋㄩˇ	[CNS]
𫌴	0	0	ㄨㄣˊ	[CNS]
𫌵	0	0	ㄋㄚˊ	[CNS]
𫌶	0	0	ㄆㄧ	[CNS]
𫌷	0	0	ㄉㄧㄢˋ	[CNS]
𫌸	0	0	ㄐㄧㄢˋ	[CNS]
𫌹	0	0	ㄋㄚˊ	[CNS]
𫌹	0	0	ㄋㄠˊ	[CNS]
𫌺	0	0	ㄕㄣˇ	[CNS]
𫌻	0	0	ㄧ	[CNS]
𫌼	0	0	ㄔㄜ	[CNS]
𫌽	0	0	ㄙㄨㄟ	[CNS]
𫌾	0	0	ㄒㄧˋ	[CNS]
𫌿	0	0	ㄑㄧ	[CNS]
𫍀	0	0	ㄐㄧㄣ	[CNS]
𫍁	0	0	ㄔㄨㄢˋ	[CNS]
𫍂	0	0	ㄒㄧㄥˇ	[CNS]
𫍃	0	0	ㄩㄥˇ	[CNS]
𫍄	0	0	ㄈㄟ	[CNS]
𫍆	0	0	ㄐㄧˊ	[CNS]
𫍇	0	0	ㄖㄨㄥˊ	[CNS]
𫍈	0	0	ㄊㄠ	[CNS]
𫍈	0	0	ㄔㄢˇ	[CNS]
𫍉	0	0	ㄈㄢˋ	[CNS]
𫍊	0	0	ㄐㄧㄢ	[CNS]
𫍋	0	0	ㄨㄣˋ	[CNS]
𫍌	0	0	ㄊㄨㄥ	[CNS]
𫍍	0	0	ㄇㄡˊ	[CNS]
𫍎	0	0	ㄐㄧˊ	[CNS]
𫍏	0	0	ㄓㄨˇ	[CNS]
𫍐	0	0	ㄆㄧㄣˊ	[CNS]
𫍑	0	0	ㄧㄥ	[CNS]
𫍒	0	0	ㄕˊ	[CNS]
𫍓	0	0	ㄌㄧㄢˊ	[CNS]
𫍔	0	0	ㄒㄧˋ	[CNS]
𫍕	0	0	ㄐㄧˋ	[CNS]
𫍖	0	0	ㄧˋ	[CNS]
𫍗	0	0	ㄘˊ	[CNS]
𫍙	0	0	ㄕ	[CNS]
𫍙	0	0	ㄧ	[CNS]
𫍙	0	0	ㄧˊ	[CNS]
𫍚	0	0	ㄧㄠ	[CNS]
𫍛	0	0	ㄈㄣ	[CNS]
𫍜	0	0	ㄑㄩ	[CNS]
𫍜	0	0	ㄑㄩˋ	[CNS]
𫍝	0	0	ㄉㄨㄥˋ	[CNS]
𫍝	0	0	ㄐㄧㄢˋ	[CNS]
𫍞	0	0	ㄏㄠˋ	[CNS]
𫍞	0	0	ㄏㄨ	[CNS]
𫍟	0	0	ㄊㄨㄛˊ	[CNS]
𫍟	0	0	ㄧˊ	[CNS]
𫍠	0	0	ㄩㄢˋ	[CNS]
𫍡	0	0	ㄊㄨㄛˊ	[CNS]
𫍡	0	0	ㄧˊ	[CNS]
𫍢	0	0	ㄋㄠˊ	[CNS]
𫍤	0	0	ㄐㄧㄠˇ	[CNS]
𫍤	0	0	ㄑㄧㄠˋ	[CNS]
𫍥	0	0	ㄉㄧㄠˋ	[CNS]
𫍥	0	0	ㄊㄧㄠˇ	[CNS]
𫍦	0	0	ㄋㄡˊ	[CNS]
𫍧	0	0	ㄌㄞˋ	[CNS]
𫍧	0	0	ㄔ	[CNS]
𫍨	0	0	ㄓㄣˋ	[CNS]
𫍩	0	0	ㄍㄨㄛ	[CNS]
𫍩	0	0	ㄏㄨㄚˋ	[CNS]
𫍪	0	0	ㄐㄧˋ	[CNS]
𫍫	0	0	ㄧㄢˋ	[CNS]
𫍬	0	0	ㄨㄤˇ	[CNS]
𫍭	0	0	ㄑㄧㄝˋ	[CNS]
𫍮	0	0	ㄑㄩ	[CNS]
𫍮	0	0	ㄔㄨˋ	[CNS]
𫍰	0	0	ㄒㄧˇ	[CNS]
𫍱	0	0	ㄓㄨㄢ	[CNS]
𫍳	0	0	ㄓㄨㄥˋ	[CNS]
𫍴	0	0	ㄌㄡˊ	[CNS]
𫍴	0	0	ㄌㄩˇ	[CNS]
𫍵	0	0	ㄠˊ	[CNS]
𫍵	0	0	ㄠˋ	[CNS]
𫍶	0	0	ㄓˇ	[CNS]
𫍷	0	0	ㄍㄨㄟˋ	[CNS]
𫍸	0	0	ㄕㄢˋ	[CNS]
𫍹	0	0	ㄐㄧㄝ	[CNS]
𫍺	0	0	ㄕㄚˇ	[CNS]
𫍻	0	0	ㄒㄧ	[CNS]
𫍼	0	0	ㄓㄨㄥˋ	[CNS]
𫍾	0	0	ㄋㄧㄥˊ	[CNS]
𫍾	0	0	ㄋㄧㄥˋ	[CNS]
𫍿	0	0	ㄐㄧㄢˇ	[CNS]
𫎀	0	0	ㄍㄜˊ	[CNS]
𫎁	0	0	ㄐㄧㄥˇ	[CNS]
𫎂	0	0	ㄍㄨˇ	[CNS]
𫎃	0	0	ㄈㄨˇ	[CNS]
𫎄	0	0	ㄑㄩㄢˊ	[CNS]
𫎅	0	0	ㄐㄧˊ	[CNS]
𫎆	0	0	ㄗㄨㄥ	[CNS]
𫎇	0	0	ㄇㄥˊ	[CNS]
𫎈	0	0	ㄉㄚˋ	[CNS]
𫎉	0	0	ㄎㄨㄢˇ	[CNS]
𫎊	0	0	ㄧˋ	[CNS]
𫎋	0	0	ㄧㄡˇ	[CNS]
𫎋	0	0	ㄧㄡˋ	[CNS]
𫎌	0	0	ㄌㄡˊ	[CNS]
𫎍	0	0	ㄇㄛˋ	[CNS]
𫎎	0	0	ㄦˋ	[CNS]
𫎏	0	0	ㄒㄩ	[CNS]
𫎐	0	0	ㄑㄧˋ	[CNS]
𫎑	0	0	ㄅㄟˋ	[CNS]
𫎒	0	0	ㄈㄤˇ	[CNS]
𫎓	0	0	ㄓㄨˇ	[CNS]
𫎔	0	0	ㄏㄨㄛˋ	[CNS]
𫎕	0	0	ㄈㄨˊ	[CNS]
𫎖	0	0	ㄉㄨㄣˇ	[CNS]
𫎖	0	0	ㄐㄧㄚˊ	[CNS]
𫎗	0	0	ㄈㄡˇ	[CNS]
𫎘	0	0	ㄓㄚˊ	[CNS]
𫎘	0	0	ㄓㄜˊ	[CNS]
𫎙	0	0	ㄉㄨㄟˋ	[CNS]
𫎚	0	0	ㄇㄞˇ	[CNS]
𫎛	0	0	ㄔˊ	[CNS]
𫎜	0	0	ㄓㄨㄟˋ	[CNS]
𫎝	0	0	ㄐㄧㄝ	[CNS]
𫎞	0	0	ㄨㄟˇ	[CNS]
𫎞	0	0	ㄨㄟˊ	[CNS]
𫎟	0	0	ㄕˋ	[CNS]
𫎠	0	0	ㄒㄧㄢˊ	[CNS]
𫎡	0	0	ㄍㄨˇ	[CNS]
𫎢	0	0	ㄐㄧㄡˋ	[CNS]
𫎣	0	0	ㄧㄥˊ	[CNS]
𫎤	0	0	ㄒㄧㄢˊ	[CNS]
𫎥	0	0	ㄇㄟˋ	[CNS]
𫎦	0	0	ㄌㄨㄥˋ	[CNS]
𫎧	0	0	ㄍㄡˋ	[CNS]
𫎨	0	0	ㄅㄧㄢˇ	[CNS]
𫎨	0	0	ㄊㄢˇ	[CNS]
𫎨	0	0	ㄌㄧㄢˋ	[CNS]
𫎩	0	0	ㄔㄣ	[CNS]
𫎪	0	0	ㄔㄣˋ	[CNS]
𫎫	0	0	ㄊㄢˇ	[CNS]
𫎬	0	0	ㄍㄢˋ	[CNS]
𫎭	0	0	ㄔㄥ	[CNS]
𫎮	0	0	ㄓˋ	[CNS]
𫎯	0	0	ㄒㄧˊ	[CNS]
𫎰	0	0	ㄒㄧˋ	[CNS]
𫎱	0	0	ㄌㄧˋ	[CNS]
𫎲	0	0	ㄑㄧˊ	[CNS]
𫎲	0	0	ㄕˋ	[CNS]
𫎳	0	0	ㄅㄧˋ	[CNS]
𫎴	0	0	ㄊㄨㄥˊ	[CNS]
𫎴	0	0	ㄊㄨㄥˋ	[CNS]
𫎵	0	0	ㄎㄜˋ	[CNS]
𫎶	0	0	ㄍㄨㄥˇ	[CNS]
𫎷	0	0	ㄔㄥˊ	[CNS]
𫎸	0	0	ㄐㄧㄢˋ	[CNS]
𫎹	0	0	ㄉㄜˊ	[CNS]
𫎺	0	0	ㄘㄢ	[CNS]
𫎻	0	0	ㄒㄧㄥ	[CNS]
𫎼	0	0	ㄢˋ	[CNS]
𫎽	0	0	ㄞˇ	[CNS]
𫎾	0	0	ㄑㄧㄢ	[CNS]
𫎿	0	0	ㄕㄨㄤˇ	[CNS]
𫏀	0	0	ㄘㄨㄣˋ	[CNS]
𫏁	0	0	ㄎㄨˊ	[CNS]
𫏂	0	0	ㄑㄧˊ	[CNS]
𫏂	0	0	ㄑㄧˋ	[CNS]
𫏃	0	0	ㄔㄤˊ	[CNS]
𫏄	0	0	ㄍㄢ	[CNS]
𫏅	0	0	ㄐㄩㄝˊ	[CNS]
𫏆	0	0	ㄅㄛ	[CNS]
𫏇	0	0	ㄍㄨㄥˋ	[CNS]
𫏈	0	0	ㄍㄨㄤ	[CNS]
𫏉	0	0	ㄇㄧㄥˊ	[CNS]
𫏊	0	0	ㄖㄣˊ	[CNS]
𫏋	0	0	ㄐㄧㄠˇ	[CNS]
𫏋	0	0	ㄐㄩㄝˊ	[CNS]
𫏋	0	0	ㄑㄧㄠ	[CNS]
𫏌	0	0	ㄌㄞˊ	[CNS]
𫏍	0	0	ㄍㄞˇ	[CNS]
𫏎	0	0	ㄗㄨㄛˇ	[CNS]
𫏏	0	0	ㄑㄧㄥ	[CNS]
𫏐	0	0	ㄓㄢˋ	[CNS]
𫏐	0	0	ㄗㄢˋ	[CNS]
𫏑	0	0	ㄌㄨㄛˋ	[CNS]
𫏒	0	0	ㄅㄚˋ	[CNS]
𫏓	0	0	ㄍㄨㄞ	[CNS]
𫏔	0	0	ㄔㄨˋ	[CNS]
𫏕	0	0	ㄑㄧㄥ	[CNS]
𫏗	0	0	ㄉㄨㄢˋ	[CNS]
𫏘	0	0	ㄊㄚˋ	[CNS]
𫏙	0	0	ㄋㄨㄛˊ	[CNS]
𫏙	0	0	ㄏㄨㄟ	[CNS]
𫏚	0	0	ㄅㄟˋ	[CNS]
𫏛	0	0	ㄒㄧˊ	[CNS]
𫏜	0	0	ㄍㄨㄛˊ	[CNS]
𫏝	0	0	ㄘㄨ	[CNS]
𫏞	0	0	ㄉㄨㄢˋ	[CNS]
𫏟	0	0	ㄒㄧㄢˋ	[CNS]
𫏠	0	0	ㄌㄢˇ	[CNS]
𫏡	0	0	ㄒㄧㄤˋ	[CNS]
𫏢	0	0	ㄓㄨㄥˋ	[CNS]
𫏣	0	0	ㄐㄧㄤ	[CNS]
𫏤	0	0	ㄙㄨˋ	[CNS]
𫏥	0	0	ㄎㄨㄚ	[CNS]
𫏦	0	0	ㄌㄧㄝˋ	[CNS]
𫏧	0	0	ㄒㄩ	[CNS]
𫏨	0	0	ㄒㄧㄢ	[CNS]
𫏩	0	0	ㄧˊ	[CNS]
𫏪	0	0	ㄉㄨˊ	[CNS]
𫏫	0	0	ㄓㄜˋ	[CNS]
𫏫	0	0	ㄓㄞˊ	[CNS]
𫏬	0	0	ㄕㄣ	[CNS]
𫏭	0	0	ㄨㄟˊ	[CNS]
𫏮	0	0	ㄋㄧˋ	[CNS]
𫏯	0	0	ㄐㄧㄡˋ	[CNS]
𫏯	0	0	ㄑㄧㄡ	[CNS]
𫏰	0	0	ㄉㄨㄢˇ	[CNS]
𫏱	0	0	ㄎㄨㄞˋ	[CNS]
𫏲	0	0	ㄩˊ	[CNS]
𫏳	0	0	ㄔㄜ	[CNS]
𫏴	0	0	ㄐㄩˊ	[CNS]
𫏵	0	0	ㄓㄥˇ	[CNS]
𫏶	0	0	ㄐㄧㄚˊ	[CNS]
𫏷	0	0	ㄎㄨㄤˊ	[CNS]
𫏸	0	0	ㄨㄟˊ	[CNS]
𫏹	0	0	ㄆㄧㄥˊ	[CNS]
𫏺	0	0	ㄩㄢˊ	[CNS]
𫏻	0	0	ㄌㄩˇ	[CNS]
𫏼	0	0	ㄋㄧㄢˇ	[CNS]
𫏽	0	0	ㄌㄨㄥˊ	[CNS]
𫏾	0	0	ㄌㄩㄝˋ	[CNS]
𫏿	0	0	ㄨˇ	[CNS]
𫐀	0	0	ㄑㄩˊ	[CNS]
𫐁	0	0	ㄐㄧˊ	[CNS]
𫐁	0	0	ㄐㄧˋ	[CNS]
𫐂	0	0	ㄌㄡˊ	[CNS]
𫐃	0	0	ㄕㄣ	[CNS]
𫐅	0	0	ㄕㄢ	[CNS]
𫐆	0	0	ㄌㄧˋ	[CNS]
𫐇	0	0	ㄋㄚˋ	[CNS]
𫐈	0	0	ㄅㄚˊ	[CNS]
𫐈	0	0	ㄅㄛˊ	[CNS]
𫐉	0	0	ㄌㄧㄥˊ	[CNS]
𫐊	0	0	ㄅㄣˋ	[CNS]
𫐊	0	0	ㄈㄢˋ	[CNS]
𫐋	0	0	ㄓˋ	[CNS]
𫐌	0	0	ㄆㄧㄥˊ	[CNS]
𫐍	0	0	ㄊㄧㄢˊ	[CNS]
𫐎	0	0	ㄧˇ	[CNS]
𫐏	0	0	ㄓㄡ	[CNS]
𫐑	0	0	ㄍㄨㄢˇ	[CNS]
𫐒	0	0	ㄏㄨㄥ	[CNS]
𫐔	0	0	ㄎㄜˇ	[CNS]
𫐕	0	0	ㄨㄟˋ	[CNS]
𫐖	0	0	ㄐㄧㄡ	[CNS]
𫐗	0	0	ㄅㄨˊ	[CNS]
𫐘	0	0	ㄎㄢˇ	[CNS]
𫐙	0	0	ㄌㄟˊ	[CNS]
𫐚	0	0	ㄧˇ	[CNS]
𫐛	0	0	ㄌㄚˋ	[CNS]
𫐜	0	0	ㄧˊ	[CNS]
𫐝	0	0	ㄍㄞ	[CNS]
𫐞	0	0	ㄍㄨㄣˇ	[CNS]
𫐟	0	0	ㄧˋ	[CNS]
𫐠	0	0	ㄕㄨˋ	[CNS]
𫐡	0	0	ㄐㄧㄣ	[CNS]
𫐢	0	0	ㄍㄨˇ	[CNS]
𫐣	0	0	ㄅㄧㄥˇ	[CNS]
𫐤	0	0	ㄊㄧㄥ	[CNS]
𫐥	0	0	ㄌㄠˇ	[CNS]
𫐦	0	0	ㄎㄜˋ	[CNS]
𫐧	0	0	ㄈㄨˊ	[CNS]
𫐨	0	0	ㄔˋ	[CNS]
𫐩	0	0	ㄙㄨㄛ	[CNS]
𫐪	0	0	ㄦˇ	[CNS]
𫐫	0	0	ㄎㄨㄟˊ	[CNS]
𫐬	0	0	ㄍㄨㄤˇ	[CNS]
𫐬	0	0	ㄨㄤˋ	[CNS]
𫐭	0	0	ㄓㄥ	[CNS]
𫐮	0	0	ㄊㄨˊ	[CNS]
𫐯	0	0	ㄩˊ	[CNS]
𫐰	0	0	ㄦˊ	[CNS]
𫐱	0	0	ㄗㄨㄥ	[CNS]
𫐲	0	0	ㄉㄧㄥˋ	[CNS]
𫐳	0	0	ㄉㄚˊ	[CNS]
𫐴	0	0	ㄙㄨㄟˋ	[CNS]
𫐵	0	0	ㄑㄧㄡ	[CNS]
𫐶	0	0	ㄧˋ	[CNS]
𫐷	0	0	ㄌㄡˊ	[CNS]
𫐸	0	0	ㄏㄨㄢˋ	[CNS]
𫐹	0	0	ㄇㄟˊ	[CNS]
𫐺	0	0	ㄧㄣ	[CNS]
𫐻	0	0	ㄑㄩ	[CNS]
𫐼	0	0	ㄆㄤˊ	[CNS]
𫐽	0	0	ㄕㄚ	[CNS]
𫐾	0	0	ㄙㄨㄟˋ	[CNS]
𫐿	0	0	ㄕㄨ	[CNS]
𫑀	0	0	ㄐㄩˇ	[CNS]
𫑁	0	0	ㄧ	[CNS]
𫑂	0	0	ㄊㄠˊ	[CNS]
𫑃	0	0	ㄎㄤ	[CNS]
𫑄	0	0	ㄊㄧㄥˊ	[CNS]
𫑅	0	0	ㄙㄨˋ	[CNS]
𫑆	0	0	ㄅㄧㄢˋ	[CNS]
𫑇	0	0	ㄙ	[CNS]
𫑈	0	0	ㄩˋ	[CNS]
𫑉	0	0	ㄊㄨㄥˊ	[CNS]
𫑊	0	0	ㄒㄩㄣ	[CNS]
𫑋	0	0	ㄇㄡˊ	[CNS]
𫑌	0	0	ㄅㄧㄥ	[CNS]
𫑍	0	0	ㄑㄧㄢˇ	[CNS]
𫑎	0	0	ㄧㄢˊ	[CNS]
𫑏	0	0	ㄋㄚˋ	[CNS]
𫑐	0	0	ㄌㄧˋ	[CNS]
𫑑	0	0	ㄋㄧㄢˊ	[CNS]
𫑒	0	0	ㄅㄟˋ	[CNS]
𫑓	0	0	ㄌㄩㄝˋ	[CNS]
𫑔	0	0	ㄧㄥˊ	[CNS]
𫑕	0	0	ㄉㄨㄥˋ	[CNS]
𫑕	0	0	ㄏㄨㄥˊ	[CNS]
𫑕	0	0	ㄏㄨㄥˋ	[CNS]
𫑖	0	0	ㄒㄩㄢˇ	[CNS]
𫑗	0	0	ㄇㄠˇ	[CNS]
𫑘	0	0	ㄓㄨㄢ	[CNS]
𫑙	0	0	ㄌㄨㄢˇ	[CNS]
𫑚	0	0	ㄧㄢ	[CNS]
𫑛	0	0	ㄩㄝˋ	[CNS]
𫑜	0	0	ㄊㄠˊ	[CNS]
𫑝	0	0	ㄧ	[CNS]
𫑞	0	0	ㄒㄧ	[CNS]
𫑟	0	0	ㄧㄢˊ	[CNS]
𫑠	0	0	ㄐㄧㄢ	[CNS]
𫑢	0	0	ㄅㄤ	[CNS]
𫑣	0	0	ㄅㄧˇ	[CNS]
𫑤	0	0	ㄨㄟˋ	[CNS]
𫑥	0	0	ㄔㄣˊ	[CNS]
𫑦	0	0	ㄧㄢˋ	[CNS]
𫑧	0	0	ㄑㄩ	[CNS]
𫑨	0	0	ㄧㄝ	[CNS]
𫑩	0	0	ㄧㄤˇ	[CNS]
𫑩	0	0	ㄧㄤˋ	[CNS]
𫑪	0	0	ㄌㄟˊ	[CNS]
𫑫	0	0	ㄗ	[CNS]
𫑬	0	0	ㄊㄢˊ	[CNS]
𫑭	0	0	ㄑㄧㄥˋ	[CNS]
𫑮	0	0	ㄔㄢˊ	[CNS]
𫑯	0	0	ㄍㄠ	[CNS]
𫑰	0	0	ㄌㄨㄥˊ	[CNS]
𫑱	0	0	ㄔㄠˊ	[CNS]
𫑲	0	0	ㄊㄤˊ	[CNS]
𫑳	0	0	ㄨㄢˊ	[CNS]
𫑴	0	0	ㄘㄨㄣˊ	[CNS]
𫑵	0	0	ㄧㄣ	[CNS]
𫑶	0	0	ㄉㄡˋ	[CNS]
𫑷	0	0	ㄌㄧㄢˇ	[CNS]
𫑷	0	0	ㄒㄧㄢ	[CNS]
𫑷	0	0	ㄧㄢˋ	[CNS]
𫑸	0	0	ㄆㄟˋ	[CNS]
𫑹	0	0	ㄌㄞˊ	[CNS]
𫑺	0	0	ㄕ	[CNS]
𫑻	0	0	ㄌㄧㄣˊ	[CNS]
𫑼	0	0	ㄗㄨㄣ	[CNS]
𫑽	0	0	ㄕㄨ	[CNS]
𫑾	0	0	ㄌㄧㄣˇ	[CNS]
𫑿	0	0	ㄐㄧㄠˋ	[CNS]
𫒀	0	0	ㄩㄝˋ	[CNS]
𫒁	0	0	ㄧㄝˇ	[CNS]
𫒂	0	0	ㄦˇ	[CNS]
𫒃	0	0	ㄋㄧˊ	[CNS]
𫒄	0	0	ㄌㄧˊ	[CNS]
𫒅	0	0	ㄕㄜˋ	[CNS]
𫒆	0	0	ㄊㄨˇ	[CNS]
𫒇	0	0	ㄉㄨㄣˋ	[CNS]
𫒈	0	0	ㄋㄩˇ	[CNS]
𫒉	0	0	ㄑㄩㄢˊ	[CNS]
𫒊	0	0	ㄐㄧˇ	[CNS]
𫒋	0	0	ㄑㄧㄣˊ	[CNS]
𫒌	0	0	ㄐㄧㄝˋ	[CNS]
𫒍	0	0	ㄧㄣˊ	[CNS]
𫒎	0	0	ㄧㄣˇ	[CNS]
𫒏	0	0	ㄇㄧㄣˇ	[CNS]
𫒏	0	0	ㄇㄧㄥˇ	[CNS]
𫒐	0	0	ㄔˋ	[CNS]
𫒑	0	0	ㄏㄨㄚˊ	[CNS]
𫒑	0	0	ㄨ	[CNS]
𫒒	0	0	ㄑㄧㄡ	[CNS]
𫒓	0	0	ㄨㄞˋ	[CNS]
𫒔	0	0	ㄒㄧㄥˊ	[CNS]
𫒔	0	0	ㄒㄧㄥˋ	[CNS]
𫒕	0	0	ㄓㄣ	[CNS]
𫒖	0	0	ㄒㄧ	[CNS]
𫒗	0	0	ㄧˋ	[CNS]
𫒘	0	0	ㄈㄡˇ	[CNS]
𫒙	0	0	ㄕㄡˇ	[CNS]
𫒚	0	0	ㄧˋ	[CNS]
𫒛	0	0	ㄗˋ	[CNS]
𫒜	0	0	ㄓㄨˋ	[CNS]
𫒝	0	0	ㄍㄥ	[CNS]
𫒞	0	0	ㄐㄧㄝˋ	[CNS]
𫒟	0	0	ㄩˊ	[CNS]
𫒠	0	0	ㄒㄧˋ	[CNS]
𫒡	0	0	ㄒㄩㄢˊ	[CNS]
𫒢	0	0	ㄏㄢˇ	[CNS]
𫒣	0	0	ㄌㄨㄢˊ	[CNS]
𫒤	0	0	ㄒㄩㄝˊ	[CNS]
𫒥	0	0	ㄨㄤˋ	[CNS]
𫒦	0	0	ㄓˊ	[CNS]
𫒧	0	0	ㄩˇ	[CNS]
𫒨	0	0	ㄎㄨㄣ	[CNS]
𫒪	0	0	ㄋㄧˊ	[CNS]
𫒫	0	0	ㄉㄧˊ	[CNS]
𫒬	0	0	ㄔˇ	[CNS]
𫒭	0	0	ㄅㄠˇ	[CNS]
𫒮	0	0	ㄏㄨㄥˊ	[CNS]
𫒯	0	0	ㄨㄢˇ	[CNS]
𫒰	0	0	ㄌㄠˇ	[CNS]
𫒱	0	0	ㄕˊ	[CNS]
𫒱	0	0	ㄕㄜˋ	[CNS]
𫒲	0	0	ㄅㄞˋ	[CNS]
𫒳	0	0	ㄩˇ	[CNS]
𫒴	0	0	ㄎㄜˋ	[CNS]
𫒵	0	0	ㄖㄨㄟˋ	[CNS]
𫒶	0	0	ㄐㄧˊ	[CNS]
𫒷	0	0	ㄉㄨㄛˊ	[CNS]
𫒸	0	0	ㄇㄞˋ	[CNS]
𫒹	0	0	ㄋㄢˊ	[CNS]
𫒺	0	0	ㄐㄧㄢˇ	[CNS]
𫒻	0	0	ㄑㄧㄢˋ	[CNS]
𫒼	0	0	ㄋㄧˋ	[CNS]
𫒽	0	0	ㄧㄥˊ	[CNS]
𫒾	0	0	ㄋㄚˋ	[CNS]
𫒿	0	0	ㄉㄧˋ	[CNS]
𫓀	0	0	ㄌㄜˋ	[CNS]
𫓁	0	0	ㄔㄨㄥˊ	[CNS]
𫓂	0	0	ㄧㄠˋ	[CNS]
𫓃	0	0	ㄓㄣˋ	[CNS]
𫓄	0	0	ㄕㄨˋ	[CNS]
𫓅	0	0	ㄅㄧˋ	[CNS]
𫓆	0	0	ㄅㄛˊ	[CNS]
𫓇	0	0	ㄗㄠˋ	[CNS]
𫓈	0	0	ㄩˋ	[CNS]
𫓉	0	0	ㄌㄧㄤˋ	[CNS]
𫓊	0	0	ㄧˊ	[CNS]
𫓋	0	0	ㄙㄜˋ	[CNS]
𫓌	0	0	ㄉㄚˊ	[CNS]
𫓍	0	0	ㄈㄨˋ	[CNS]
𫓎	0	0	ㄅㄧˋ	[CNS]
𫓏	0	0	ㄏㄢˋ	[CNS]
𫓐	0	0	ㄌㄧˇ	[CNS]
𫓑	0	0	ㄘㄨㄥˊ	[CNS]
𫓓	0	0	ㄒㄩㄝˊ	[CNS]
𫓔	0	0	ㄧˇ	[CNS]
𫓕	0	0	ㄉㄨㄣ	[CNS]
𫓖	0	0	ㄍㄨˇ	[CNS]
𫓗	0	0	ㄒㄧㄥˋ	[CNS]
𫓘	0	0	ㄈㄨˇ	[CNS]
𫓙	0	0	ㄨㄟˊ	[CNS]
𫓚	0	0	ㄘㄨㄟˋ	[CNS]
𫓛	0	0	ㄕˋ	[CNS]
𫓜	0	0	ㄉㄨㄣ	[CNS]
𫓝	0	0	ㄑㄧㄣˊ	[CNS]
𫓞	0	0	ㄌㄧㄣˊ	[CNS]
𫓟	0	0	ㄇㄚˋ	[CNS]
𫓠	0	0	ㄕㄥˋ	[CNS]
𫓡	0	0	ㄉㄨˋ	[CNS]
𫓡	0	0	ㄧˋ	[CNS]
𫓢	0	0	ㄧˋ	[CNS]
𫓣	0	0	ㄒㄧㄢˇ	[CNS]
𫓤	0	0	ㄑㄧㄢˊ	[CNS]
𫓥	0	0	ㄅㄚ	[CNS]
𫓦	0	0	ㄐㄧㄝˊ	[CNS]
𫓨	0	0	ㄍㄨㄛ	[CNS]
𫓩	0	0	ㄘㄨㄥ	[CNS]
𫓪	0	0	ㄑㄧㄢ	[CNS]
𫓪	0	0	ㄓㄨㄥ	[CNS]
𫓪	0	0	ㄧㄢˊ	[CNS]
𫓫	0	0	ㄒㄧ	[CNS]
𫓬	0	0	ㄗㄚ	[CNS]
𫓭	0	0	ㄧㄤ	[CNS]
𫓮	0	0	ㄔㄨˊ	[CNS]
𫓰	0	0	ㄏㄨㄟˋ	[CNS]
𫓰	0	0	ㄩㄝˋ	[CNS]
𫓱	0	0	ㄑㄧㄠˊ	[CNS]
𫓲	0	0	ㄐㄩㄣ	[CNS]
𫓳	0	0	ㄌㄞˇ	[CNS]
𫓴	0	0	ㄇㄠˊ	[CNS]
𫓴	0	0	ㄇㄡˊ	[CNS]
𫓵	0	0	ㄕㄣˋ	[CNS]
𫓷	0	0	ㄒㄩㄢˊ	[CNS]
𫓸	0	0	ㄨㄢˇ	[CNS]
𫓺	0	0	ㄌㄨˇ	[CNS]
𫓻	0	0	ㄋㄧㄝˋ	[CNS]
𫓼	0	0	ㄏㄢˋ	[CNS]
𫓽	0	0	ㄗㄨㄥ	[CNS]
𫓾	0	0	ㄩˋ	[CNS]
𫓿	0	0	ㄔㄨㄟ	[CNS]
𫔀	0	0	ㄌㄧㄢˋ	[CNS]
𫔁	0	0	ㄅㄣˇ	[CNS]
𫔂	0	0	ㄉㄧ	[CNS]
𫔂	0	0	ㄉㄧˊ	[CNS]
𫔂	0	0	ㄔˊ	[CNS]
𫔂	0	0	ㄕ˙	[CNS]
𫔃	0	0	ㄌㄢˇ	[CNS]
𫔄	0	0	ㄖㄡˊ	[CNS]
𫔅	0	0	ㄙㄜˋ	[CNS]
𫔅	0	0	ㄙㄨㄛˇ	[CNS]
𫔆	0	0	ㄅㄚˋ	[CNS]
𫔆	0	0	ㄅㄟ	[CNS]
𫔇	0	0	ㄆㄧ	[CNS]
𫔇	0	0	ㄆㄧˊ	[CNS]
𫔈	0	0	ㄕㄨㄛˋ	[CNS]
𫔉	0	0	ㄧㄥ	[CNS]
𫔊	0	0	ㄒㄧㄡˋ	[CNS]
𫔋	0	0	ㄎㄨㄢˇ	[CNS]
𫔌	0	0	ㄒㄧㄢˋ	[CNS]
𫔌	0	0	ㄙㄚˋ	[CNS]
𫔌	0	0	ㄙㄢˇ	[CNS]
𫔏	0	0	ㄔㄢˊ	[CNS]
𫔐	0	0	ㄍㄨˇ	[CNS]
𫔑	0	0	ㄓㄢˇ	[CNS]
𫔒	0	0	ㄒㄩㄥˊ	[CNS]
𫔓	0	0	ㄏㄨㄛˋ	[CNS]
𫔔	0	0	ㄒㄧ	[CNS]
𫔕	0	0	ㄌㄟˋ	[CNS]
𫔖	0	0	ㄋㄨㄥˊ	[CNS]
𫔗	0	0	ㄊㄧㄢˇ	[CNS]
𫔘	0	0	ㄕㄨㄢ	[CNS]
𫔙	0	0	ㄓㄣˋ	[CNS]
𫔚	0	0	ㄓㄨㄥ	[CNS]
𫔚	0	0	ㄓㄨㄥˋ	[CNS]
𫔛	0	0	ㄏㄨㄚ	[CNS]
𫔛	0	0	ㄏㄨㄚˋ	[CNS]
𫔜	0	0	ㄓㄢ	[CNS]
𫔜	0	0	ㄔㄢ	[CNS]
𫔝	0	0	ㄇㄨˋ	[CNS]
𫔞	0	0	ㄊㄧㄢˊ	[CNS]
𫔟	0	0	ㄉㄞˋ	[CNS]
𫔠	0	0	ㄉㄨㄥ	[CNS]
𫔡	0	0	ㄉㄡˋ	[CNS]
𫔢	0	0	ㄍㄨㄢ	[CNS]
𫔣	0	0	ㄌㄧˋ	[CNS]
𫔤	0	0	ㄐㄩˇ	[CNS]
𫔥	0	0	ㄑㄧˊ	[CNS]
𫔦	0	0	ㄨˇ	[CNS]
𫔧	0	0	ㄅㄧˋ	[CNS]
𫔨	0	0	ㄕˊ	[CNS]
𫔩	0	0	ㄇㄛˋ	[CNS]
𫔪	0	0	ㄧˋ	[CNS]
𫔫	0	0	ㄒㄧㄢˇ	[CNS]
𫔬	0	0	ㄨㄢˋ	[CNS]
𫔭	0	0	ㄎㄞ	[CNS]
𫔮	0	0	ㄒㄧㄢˊ	[CNS]
𫔯	0	0	ㄉㄡˋ	[CNS]
𫔰	0	0	ㄅㄧㄢˋ	[CNS]
𫔰	0	0	ㄍㄨㄢ	[CNS]
𫔱	0	0	ㄌㄨㄢˊ	[CNS]
𫔲	0	0	ㄒㄧㄠ	[CNS]
𫔳	0	0	ㄐㄩˇ	[CNS]
𫔴	0	0	ㄌㄧㄣˋ	[CNS]
𫔵	0	0	ㄓˋ	[CNS]
𫔷	0	0	ㄎㄞ	[CNS]
𫔸	0	0	ㄐㄩˇ	[CNS]
𫔹	0	0	ㄋㄠˋ	[CNS]
𫔺	0	0	ㄉㄚˋ	[CNS]
𫔻	0	0	ㄨㄣˊ	[CNS]
𫔼	0	0	ㄒㄧㄡˋ	[CNS]
𫔽	0	0	ㄙㄨㄟˊ	[CNS]
𫔾	0	0	ㄦˇ	[CNS]
𫔿	0	0	ㄉㄧㄥ	[CNS]
𫕀	0	0	ㄍㄨㄢ	[CNS]
𫕁	0	0	ㄨˊ	[CNS]
𫕂	0	0	ㄩㄢˋ	[CNS]
𫕃	0	0	ㄒㄩˋ	[CNS]
𫕄	0	0	ㄧㄢ	[CNS]
𫕅	0	0	ㄐㄧ	[CNS]
𫕆	0	0	ㄍㄜˊ	[CNS]
𫕇	0	0	ㄧˊ	[CNS]
𫕈	0	0	ㄜˋ	[CNS]
𫕈	0	0	ㄞˋ	[CNS]
𫕈	0	0	ㄧㄝˋ	[CNS]
𫕉	0	0	ㄩㄢˋ	[CNS]
𫕊	0	0	ㄩㄢˊ	[CNS]
𫕋	0	0	ㄔㄥ	[CNS]
𫕋	0	0	ㄔㄥˋ	[CNS]
𫕌	0	0	ㄅㄧㄢˇ	[CNS]
𫕍	0	0	ㄒㄩㄢ	[CNS]
𫕎	0	0	ㄨㄥˇ	[CNS]
𫕏	0	0	ㄖㄣˊ	[CNS]
𫕐	0	0	ㄕㄨㄤˇ	[CNS]
𫕑	0	0	ㄈㄨˊ	[CNS]
𫕒	0	0	ㄕˋ	[CNS]
𫕓	0	0	ㄓㄨㄛˊ	[CNS]
𫕔	0	0	ㄌㄧㄠˊ	[CNS]
𫕕	0	0	ㄍㄜˊ	[CNS]
𫕖	0	0	ㄧㄣˊ	[CNS]
𫕗	0	0	ㄈㄤˊ	[CNS]
𫕘	0	0	ㄐㄧㄤ	[CNS]
𫕙	0	0	ㄌㄧˋ	[CNS]
𫕚	0	0	ㄘㄨㄥˊ	[CNS]
𫕛	0	0	ㄍㄨㄚ	[CNS]
𫕜	0	0	ㄓㄨㄟ	[CNS]
𫕝	0	0	ㄓˋ	[CNS]
𫕞	0	0	ㄌㄧㄥˊ	[CNS]
𫕟	0	0	ㄒㄧㄠ	[CNS]
𫕠	0	0	ㄅㄚ	[CNS]
𫕡	0	0	ㄅㄟˇ	[CNS]
𫕢	0	0	ㄇㄟˊ	[CNS]
𫕣	0	0	ㄒㄩㄝˇ	[CNS]
𫕤	0	0	ㄖㄣˋ	[CNS]
𫕥	0	0	ㄩㄣˇ	[CNS]
𫕦	0	0	ㄨㄣˊ	[CNS]
𫕧	0	0	ㄈㄣ	[CNS]
𫕨	0	0	ㄘㄢ	[CNS]
𫕩	0	0	ㄏㄨㄥˊ	[CNS]
𫕪	0	0	ㄌㄧㄝˋ	[CNS]
𫕫	0	0	ㄓㄣˋ	[CNS]
𫕬	0	0	ㄌㄜˋ	[CNS]
𫕭	0	0	ㄆㄥˇ	[CNS]
𫕮	0	0	ㄍㄜˊ	[CNS]
𫕯	0	0	ㄨㄟˊ	[CNS]
𫕰	0	0	ㄆㄤ	[CNS]
𫕱	0	0	ㄐㄧˊ	[CNS]
𫕲	0	0	ㄩˊ	[CNS]
𫕳	0	0	ㄧˋ	[CNS]
𫕴	0	0	ㄞˇ	[CNS]
𫕵	0	0	ㄗㄜˊ	[CNS]
𫕶	0	0	ㄆㄧ	[CNS]
𫕷	0	0	ㄍㄨㄢˋ	[CNS]
𫕸	0	0	ㄑㄧㄥ	[CNS]
𫕹	0	0	ㄑㄧㄥ	[CNS]
𫕺	0	0	ㄅㄢˋ	[CNS]
𫕻	0	0	ㄑㄧㄥ	[CNS]
𫕼	0	0	ㄐㄧㄥˋ	[CNS]
𫕽	0	0	ㄈㄟ	[CNS]
𫕾	0	0	ㄓˋ	[CNS]
𫕿	0	0	ㄒㄧㄤˊ	[CNS]
𫖀	0	0	ㄇㄛˋ	[CNS]
𫖁	0	0	ㄓㄠˋ	[CNS]
𫖂	0	0	ㄋㄚˋ	[CNS]
𫖃	0	0	ㄇㄛˋ	[CNS]
𫖃	0	0	ㄇㄟˋ	[CNS]
𫖃	0	0	ㄏㄨㄟˋ	[CNS]
𫖄	0	0	ㄋㄚˊ	[CNS]
𫖅	0	0	ㄌㄨㄥˊ	[CNS]
𫖆	0	0	ㄓˇ	[CNS]
𫖇	0	0	ㄒㄩㄝ	[CNS]
𫖈	0	0	ㄍㄜˊ	[CNS]
𫖉	0	0	ㄅㄟˋ	[CNS]
𫖊	0	0	ㄊㄢˊ	[CNS]
𫖋	0	0	ㄉㄧㄢˋ	[CNS]
𫖌	0	0	ㄨㄟˊ	[CNS]
𫖍	0	0	ㄈㄨˊ	[CNS]
𫖎	0	0	ㄐㄧㄥ	[CNS]
𫖏	0	0	ㄇㄢˋ	[CNS]
𫖐	0	0	ㄧ	[CNS]
𫖑	0	0	ㄑㄧㄣˊ	[CNS]
𫖒	0	0	ㄅㄧˋ	[CNS]
𫖓	0	0	ㄅㄧㄥˇ	[CNS]
𫖔	0	0	ㄈㄨˊ	[CNS]
𫖕	0	0	ㄍㄡ	[CNS]
𫖖	0	0	ㄓㄥˋ	[CNS]
𫖗	0	0	ㄑㄧㄣˋ	[CNS]
𫖘	0	0	ㄅㄧㄢˋ	[CNS]
𫖙	0	0	ㄓㄣ	[CNS]
𫖚	0	0	ㄧㄣˊ	[CNS]
𫖛	0	0	ㄏㄨㄚˊ	[CNS]
𫖜	0	0	ㄇㄨˋ	[CNS]
𫖝	0	0	ㄅㄧˇ	[CNS]
𫖞	0	0	ㄑㄧˊ	[CNS]
𫖟	0	0	ㄊㄨㄟ	[CNS]
𫖟	0	0	ㄨㄟ	[CNS]
𫖡	0	0	ㄎㄜˊ	[CNS]
𫖢	0	0	ㄏㄠˋ	[CNS]
𫖣	0	0	ㄓㄣ	[CNS]
𫖤	0	0	ㄨ	[CNS]
𫖥	0	0	ㄎㄞˇ	[CNS]
𫖦	0	0	ㄕㄤˋ	[CNS]
𫖧	0	0	ㄐㄧㄥˇ	[CNS]
𫖨	0	0	ㄌㄧˊ	[CNS]
𫖩	0	0	ㄌㄧㄝ	[CNS]
𫖪	0	0	ㄍㄨ	[CNS]
𫖫	0	0	ㄉㄢˇ	[CNS]
𫖫	0	0	ㄉㄢˋ	[CNS]
𫖫	0	0	ㄓㄣˇ	[CNS]
𫖬	0	0	ㄓㄣˇ	[CNS]
𫖭	0	0	ㄊㄞˊ	[CNS]
𫖰	0	0	ㄉㄨㄛˋ	[CNS]
𫖱	0	0	ㄍㄣˇ	[CNS]
𫖱	0	0	ㄍㄣˋ	[CNS]
𫖲	0	0	ㄩㄢˊ	[CNS]
𫖴	0	0	ㄗㄜˊ	[CNS]
𫖵	0	0	ㄩㄝˋ	[CNS]
𫖶	0	0	ㄑㄧㄢ	[CNS]
𫖷	0	0	ㄧㄝˋ	[CNS]
𫖸	0	0	ㄩㄢˋ	[CNS]
𫖹	0	0	ㄘㄨˋ	[CNS]
𫖺	0	0	ㄈㄢˊ	[CNS]
𫖻	0	0	ㄍㄨㄥ	[CNS]
𫖼	0	0	ㄇㄛˋ	[CNS]
𫖽	0	0	ㄅㄧˇ	[CNS]
𫖾	0	0	ㄩˊ	[CNS]
𫖿	0	0	ㄇㄟˇ	[CNS]
𫗀	0	0	ㄏㄞˇ	[CNS]
𫗁	0	0	ㄊㄨㄟˋ	[CNS]
𫗂	0	0	ㄊㄨㄟˋ	[CNS]
𫗃	0	0	ㄩˋ	[CNS]
𫗄	0	0	ㄩˋ	[CNS]
𫗅	0	0	ㄅㄧˋ	[CNS]
𫗆	0	0	ㄏㄨㄟˋ	[CNS]
𫗇	0	0	ㄩˋ	[CNS]
𫗈	0	0	ㄅㄛˊ	[CNS]
𫗉	0	0	ㄅㄥˇ	[CNS]
𫗊	0	0	ㄢˋ	[CNS]
𫗋	0	0	ㄙㄜˋ	[CNS]
𫗌	0	0	ㄅㄣ	[CNS]
𫗍	0	0	ㄒㄧㄠˋ	[CNS]
𫗎	0	0	ㄐㄩˋ	[CNS]
𫗏	0	0	ㄧㄡˇ	[CNS]
𫗐	0	0	ㄑㄩㄢˊ	[CNS]
𫗑	0	0	ㄐㄧㄡˋ	[CNS]
𫗒	0	0	ㄢ	[CNS]
𫗓	0	0	ㄍㄠˋ	[CNS]
𫗔	0	0	ㄖㄨㄢˇ	[CNS]
𫗕	0	0	ㄋㄢˊ	[CNS]
𫗖	0	0	ㄇㄧㄢˋ	[CNS]
𫗗	0	0	ㄇㄟˊ	[CNS]
𫗘	0	0	ㄏㄞˇ	[CNS]
𫗙	0	0	ㄗㄜˊ	[CNS]
𫗚	0	0	ㄐㄧㄢˋ	[CNS]
𫗛	0	0	ㄍㄜ	[CNS]
𫗜	0	0	ㄒㄩ	[CNS]
𫗝	0	0	ㄐㄧㄢ	[CNS]
𫗞	0	0	ㄐㄧㄢ	[CNS]
𫗞	0	0	ㄓㄢ	[CNS]
𫗟	0	0	ㄩㄢˊ	[CNS]
𫗠	0	0	ㄓㄤ	[CNS]
𫗡	0	0	ㄏㄨˊ	[CNS]
𫗢	0	0	ㄗㄜˊ	[CNS]
𫗢	0	0	ㄗㄨㄛˋ	[CNS]
𫗣	0	0	ㄅㄧˋ	[CNS]
𫗤	0	0	ㄗˋ	[CNS]
𫗥	0	0	ㄏㄨㄣˊ	[CNS]
𫗥	0	0	ㄩㄣˋ	[CNS]
𫗦	0	0	ㄅㄨ	[CNS]
𫗦	0	0	ㄅㄨˋ	[CNS]
𫗨	0	0	ㄌㄤˊ	[CNS]
𫗩	0	0	ㄌㄨㄛˊ	[CNS]
𫗪	0	0	ㄨㄟˋ	[CNS]
𫗫	0	0	ㄏㄨˊ	[CNS]
𫗬	0	0	ㄋㄨㄢˇ	[CNS]
𫗭	0	0	ㄨㄟˋ	[CNS]
𫗮	0	0	ㄏㄨㄤˊ	[CNS]
𫗯	0	0	ㄏㄡˊ	[CNS]
𫗰	0	0	ㄉㄨㄟ	[CNS]
𫗱	0	0	ㄌㄧㄢˇ	[CNS]
𫗲	0	0	ㄙ	[CNS]
𫗳	0	0	ㄑㄧㄤˋ	[CNS]
𫗵	0	0	ㄋㄤˊ	[CNS]
𫗶	0	0	ㄏㄨ	[CNS]
𫗷	0	0	ㄉㄞ	[CNS]
𫗸	0	0	ㄒㄧˊ	[CNS]
𫗹	0	0	ㄓㄣˇ	[CNS]
𫗺	0	0	ㄠˊ	[CNS]
𫗻	0	0	ㄇㄧㄠˋ	[CNS]
𫗼	0	0	ㄍㄨㄟ	[CNS]
𫗽	0	0	ㄑㄩㄢˊ	[CNS]
𫗾	0	0	ㄓˊ	[CNS]
𫗿	0	0	ㄈㄟˇ	[CNS]
𫘀	0	0	ㄠˊ	[CNS]
𫘁	0	0	ㄗㄜˊ	[CNS]
𫘂	0	0	ㄐㄧˊ	[CNS]
𫘃	0	0	ㄒㄧㄣ	[CNS]
𫘄	0	0	ㄅㄠˇ	[CNS]
𫘅	0	0	ㄩˋ	[CNS]
𫘆	0	0	ㄈㄨ	[CNS]
𫘇	0	0	ㄆㄧ	[CNS]
𫘈	0	0	ㄕㄨ	[CNS]
𫘉	0	0	ㄏㄨㄛˇ	[CNS]
𫘊	0	0	ㄒㄧ	[CNS]
𫘋	0	0	ㄑㄧㄥ	[CNS]
𫘌	0	0	ㄏㄨˇ	[CNS]
𫘍	0	0	ㄐㄩㄥ	[CNS]
𫘎	0	0	ㄇㄨˋ	[CNS]
𫘏	0	0	ㄇㄧㄢˇ	[CNS]
𫘐	0	0	ㄔㄨㄥˊ	[CNS]
𫘑	0	0	ㄇㄚˇ	[CNS]
𫘑	0	0	ㄇㄟˇ	[CNS]
𫘒	0	0	ㄈㄨ	[CNS]
𫘓	0	0	ㄙㄨˋ	[CNS]
𫘔	0	0	ㄈㄨˋ	[CNS]
𫘕	0	0	ㄐㄧㄢ	[CNS]
𫘖	0	0	ㄓˇ	[CNS]
𫘗	0	0	ㄌㄞˊ	[CNS]
𫘘	0	0	ㄌㄨˋ	[CNS]
𫘙	0	0	ㄈㄥˋ	[CNS]
𫘚	0	0	ㄈㄣˋ	[CNS]
𫘛	0	0	ㄏㄢˋ	[CNS]
𫘞	0	0	ㄊㄨㄛˊ	[CNS]
𫘟	0	0	ㄆㄛˇ	[CNS]
𫘠	0	0	ㄓˋ	[CNS]
𫘡	0	0	ㄐㄩㄥ	[CNS]
𫘢	0	0	ㄒㄧㄥˋ	[CNS]
𫘣	0	0	ㄏㄢˋ	[CNS]
𫘤	0	0	ㄙˋ	[CNS]
𫘤	0	0	ㄞˊ	[CNS]
𫘥	0	0	ㄎㄨㄣ	[CNS]
𫘫	0	0	ㄧㄢˋ	[CNS]
𫘭	0	0	ㄕㄨㄤ	[CNS]
𫘮	0	0	ㄓㄜˊ	[CNS]
𫘯	0	0	ㄘㄥˊ	[CNS]
𫘰	0	0	ㄓㄢ	[CNS]
𫘰	0	0	ㄓㄢˋ	[CNS]
𫘱	0	0	ㄒㄧˊ	[CNS]
𫘲	0	0	ㄒㄩˋ	[CNS]
𫘳	0	0	ㄐㄧㄢˋ	[CNS]
𫘴	0	0	ㄨ	[CNS]
𫘵	0	0	ㄌㄧㄠˇ	[CNS]
𫘶	0	0	ㄍㄠ	[CNS]
𫘷	0	0	ㄗㄠˇ	[CNS]
𫘸	0	0	ㄧˇ	[CNS]
𫘹	0	0	ㄐㄧㄡˇ	[CNS]
𫘺	0	0	ㄋㄩˇ	[CNS]
𫘺	0	0	ㄋㄩˋ	[CNS]
𫘺	0	0	ㄖㄨˇ	[CNS]
𫘻	0	0	ㄖㄨㄥˇ	[CNS]
𫘼	0	0	ㄧㄡˊ	[CNS]
𫘽	0	0	ㄎㄨㄛˋ	[CNS]
𫘾	0	0	ㄔㄣˊ	[CNS]
𫘿	0	0	ㄐㄩㄣ	[CNS]
𫙀	0	0	ㄑㄧˊ	[CNS]
𫙁	0	0	ㄇㄧㄢˇ	[CNS]
𫙂	0	0	ㄌㄩˇ	[CNS]
𫙃	0	0	ㄇㄢˊ	[CNS]
𫙃	0	0	ㄇㄧㄢˊ	[CNS]
𫙄	0	0	ㄓㄨㄥ	[CNS]
𫙅	0	0	ㄩㄥˋ	[CNS]
𫙆	0	0	ㄈㄨˇ	[CNS]
𫙇	0	0	ㄏㄨㄛˋ	[CNS]
𫙈	0	0	ㄅㄚ	[CNS]
𫙉	0	0	ㄈㄨˇ	[CNS]
𫙊	0	0	ㄧㄤˊ	[CNS]
𫙋	0	0	ㄌㄧˋ	[CNS]
𫙌	0	0	ㄍㄨㄚˋ	[CNS]
𫙍	0	0	ㄇㄥˋ	[CNS]
𫙎	0	0	ㄊㄢˊ	[CNS]
𫙏	0	0	ㄕˊ	[CNS]
𫙐	0	0	ㄩˊ	[CNS]
𫙑	0	0	ㄨㄤˇ	[CNS]
𫙒	0	0	ㄧㄣˇ	[CNS]
𫙓	0	0	ㄕˇ	[CNS]
𫙔	0	0	ㄌㄨˊ	[CNS]
𫙕	0	0	ㄒㄩㄝˋ	[CNS]
𫙖	0	0	ㄋㄧˊ	[CNS]
𫙘	0	0	ㄒㄧ	[CNS]
𫙚	0	0	ㄒㄧㄥˊ	[CNS]
𫙛	0	0	ㄌㄟˇ	[CNS]
𫙜	0	0	ㄨㄤˋ	[CNS]
𫙝	0	0	ㄕㄥˋ	[CNS]
𫙞	0	0	ㄙㄠ	[CNS]
𫙟	0	0	ㄐㄧㄣ	[CNS]
𫙠	0	0	ㄊㄨㄣˊ	[CNS]
𫙡	0	0	ㄉㄨㄣˋ	[CNS]
𫙢	0	0	ㄧㄝˋ	[CNS]
𫙣	0	0	ㄌㄧˇ	[CNS]
𫙤	0	0	ㄏㄤˊ	[CNS]
𫙥	0	0	ㄕㄤˋ	[CNS]
𫙦	0	0	ㄨˋ	[CNS]
𫙧	0	0	ㄐㄧㄣˋ	[CNS]
𫙩	0	0	ㄗ	[CNS]
𫙪	0	0	ㄏㄨㄢˋ	[CNS]
𫙫	0	0	ㄅㄠˋ	[CNS]
𫙬	0	0	ㄤˋ	[CNS]
𫙭	0	0	ㄔㄢˊ	[CNS]
𫙮	0	0	ㄐㄧㄝˊ	[CNS]
𫙯	0	0	ㄒㄧㄡ	[CNS]
𫙰	0	0	ㄅㄞˋ	[CNS]
𫙱	0	0	ㄍㄢ	[CNS]
𫙱	0	0	ㄑㄧㄢˊ	[CNS]
𫙲	0	0	ㄔㄤˊ	[CNS]
𫙳	0	0	ㄈㄨˊ	[CNS]
𫙴	0	0	ㄕㄨˋ	[CNS]
𫙵	0	0	ㄅㄧˋ	[CNS]
𫙶	0	0	ㄒㄧˋ	[CNS]
𫙷	0	0	ㄍㄨㄟˋ	[CNS]
𫙸	0	0	ㄎㄞ	[CNS]
𫙹	0	0	ㄌㄢˊ	[CNS]
𫙺	0	0	ㄐㄧˊ	[CNS]
𫙻	0	0	ㄈㄨˋ	[CNS]
𫙼	0	0	ㄉㄥ	[CNS]
𫙽	0	0	ㄨㄢˋ	[CNS]
𫙾	0	0	ㄗ	[CNS]
𫙾	0	0	ㄗㄨㄟˇ	[CNS]
𫙿	0	0	ㄇㄢˋ	[CNS]
𫚀	0	0	ㄒㄧㄣ	[CNS]
𫚁	0	0	ㄗ	[CNS]
𫚂	0	0	ㄐㄧㄝˊ	[CNS]
𫚃	0	0	ㄒㄩㄝˊ	[CNS]
𫚄	0	0	ㄅㄟˋ	[CNS]
𫚅	0	0	ㄌㄚˋ	[CNS]
𫚆	0	0	ㄩㄢˋ	[CNS]
𫚇	0	0	ㄕㄨˇ	[CNS]
𫚈	0	0	ㄒㄩˋ	[CNS]
𫚉	0	0	ㄏㄨㄥ	[CNS]
𫚊	0	0	ㄧㄤˊ	[CNS]
𫚋	0	0	ㄓㄨㄢ	[CNS]
𫚌	0	0	ㄕㄚ	[CNS]
𫚍	0	0	ㄈㄣˋ	[CNS]
𫚎	0	0	ㄅㄧㄥˇ	[CNS]
𫚏	0	0	ㄑㄧㄠˊ	[CNS]
𫚐	0	0	ㄧㄤˊ	[CNS]
𫚑	0	0	ㄅㄧˋ	[CNS]
𫚒	0	0	ㄈㄨˊ	[CNS]
𫚓	0	0	ㄌㄧㄝˋ	[CNS]
𫚔	0	0	ㄏㄨㄟˊ	[CNS]
𫚗	0	0	ㄏㄜˊ	[CNS]
𫚘	0	0	ㄏㄨㄚˊ	[CNS]
𫚘	0	0	ㄏㄨㄚˋ	[CNS]
𫚙	0	0	ㄅㄨ	[CNS]
𫚙	0	0	ㄆㄨ	[CNS]
𫚚	0	0	ㄓㄜˊ	[CNS]
𫚛	0	0	ㄉㄨㄛˊ	[CNS]
𫚜	0	0	ㄍㄨㄟ	[CNS]
𫚝	0	0	ㄏㄨㄚˋ	[CNS]
𫚞	0	0	ㄌㄧˊ	[CNS]
𫚟	0	0	ㄍㄤ	[CNS]
𫚟	0	0	ㄔㄣˊ	[CNS]
𫚠	0	0	ㄕㄢˋ	[CNS]
𫚡	0	0	ㄓㄡˇ	[CNS]
𫚢	0	0	ㄧㄢˇ	[CNS]
𫚣	0	0	ㄅㄧㄢ	[CNS]
𫚤	0	0	ㄗ	[CNS]
𫚥	0	0	ㄏㄚˊ	[CNS]
𫚥	0	0	ㄒㄧㄚ	[CNS]
𫚦	0	0	ㄖㄨㄥˊ	[CNS]
𫚧	0	0	ㄐㄧㄡˋ	[CNS]
𫚧	0	0	ㄑㄧㄡˊ	[CNS]
𫚨	0	0	ㄅㄨˋ	[CNS]
𫚩	0	0	ㄆㄥˊ	[CNS]
𫚪	0	0	ㄩˋ	[CNS]
𫚫	0	0	ㄙㄠ	[CNS]
𫚬	0	0	ㄌㄧㄠˊ	[CNS]
𫚮	0	0	ㄧˋ	[CNS]
𫚯	0	0	ㄧㄢˋ	[CNS]
𫚰	0	0	ㄅㄧˇ	[CNS]
𫚱	0	0	ㄑㄩˊ	[CNS]
𫚲	0	0	ㄓㄣˋ	[CNS]
𫚳	0	0	ㄓㄢˋ	[CNS]
𫚴	0	0	ㄋㄧㄠˇ	[CNS]
𫚵	0	0	ㄇㄠˇ	[CNS]
𫚶	0	0	ㄏㄨ	[CNS]
𫚸	0	0	ㄧㄡˇ	[CNS]
𫚹	0	0	ㄇㄠˇ	[CNS]
𫚺	0	0	ㄆㄞˋ	[CNS]
𫚻	0	0	ㄏㄠˇ	[CNS]
𫚼	0	0	ㄐㄩㄢ	[CNS]
𫚽	0	0	ㄓㄥ	[CNS]
𫚾	0	0	ㄨˊ	[CNS]
𫚿	0	0	ㄧㄡ	[CNS]
𫛀	0	0	ㄋㄚˋ	[CNS]
𫛁	0	0	ㄨˇ	[CNS]
𫛂	0	0	ㄑㄧˊ	[CNS]
𫛃	0	0	ㄎㄨㄤˊ	[CNS]
𫛃	0	0	ㄏㄨㄤˊ	[CNS]
𫛄	0	0	ㄅㄨˋ	[CNS]
𫛅	0	0	ㄒㄧㄣ	[CNS]
𫛆	0	0	ㄩㄥ	[CNS]
𫛇	0	0	ㄋㄨˇ	[CNS]
𫛈	0	0	ㄍㄨ	[CNS]
𫛉	0	0	ㄧㄝ	[CNS]
𫛊	0	0	ㄈㄟ	[CNS]
𫛋	0	0	ㄉㄞˋ	[CNS]
𫛌	0	0	ㄍㄜˊ	[CNS]
𫛍	0	0	ㄑㄧㄣˊ	[CNS]
𫛎	0	0	ㄒㄧㄠˋ	[CNS]
𫛏	0	0	ㄏㄜˋ	[CNS]
𫛐	0	0	ㄍㄨㄛˊ	[CNS]
𫛑	0	0	ㄙㄤˋ	[CNS]
𫛒	0	0	ㄍㄡˇ	[CNS]
𫛓	0	0	ㄏㄨㄚˊ	[CNS]
𫛔	0	0	ㄨㄟˊ	[CNS]
𫛕	0	0	ㄐㄧㄠˋ	[CNS]
𫛖	0	0	ㄒㄩㄥˊ	[CNS]
𫛗	0	0	ㄊㄢˋ	[CNS]
𫛘	0	0	ㄆㄛˋ	[CNS]
𫛘	0	0	ㄐㄧㄠˇ	[CNS]
𫛙	0	0	ㄑㄧㄝˋ	[CNS]
𫛚	0	0	ㄐㄧㄢ	[CNS]
𫛚	0	0	ㄧㄢˊ	[CNS]
𫛛	0	0	ㄓ	[CNS]
𫛛	0	0	ㄕˋ	[CNS]
𫛜	0	0	ㄈㄡˇ	[CNS]
𫛝	0	0	ㄏㄨㄢ	[CNS]
𫛞	0	0	ㄐㄩˊ	[CNS]
𫛞	0	0	ㄐㄩㄝˊ	[CNS]
𫛟	0	0	ㄌㄨㄥˊ	[CNS]
𫛠	0	0	ㄓㄚˊ	[CNS]
𫛡	0	0	ㄈㄨˊ	[CNS]
𫛢	0	0	ㄋㄧㄥˊ	[CNS]
𫛣	0	0	ㄩˋ	[CNS]
𫛤	0	0	ㄐㄧㄚ	[CNS]
𫛥	0	0	ㄐㄧㄚˊ	[CNS]
𫛦	0	0	ㄨ	[CNS]
𫛧	0	0	ㄑㄧㄡ	[CNS]
𫛨	0	0	ㄆㄧㄥˊ	[CNS]
𫛩	0	0	ㄧㄢˋ	[CNS]
𫛪	0	0	ㄖㄨˊ	[CNS]
𫛫	0	0	ㄩㄢˊ	[CNS]
𫛬	0	0	ㄊㄨˊ	[CNS]
𫛮	0	0	ㄅㄧㄝ	[CNS]
𫛯	0	0	ㄈㄤˇ	[CNS]
𫛰	0	0	ㄑㄧˊ	[CNS]
𫛱	0	0	ㄓㄠˋ	[CNS]
𫛲	0	0	ㄉㄧㄠ	[CNS]
𫛳	0	0	ㄈㄨˊ	[CNS]
𫛴	0	0	ㄊㄢˊ	[CNS]
𫛴	0	0	ㄊㄧˊ	[CNS]
𫛵	0	0	ㄑㄩ	[CNS]
𫛶	0	0	ㄔˋ	[CNS]
𫛷	0	0	ㄏㄨˊ	[CNS]
𫛸	0	0	ㄊㄢˊ	[CNS]
𫛸	0	0	ㄊㄧˊ	[CNS]
𫛹	0	0	ㄇㄧㄠˇ	[CNS]
𫛺	0	0	ㄏㄡˊ	[CNS]
𫛻	0	0	ㄉㄨㄛˊ	[CNS]
𫛼	0	0	ㄎㄨㄟˊ	[CNS]
𫛽	0	0	ㄌㄧˋ	[CNS]
𫛾	0	0	ㄔㄨˊ	[CNS]
𫛿	0	0	ㄕㄜˋ	[CNS]
𫜀	0	0	ㄔㄣˊ	[CNS]
𫜁	0	0	ㄅㄧˋ	[CNS]
𫜁	0	0	ㄅㄧㄝ	[CNS]
𫜂	0	0	ㄓㄤ	[CNS]
𫜃	0	0	ㄧㄣˊ	[CNS]
𫜄	0	0	ㄗㄨㄣ	[CNS]
𫜅	0	0	ㄒㄩㄢˊ	[CNS]
𫜆	0	0	ㄌㄧㄠˋ	[CNS]
𫜇	0	0	ㄇㄧˇ	[CNS]
𫜈	0	0	ㄇㄟˇ	[CNS]
𫜉	0	0	ㄩˇ	[CNS]
𫜊	0	0	ㄨㄣ	[CNS]
𫜋	0	0	ㄐㄧˇ	[CNS]
𫜌	0	0	ㄑㄧㄢˋ	[CNS]
𫜍	0	0	ㄌㄧㄣˊ	[CNS]
𫜎	0	0	ㄓˇ	[CNS]
𫜏	0	0	ㄌㄧㄣˊ	[CNS]
𫜐	0	0	ㄏㄨˇ	[CNS]
𫜑	0	0	ㄈㄥ	[CNS]
𫜒	0	0	ㄊㄨㄛ	[CNS]
𫜓	0	0	ㄐㄩㄢ	[CNS]
𫜔	0	0	ㄆㄧˊ	[CNS]
𫜕	0	0	ㄎㄨ	[CNS]
𫜖	0	0	ㄐㄧˊ	[CNS]
𫜗	0	0	ㄇㄚˊ	[CNS]
𫜗	0	0	ㄌㄧˋ	[CNS]
𫜘	0	0	ㄕˋ	[CNS]
𫜙	0	0	ㄗㄥˋ	[CNS]
𫜙	0	0	ㄧㄥˋ	[CNS]
𫜙	0	0	ㄩㄣˋ	[CNS]
𫜚	0	0	ㄏㄨ	[CNS]
𫜛	0	0	ㄈㄟ	[CNS]
𫜜	0	0	ㄒㄧ	[CNS]
𫜝	0	0	ㄇㄧㄣˇ	[CNS]
𫜞	0	0	ㄇㄛˋ	[CNS]
𫜟	0	0	ㄘㄨˋ	[CNS]
𫜠	0	0	ㄗˇ	[CNS]
𫜡	0	0	ㄅㄤˋ	[CNS]
𫜡	0	0	ㄆㄤˊ	[CNS]
𫜢	0	0	ㄧ	[CNS]
𫜣	0	0	ㄉㄥ	[CNS]
𫜤	0	0	ㄅㄧˊ	[CNS]
𫜥	0	0	ㄇㄡˇ	[CNS]
𫜦	0	0	ㄅㄨˇ	[CNS]
𫜧	0	0	ㄋㄧㄥˊ	[CNS]
𫜨	0	0	ㄅㄚ	[CNS]
𫜩	0	0	ㄋㄧㄝˋ	[CNS]
𫜪	0	0	ㄐㄧㄠ	[CNS]
𫜪	0	0	ㄧㄠˇ	[CNS]
𫜫	0	0	ㄅㄨˇ	[CNS]
𫜬	0	0	ㄗㄜˊ	[CNS]
𫜭	0	0	ㄔㄨˇ	[CNS]
𫜮	0	0	ㄧㄢˇ	[CNS]
𫜯	0	0	ㄐㄧㄝˋ	[CNS]
𫜰	0	0	ㄧㄚˋ	[CNS]
𫜱	0	0	ㄌㄨㄥˊ	[CNS]
𫜲	0	0	ㄌㄨㄥˊ	[CNS]
𫜳	0	0	ㄖㄢˊ	[CNS]
𫜴	0	0	ㄈㄣˊ	[CNS]
𫝁	0	0	ㄧㄚˇ	[CNS]
𫝂	0	0	ㄙㄨㄛˇ	[CNS]
𫝃	0	0	ㄦˇ	[CNS]
𫝄	0	0	ㄐㄧㄡˇ	[CNS]
𫝅	0	0	ㄔㄨㄥ	[CNS]
𫝆	0	0	ㄐㄧㄣ	[CNS]
𫝇	0	0	ㄇㄧㄥˋ	[CNS]
𫝈	0	0	ㄏㄨㄣˊ	[CNS]
𫝉	0	0	ㄘㄤ	[CNS]
𫝊	0	0	ㄈㄨˋ	[CNS]
𫝊	0	0	ㄓㄨㄢˋ	[CNS]
𫝊	0	0	ㄔㄨㄢˊ	[CNS]
𫝋	0	0	ㄕㄨˋ	[CNS]
𫝌	0	0	ㄩˇ	[CNS]
𫝐	0	0	ㄑㄧㄢˊ	[CNS]
𫝒	0	0	ㄐㄧㄡˋ	[CNS]
𫝓	0	0	ㄒㄧㄝˊ	[CNS]
𫝔	0	0	ㄧㄠˊ	[CNS]
𫝕	0	0	ㄔㄣˊ	[CNS]
𫝖	0	0	ㄐㄧㄢ	[CNS]
𫝚	0	0	ㄓㄨㄢˇ	[CNS]
𫝜	0	0	ㄘㄚˋ	[CNS]
𫝟	0	0	ㄇㄞˊ	[CNS]
𫝠	0	0	ㄊㄢˊ	[CNS]
𫝡	0	0	ㄉㄨㄛˋ	[CNS]
𫝢	0	0	ㄨㄞˋ	[CNS]
𫝣	0	0	ㄔㄨㄢˇ	[CNS]
𫝤	0	0	ㄗㄡˋ	[CNS]
𫝥	0	0	ㄧㄤˇ	[CNS]
𫝦	0	0	ㄅㄟˋ	[CNS]
𫝧	0	0	ㄕㄨˋ	[CNS]
𫝨	0	0	ㄏㄨㄟ	[CNS]
𫝩	0	0	ㄔㄡˊ	[CNS]
𫝪	0	0	ㄍㄨㄥˋ	[CNS]
𫝫	0	0	ㄌㄞˊ	[CNS]
𫝫	0	0	ㄌㄞˋ	[CNS]
𫝬	0	0	ㄏㄨㄟˋ	[CNS]
𫝭	0	0	ㄧㄥ	[CNS]
𫝮	0	0	ㄌㄢˇ	[CNS]
𫝯	0	0	ㄒㄩㄝˊ	[CNS]
𫝱	0	0	ㄋㄧㄥˊ	[CNS]
𫝲	0	0	ㄎㄠ	[CNS]
𫝳	0	0	ㄍㄨㄥ	[CNS]
𫝴	0	0	ㄏㄡˋ	[CNS]
𫝵	0	0	ㄉㄠˇ	[UNI]
𫝶	0	0	ㄗㄨㄛˋ	[CNS]
𫝷	0	0	ㄗㄨㄛˋ	[CNS]
𫝸	0	0	ㄧㄢˋ	[CNS]
𫝹	0	0	ㄋㄧㄢˋ	[CNS]
𫝿	0	0	ㄓㄨㄤˋ	[CNS]
𫝿	0	0	ㄔㄨㄥ	[CNS]
𫞀	0	0	ㄗㄨˊ	[CNS]
𫞁	0	0	ㄇㄟˇ	[CNS]
𫞃	0	0	ㄓㄠ	[CNS]
𫞅	0	0	ㄒㄩㄣˊ	[CNS]
𫞆	0	0	ㄍㄨˇ	[CNS]
𫞇	0	0	ㄌㄚˋ	[CNS]
𫞈	0	0	ㄔㄡˇ	[CNS]
𫞉	0	0	ㄌㄧㄡˇ	[CNS]
𫞊	0	0	ㄈㄤ	[CNS]
𫞋	0	0	ㄘㄨㄥ	[CNS]
𫞌	0	0	ㄉㄨㄢˋ	[CNS]
𫞍	0	0	ㄊㄢˊ	[CNS]
𫞐	0	0	ㄑㄩㄢˊ	[CNS]
𫞑	0	0	ㄇㄧㄢˇ	[CNS]
𫞒	0	0	ㄌㄧˋ	[CNS]
𫞓	0	0	ㄙㄨㄟˋ	[CNS]
𫞔	0	0	ㄐㄧㄢ	[CNS]
𫞖	0	0	ㄇㄧㄣˊ	[CNS]
𫞗	0	0	ㄇㄧㄣˇ	[CNS]
𫞘	0	0	ㄩㄢ	[CNS]
𫞙	0	0	ㄍㄨㄥ	[CNS]
𫞚	0	0	ㄗ	[CNS]
𫞛	0	0	ㄓㄨ	[CNS]
𫞛	0	0	ㄔㄨˊ	[CNS]
𫞝	0	0	ㄑㄩㄝˋ	[CNS]
𫞞	0	0	ㄍㄨㄢˋ	[CNS]
𫞠	0	0	ㄌㄧㄥˊ	[UNI]
𫞡	0	0	ㄖㄨㄥˊ	[CNS]
𫞡	0	0	ㄧㄥˊ	[CNS]
𫞢	0	0	ㄌㄨㄛˋ	[CNS]
𫞣	0	0	ㄔㄢˇ	[CNS]
𫞤	0	0	ㄩㄢˊ	[CNS]
𫞥	0	0	ㄅㄟˋ	[CNS]
𫞥	0	0	ㄇㄟˋ	[CNS]
𫞦	0	0	ㄐㄧˋ	[CNS]
𫞦	0	0	ㄗ	[CNS]
𫞧	0	0	ㄌㄠˊ	[CNS]
𫞨	0	0	ㄌㄢˊ	[CNS]
𫞪	0	0	ㄕㄣˋ	[CNS]
𫞬	0	0	ㄐㄧㄥˋ	[CNS]
𫞮	0	0	ㄍㄡ	[CNS]
𫞱	0	0	ㄊㄞˊ	[CNS]
𫞵	0	0	ㄧˊ	[CNS]
𫞶	0	0	ㄨˊ	[CNS]
𫞷	0	0	ㄎㄨㄟˋ	[CNS]
𫞸	0	0	ㄉㄨㄥ	[CNS]
𫞹	0	0	ㄎㄨㄥ	[CNS]
𫞺	0	0	ㄑㄧㄝˋ	[CNS]
𫞾	0	0	ㄅㄧˋ	[CNS]
𫞿	0	0	ㄌㄧㄤˊ	[CNS]
𫟀	0	0	ㄒㄩㄝˇ	[CNS]
𫟃	0	0	ㄖㄣˊ	[CNS]
𫟃	0	0	ㄖㄣˋ	[CNS]
𫟄	0	0	ㄏㄨㄥˊ	[CNS]
𫟆	0	0	ㄓㄨㄥˋ	[CNS]
𫟆	0	0	ㄔㄨㄥˊ	[CNS]
𫟇	0	0	ㄌㄧㄠˊ	[CNS]
𫟈	0	0	ㄇㄟˇ	[CNS]
𫟉	0	0	ㄇㄡˇ	[CNS]
𫟉	0	0	ㄙ	[CNS]
𫟋	0	0	ㄩˇ	[CNS]
𫟌	0	0	ㄨㄞˋ	[CNS]
𫟍	0	0	ㄙˇ	[CNS]
𫟎	0	0	ㄏㄨㄤ	[CNS]
𫟏	0	0	ㄊㄨˋ	[CNS]
𫟐	0	0	ㄅㄤˋ	[CNS]
𫟑	0	0	ㄌㄧㄥˊ	[CNS]
𫟒	0	0	ㄕㄜˋ	[CNS]
𫟒	0	0	ㄧㄝˋ	[CNS]
𫟓	0	0	ㄏㄢˊ	[CNS]
𫟔	0	0	ㄐㄩㄝˊ	[CNS]
𫟕	0	0	ㄑㄧˊ	[CNS]
𫟖	0	0	ㄘㄤˊ	[CNS]
𫟚	0	0	ㄓㄨㄥˋ	[CNS]
𫟚	0	0	ㄔㄨㄥˊ	[CNS]
𫟛	0	0	ㄊㄢˊ	[CNS]
𫟛	0	0	ㄑㄧㄣˊ	[CNS]
𫟜	0	0	ㄍㄨㄢ	[CNS]
𫟝	0	0	ㄖㄤˋ	[CNS]
𫟞	0	0	ㄓˇ	[CNS]
𫟞	0	0	ㄕ	[CNS]
𫟟	0	0	ㄆㄢˋ	[CNS]
𫟠	0	0	ㄉㄢˋ	[CNS]
𫟠	0	0	ㄔㄢˇ	[CNS]
𫟡	0	0	ㄘㄨㄥˊ	[CNS]
𫟢	0	0	ㄊㄢˊ	[CNS]
𫟤	0	0	ㄊㄨㄛˊ	[CNS]
𫟥	0	0	ㄎㄥ	[CNS]
𫟥	0	0	ㄑㄧㄢ	[CNS]
𫟥	0	0	ㄓㄣˇ	[CNS]
𫟨	0	0	ㄩㄢˇ	[CNS]
𫟩	0	0	ㄐㄩㄢˋ	[CNS]
𫟪	0	0	ㄅㄧㄢ	[CNS]
𫟫	0	0	ㄌㄧˋ	[CNS]
𫟬	0	0	ㄓˊ	[CNS]
𫟭	0	0	ㄎㄜˋ	[CNS]
𫟯	0	0	ㄌㄧˇ	[CNS]
𫟰	0	0	ㄉㄤ	[CNS]
𫟰	0	0	ㄔㄥ	[CNS]
𫟱	0	0	ㄅㄛˊ	[CNS]
𫟱	0	0	ㄊㄨㄢˊ	[CNS]
𫟲	0	0	ㄑㄧㄡˊ	[CNS]
𫟳	0	0	ㄙˋ	[CNS]
𫟴	0	0	ㄈㄣ	[CNS]
𫟵	0	0	ㄖㄨㄟˋ	[CNS]
𫟵	0	0	ㄩㄣˇ	[CNS]
𫟶	0	0	ㄕㄢˋ	[CNS]
𫟶	0	0	ㄕㄨㄛˋ	[CNS]
𫟶	0	0	ㄘㄜˋ	[CNS]
𫟷	0	0	ㄌㄧˋ	[CNS]
𫟸	0	0	ㄕˋ	[CNS]
𫟸	0	0	ㄧˋ	[CNS]
𫟺	0	0	ㄎㄞ	[CNS]
𫟻	0	0	ㄓㄡ	[CNS]
𫟽	0	0	ㄗㄨˊ	[CNS]
𫟾	0	0	ㄌㄨㄥˊ	[CNS]
𫟿	0	0	ㄔㄚ	[CNS]
𫟿	0	0	ㄙㄨㄛˇ	[CNS]
𫠀	0	0	ㄘㄨˋ	[CNS]
𫠁	0	0	ㄊㄚˋ	[CNS]
𫠁	0	0	ㄏㄜˊ	[CNS]
𫠂	0	0	ㄌㄧㄥˊ	[CNS]
𫠃	0	0	ㄒㄧˊ	[CNS]
𫠅	0	0	ㄍㄜˊ	[CNS]
𫠇	0	0	ㄅㄚˊ	[CNS]
𫠇	0	0	ㄒㄧㄣˊ	[CNS]
𫠈	0	0	ㄅㄧˋ	[CNS]
𫠈	0	0	ㄙㄜˋ	[CNS]
𫠉	0	0	ㄇㄚˇ	[CNS]
𫠋	0	0	ㄌㄨˋ	[CNS]
𫠌	0	0	ㄅㄤˋ	[CNS]
𫠍	0	0	ㄓㄣ	[CNS]
𫠏	0	0	ㄇㄨˋ	[CNS]
𫠐	0	0	ㄏㄢ	[CNS]
𫠑	0	0	ㄑㄧㄡ	[CNS]
𫠑	0	0	ㄙㄡ	[CNS]
𫠒	0	0	ㄓㄤ	[CNS]
𫠓	0	0	ㄋㄧㄠˇ	[CNS]
𫠔	0	0	ㄩㄢ	[CNS]
𫠕	0	0	ㄧㄥ	[CNS]
𫠖	0	0	ㄒㄩㄥˊ	[CNS]
𫠗	0	0	ㄐㄧㄢˇ	[CNS]
𫠘	0	0	ㄧㄡˋ	[CNS]
𫠚	0	0	ㄔㄨ	[CNS]
𫠠	0	0	ㄧˋ	[CNS]
𫠥	0	0	ㄌㄡˋ	[UNI]
𫠶	0	0	ㄇㄡˇ	[CNS]
𫡅	0	0	ㄐㄧㄡ	[CNS]
𫡏	0	0	ㄆㄨ	[CNS]
𫡑	0	0	ㄧㄣ	[UNI]
𫡒	0	0	ㄖㄢˇ	[CNS]
𫡓	0	0	ㄦˇ	[CNS]
𫡕	0	0	ㄑㄧㄡˊ	[CNS]
𫡙	0	0	ㄍㄨㄞ	[CNS]
𫡬	0	0	ㄨㄛ	[UNI]
𫡰	0	0	ㄕㄡˋ	[CNS]
𫡶	0	0	ㄉㄢˋ	[UNI]
𫡼	0	0	ㄘㄠˊ	[CNS]
𫢆	0	0	ㄎㄠˇ	[CNS]
𫢈	0	0	ㄉㄠ	[CNS]
𫢌	0	0	ㄉㄢ	[CNS]
𫢎	0	0	ㄕㄨㄣˇ	[CNS]
𫢑	0	0	ㄒㄧㄚˊ	[CNS]
𫢒	0	0	ㄌㄨㄥˇ	[UNI]
𫢓	0	0	ㄕˇ	[CNS]
𫢔	0	0	ㄍㄨㄟˋ	[UNI]
𫢕	0	0	ㄈㄣˋ	[CNS]
𫢘	0	0	ㄉㄨㄟˋ	[UNI]
𫢙	0	0	ㄉㄨㄥˋ	[UNI]
𫢝	0	0	ㄩˇ	[CNS]
𫢣	0	0	ㄌㄧㄥˊ	[CNS]
𫢤	0	0	ㄈㄨˇ	[CNS]
𫢦	0	0	ㄏㄨㄥˊ	[CNS]
𫢪	0	0	ㄌㄧㄢˋ	[UNI]
𫢬	0	0	ㄌㄠˊ	[UNI]
𫢭	0	0	ㄨㄟˇ	[UNI]
𫢮	0	0	ㄏㄨㄚ	[CNS]
𫢯	0	0	ㄧㄚˊ	[CNS]
𫢰	0	0	ㄕㄣ	[CNS]
𫢳	0	0	ㄋㄧˊ	[CNS]
𫢶	0	0	ㄉㄧㄢˋ	[CNS]
𫢷	0	0	ㄊㄧㄥˊ	[CNS]
𫢹	0	0	ㄔㄨㄥˋ	[UNI]
𫢺	0	0	ㄘㄢ	[CNS]
𫢻	0	0	ㄩㄥ	[CNS]
𫣅	0	0	ㄎㄨㄟˊ	[CNS]
𫣆	0	0	ㄣ	[CNS]
𫣉	0	0	ㄌㄢˊ	[UNI]
𫣊	0	0	ㄞˋ	[UNI]
𫣌	0	0	ㄑㄧㄤ	[CNS]
𫣍	0	0	ㄒㄩㄥ	[CNS]
𫣎	0	0	ㄉㄧㄢ	[CNS]
𫣑	0	0	ㄧㄥˊ	[CNS]
𫣖	0	0	ㄓㄤ	[CNS]
𫣗	0	0	ㄉㄧㄢˋ	[CNS]
𫣘	0	0	ㄋㄚˊ	[CNS]
𫣘	0	0	ㄋㄨㄛˋ	[CNS]
𫣛	0	0	ㄑㄧㄢ	[UNI]
𫣟	0	0	ㄐㄩˊ	[CNS]
𫣠	0	0	ㄓ	[CNS]
𫣡	0	0	ㄅㄧ	[CNS]
𫣡	0	0	ㄅㄧˋ	[CNS]
𫣡	0	0	ㄈㄨˊ	[CNS]
𫣤	0	0	ㄨㄟˇ	[CNS]
𫣥	0	0	ㄉㄧˋ	[CNS]
𫣦	0	0	ㄊㄧㄥˊ	[CNS]
𫣧	0	0	ㄓˋ	[CNS]
𫣩	0	0	ㄒㄧㄣ	[CNS]
𫣫	0	0	ㄙㄨˊ	[UNI]
𫣭	0	0	ㄉㄞˋ	[CNS]
𫣯	0	0	ㄌㄧˋ	[CNS]
𫣳	0	0	ㄋㄨㄥˊ	[CNS]
𫣷	0	0	ㄎㄨㄢ	[CNS]
𫣺	0	0	ㄐㄧㄥˋ	[CNS]
𫣻	0	0	ㄌㄞˋ	[CNS]
𫣼	0	0	ㄌㄧㄥˊ	[CNS]
𫣾	0	0	ㄐㄧㄠ	[CNS]
𫤃	0	0	ㄅㄧˋ	[CNS]
𫤇	0	0	ㄒㄩㄢˊ	[CNS]
𫤌	0	0	ㄧㄢˇ	[CNS]
𫤐	0	0	ㄑㄧㄢ	[CNS]
𫤔	0	0	ㄧㄥ	[CNS]
𫤖	0	0	ㄧㄢˇ	[CNS]
𫤗	0	0	ㄦˊ	[CNS]
𫤘	0	0	ㄦˊ	[CNS]
𫤥	0	0	ㄒㄧㄢ	[CNS]
𫤦	0	0	ㄕㄠ	[CNS]
𫤨	0	0	ㄧㄝˋ	[CNS]
𫤭	0	0	ㄒㄧㄥ	[CNS]
𫤰	0	0	ㄩˇ	[CNS]
𫤴	0	0	ㄓㄤ	[CNS]
𫤸	0	0	ㄇㄠˋ	[UNI]
𫤹	0	0	ㄔㄣˊ	[CNS]
𫤻	0	0	ㄏㄨㄢˊ	[CNS]
𫤽	0	0	ㄍㄢˇ	[UNI]
𫤿	0	0	ㄨ	[CNS]
𫥀	0	0	ㄆㄟˋ	[CNS]
𫥁	0	0	ㄧˊ	[CNS]
𫥂	0	0	ㄩㄝˋ	[CNS]
𫥃	0	0	ㄧ	[CNS]
𫥄	0	0	ㄓㄢ	[CNS]
𫥆	0	0	ㄩㄥˇ	[CNS]
𫥇	0	0	ㄅㄧㄥ	[CNS]
𫥈	0	0	ㄓㄠˇ	[CNS]
𫥍	0	0	ㄧㄢˊ	[UNI]
𫥒	0	0	ㄋㄨㄢˇ	[CNS]
𫥓	0	0	ㄩˊ	[CNS]
𫥗	0	0	ㄎㄨㄢˇ	[CNS]
𫥙	0	0	ㄓㄨˋ	[CNS]
𫥙	0	0	ㄕㄨˋ	[CNS]
𫥚	0	0	ㄘㄢˋ	[CNS]
𫥝	0	0	ㄐㄧㄥˋ	[CNS]
𫥝	0	0	ㄑㄧㄥˋ	[CNS]
𫥞	0	0	ㄆㄟˋ	[CNS]
𫥟	0	0	ㄈㄥˋ	[CNS]
𫥡	0	0	ㄉㄡ	[CNS]
𫥢	0	0	ㄉㄡ	[CNS]
𫥤	0	0	ㄅㄧㄥˇ	[CNS]
𫥬	0	0	ㄔㄨㄚ	[CNS]
𫥭	0	0	ㄇㄢˇ	[CNS]
𫥳	0	0	ㄌㄧˋ	[UNI]
𫥵	0	0	ㄌㄧˋ	[UNI]
𫥺	0	0	ㄧㄝˋ	[UNI]
𫥼	0	0	ㄧㄚ	[UNI]
𫦁	0	0	ㄙㄨㄛˇ	[UNI]
𫦅	0	0	ㄒㄧㄠˋ	[UNI]
𫦉	0	0	ㄌㄡˊ	[UNI]
𫦌	0	0	ㄐㄩㄝˊ	[UNI]
𫦍	0	0	ㄍㄨㄚˇ	[CNS]
𫦐	0	0	ㄇㄡˇ	[CNS]
𫦒	0	0	ㄊㄧˋ	[CNS]
𫦗	0	0	ㄉㄨㄛˊ	[CNS]
𫦩	0	0	ㄌㄧㄤˇ	[UNI]
𫦪	0	0	ㄐㄩㄢ	[CNS]
𫦮	0	0	ㄑㄧˊ	[CNS]
𫦱	0	0	ㄒㄩˋ	[CNS]
𫦲	0	0	ㄒㄩˋ	[CNS]
𫦳	0	0	ㄐㄩㄝˊ	[UNI]
𫦴	0	0	ㄏㄨㄤˋ	[CNS]
𫦷	0	0	ㄗˋ	[CNS]
𫦺	0	0	ㄑㄩㄢˋ	[CNS]
𫦾	0	0	ㄒㄧㄠ	[CNS]
𫧍	0	0	ㄒㄩㄢ	[CNS]
𫧢	0	0	ㄑㄧㄢ	[CNS]
𫧤	0	0	ㄅㄛˊ	[CNS]
𫧥	0	0	ㄇㄢˊ	[CNS]
𫧩	0	0	ㄨㄣ	[CNS]
𫧮	0	0	ㄔㄨˋ	[CNS]
𫧯	0	0	ㄒㄧㄝˋ	[UNI]
𫧿	0	0	ㄉㄨˊ	[UNI]
𫨀	0	0	ㄐㄩㄝˊ	[CNS]
𫨆	0	0	ㄒㄧㄚˊ	[UNI]
𫨇	0	0	ㄒㄧㄤˊ	[CNS]
𫨋	0	0	ㄔㄤˇ	[CNS]
𫨓	0	0	ㄏㄨˋ	[CNS]
𫨔	0	0	ㄔㄨㄟˊ	[CNS]
𫨚	0	0	ㄅㄨˋ	[CNS]
𫨤	0	0	ㄐㄧㄣˋ	[CNS]
𫨦	0	0	ㄐㄧ	[CNS]
𫨬	0	0	ㄍㄨㄟ	[CNS]
𫨬	0	0	ㄎㄨㄟˋ	[CNS]
𫨻	0	0	ㄉㄨㄢˋ	[CNS]
𫩅	0	0	ㄘㄨㄟˋ	[CNS]
𫩋	0	0	ㄈㄨˊ	[CNS]
𫩐	0	0	ㄎㄠˇ	[CNS]
𫩒	0	0	ㄐㄧㄣ	[CNS]
𫩕	0	0	ㄏㄨㄥ	[UNI]
𫩚	0	0	ㄍㄤ	[UNI]
𫩛	0	0	ㄘㄨㄥˊ	[UNI]
𫩟	0	0	ㄑㄧㄠˇ	[CNS]
𫩤	0	0	ㄧㄝˋ	[UNI]
𫩥	0	0	ㄏㄨㄛˋ	[UNI]
𫩧	0	0	ㄏㄢˊ	[CNS]
𫩩	0	0	ㄔㄨ	[UNI]
𫩫	0	0	ㄧㄝˋ	[UNI]
𫩭	0	0	ㄗㄠˇ	[CNS]
𫩯	0	0	ㄏㄞˊ	[UNI]
𫩰	0	0	ㄋㄧㄢˊ	[CNS]
𫩹	0	0	ㄙ	[CNS]
𫩺	0	0	ㄐㄧㄣˋ	[UNI]
𫪀	0	0	ㄍㄨㄛ	[UNI]
𫪁	0	0	ㄌㄞˋ	[UNI]
𫪂	0	0	ㄧㄢˊ	[UNI]
𫪃	0	0	ㄌㄧˋ	[UNI]
𫪄	0	0	ㄐㄧㄢ	[UNI]
𫪉	0	0	ㄓˇ	[CNS]
𫪕	0	0	ㄏㄠˋ	[CNS]
𫪖	0	0	ㄎㄨㄚ	[CNS]
𫪘	0	0	ㄡ	[UNI]
𫪚	0	0	ㄗㄢˋ	[UNI]
𫪜	0	0	ㄧㄣˊ	[CNS]
𫪝	0	0	ㄈㄣ	[CNS]
𫪦	0	0	ㄓ	[CNS]
𫪧	0	0	ㄐㄧㄠ	[UNI]
𫪪	0	0	ㄓˋ	[UNI]
𫪯	0	0	ㄒㄧㄠ	[CNS]
𫪺	0	0	ㄊㄧˋ	[UNI]
𫪽	0	0	ㄐㄧㄣˋ	[UNI]
𫪾	0	0	ㄑㄧㄤ	[CNS]
𫫆	0	0	ㄓˊ	[CNS]
𫫉	0	0	ㄑㄧˋ	[CNS]
𫫌	0	0	ㄕㄠˊ	[CNS]
𫫖	0	0	ㄜˇ	[CNS]
𫫚	0	0	ㄏㄢˋ	[CNS]
𫫣	0	0	ㄑㄧㄢ	[CNS]
𫫦	0	0	ㄉㄢˋ	[UNI]
𫫧	0	0	ㄓㄤ	[CNS]
𫫧	0	0	ㄓㄤˋ	[CNS]
𫫪	0	0	ㄔㄨㄣˊ	[CNS]
𫫰	0	0	ㄕㄨㄣˋ	[CNS]
𫫳	0	0	ㄒㄧㄠ	[CNS]
𫫵	0	0	ㄌㄩˋ	[UNI]
𫫻	0	0	ㄒㄩㄢ	[CNS]
𫫽	0	0	ㄏㄨㄛˋ	[CNS]
𫫾	0	0	ㄆㄧㄣˊ	[UNI]
𫬄	0	0	ㄖㄤˇ	[CNS]
𫬐	0	0	ㄙㄞˇ	[UNI]
𫬔	0	0	ㄒㄧˇ	[CNS]
𫬙	0	0	ㄍㄨㄣˋ	[UNI]
𫬟	0	0	ㄉㄧㄝˊ	[UNI]
𫬡	0	0	ㄧㄥ	[CNS]
𫬭	0	0	ㄒㄧㄚˊ	[CNS]
𫬹	0	0	ㄒㄧˇ	[CNS]
𫭇	0	0	ㄘㄨㄣˊ	[CNS]
𫭜	0	0	ㄓㄡ	[CNS]
𫭞	0	0	ㄓㄨㄢ	[UNI]
𫭥	0	0	ㄨㄟˋ	[CNS]
𫭨	0	0	ㄈㄚˊ	[UNI]
𫭪	0	0	ㄑㄧㄠ	[UNI]
𫭬	0	0	ㄓㄨㄛˊ	[CNS]
𫭮	0	0	ㄘㄜˋ	[UNI]
𫭯	0	0	ㄒㄩㄣˊ	[UNI]
𫭰	0	0	ㄓˋ	[CNS]
𫭲	0	0	ㄧㄢˊ	[UNI]
𫭷	0	0	ㄧㄢˊ	[CNS]
𫭺	0	0	ㄋㄧˊ	[CNS]
𫭾	0	0	ㄐㄧㄣ	[CNS]
𫮁	0	0	ㄘㄨㄥˊ	[CNS]
𫮅	0	0	ㄘㄢ	[CNS]
𫮆	0	0	ㄍㄨˋ	[CNS]
𫮉	0	0	ㄆㄧㄥˊ	[CNS]
𫮊	0	0	ㄩㄢˋ	[CNS]
𫮍	0	0	ㄑㄧˊ	[CNS]
𫮓	0	0	ㄩˋ	[CNS]
𫮔	0	0	ㄑㄧㄣˊ	[CNS]
𫮕	0	0	ㄔㄥˊ	[CNS]
𫮕	0	0	ㄕㄥˋ	[CNS]
𫮖	0	0	ㄉㄠˇ	[CNS]
𫮗	0	0	ㄓㄣˋ	[CNS]
𫮛	0	0	ㄉㄧㄢˋ	[CNS]
𫮜	0	0	ㄧㄣˊ	[UNI]
𫮝	0	0	ㄆㄨˊ	[CNS]
𫮝	0	0	ㄈㄨˇ	[CNS]
𫮞	0	0	ㄎㄨㄣ	[CNS]
𫮟	0	0	ㄩˋ	[CNS]
𫮣	0	0	ㄐㄩˋ	[CNS]
𫮧	0	0	ㄒㄧㄤˋ	[CNS]
𫮬	0	0	ㄐㄧㄤˋ	[UNI]
𫮰	0	0	ㄑㄧㄤˊ	[CNS]
𫮴	0	0	ㄖㄨㄥˊ	[CNS]
𫮵	0	0	ㄔˊ	[CNS]
𫮶	0	0	ㄙㄜˋ	[CNS]
𫮸	0	0	ㄔㄢˊ	[CNS]
𫮼	0	0	ㄔˊ	[CNS]
𫮽	0	0	ㄑㄧㄤˊ	[CNS]
𫮿	0	0	ㄧㄢˊ	[CNS]
𫯈	0	0	ㄖㄨㄥˊ	[CNS]
𫯌	0	0	ㄅㄧㄢˋ	[CNS]
𫯑	0	0	ㄓㄣ	[CNS]
𫯒	0	0	ㄋㄨㄥˊ	[UNI]
𫯠	0	0	ㄈㄥˋ	[CNS]
𫯥	0	0	ㄏㄨㄛˋ	[UNI]
𫯯	0	0	ㄆㄠˊ	[CNS]
𫯱	0	0	ㄠˋ	[CNS]
𫯶	0	0	ㄩㄣ	[UNI]
𫯹	0	0	ㄈㄢˊ	[CNS]
𫰂	0	0	ㄉㄨㄛˇ	[UNI]
𫰊	0	0	ㄋㄩˇ	[CNS]
𫰌	0	0	ㄨˇ	[CNS]
𫰍	0	0	ㄨㄟˊ	[UNI]
𫰑	0	0	ㄏㄨㄢ	[CNS]
𫰒	0	0	ㄩㄝˋ	[CNS]
𫰗	0	0	ㄕㄨㄚˇ	[CNS]
𫰘	0	0	ㄎㄢ	[CNS]
𫰙	0	0	ㄑㄧㄢ	[CNS]
𫰜	0	0	ㄉㄚˋ	[CNS]
𫰝	0	0	ㄗㄞˋ	[CNS]
𫰞	0	0	ㄌㄧㄝˋ	[CNS]
𫰟	0	0	ㄏㄥˊ	[CNS]
𫰡	0	0	ㄏㄨㄚˋ	[UNI]
𫰢	0	0	ㄏㄨㄟˋ	[UNI]
𫰤	0	0	ㄇㄧˇ	[CNS]
𫰥	0	0	ㄋㄩˇ	[CNS]
𫰦	0	0	ㄕㄡˋ	[CNS]
𫰨	0	0	ㄇㄞˊ	[UNI]
𫰫	0	0	ㄧㄚˋ	[CNS]
𫰯	0	0	ㄎㄨㄣˋ	[CNS]
𫰰	0	0	ㄒㄧㄢ	[UNI]
𫰲	0	0	ㄇㄧㄢˇ	[CNS]
𫰳	0	0	ㄏㄥ	[CNS]
𫰵	0	0	ㄨㄟˇ	[CNS]
𫰷	0	0	ㄆㄛˊ	[CNS]
𫰹	0	0	ㄍㄨㄟ	[UNI]
𫰻	0	0	ㄨㄤˇ	[CNS]
𫰼	0	0	ㄩㄣˊ	[CNS]
𫰽	0	0	ㄘㄨㄥˊ	[CNS]
𫰾	0	0	ㄐㄧㄣ	[CNS]
𫱂	0	0	ㄏㄢˊ	[CNS]
𫱃	0	0	ㄒㄧ	[CNS]
𫱄	0	0	ㄐㄩㄢ	[CNS]
𫱇	0	0	ㄓㄣ	[CNS]
𫱊	0	0	ㄏㄜˊ	[CNS]
𫱌	0	0	ㄍㄨㄢˋ	[CNS]
𫱍	0	0	ㄌㄧㄤˋ	[CNS]
𫱎	0	0	ㄑㄧㄤˇ	[CNS]
𫱐	0	0	ㄅㄧˋ	[CNS]
𫱒	0	0	ㄌㄢˊ	[CNS]
𫱕	0	0	ㄌㄢˋ	[UNI]
𫱚	0	0	ㄨㄣˋ	[CNS]
𫱛	0	0	ㄧㄤˋ	[CNS]
𫱜	0	0	ㄍㄨㄥ	[CNS]
𫱟	0	0	ㄍㄨㄟ	[CNS]
𫱟	0	0	ㄗㄨㄟ	[CNS]
𫱠	0	0	ㄔㄣˋ	[CNS]
𫱡	0	0	ㄓㄨㄤ	[CNS]
𫱢	0	0	ㄒㄧㄢˊ	[CNS]
𫱭	0	0	ㄨㄣˊ	[CNS]
𫱮	0	0	ㄏㄨㄟˋ	[CNS]
𫱰	0	0	ㄊㄠˊ	[CNS]
𫱳	0	0	ㄐㄩㄣ	[CNS]
𫱵	0	0	ㄗㄨㄣ	[CNS]
𫱷	0	0	ㄙㄨˋ	[CNS]
𫱼	0	0	ㄘㄢˋ	[CNS]
𫱽	0	0	ㄒㄩㄢ	[CNS]
𫱾	0	0	ㄩㄢˊ	[CNS]
𫱿	0	0	ㄑㄧㄚ	[UNI]
𫲅	0	0	ㄋㄞˇ	[CNS]
𫲆	0	0	ㄧˊ	[CNS]
𫲇	0	0	ㄖㄨㄥˊ	[CNS]
𫲈	0	0	ㄇㄟˇ	[CNS]
𫲉	0	0	ㄈㄥˋ	[CNS]
𫲊	0	0	ㄒㄩㄣ	[CNS]
𫲋	0	0	ㄌㄧㄠˋ	[CNS]
𫲏	0	0	ㄇㄢˋ	[CNS]
𫲓	0	0	ㄧㄥˊ	[CNS]
𫲔	0	0	ㄐㄧㄠ	[CNS]
𫲗	0	0	ㄗㄢˋ	[UNI]
𫲘	0	0	ㄌㄨㄥˊ	[CNS]
𫲛	0	0	ㄨㄟˊ	[CNS]
𫲝	0	0	ㄌㄢˊ	[CNS]
𫲠	0	0	ㄧㄢˊ	[CNS]
𫲣	0	0	ㄧㄡˋ	[CNS]
𫲦	0	0	ㄇㄧㄢˇ	[CNS]
𫲲	0	0	ㄋㄧㄝˋ	[CNS]
𫲸	0	0	ㄈㄥ	[UNI]
𫲽	0	0	ㄒㄧㄣ	[CNS]
𫳀	0	0	ㄧㄠˇ	[CNS]
𫳂	0	0	ㄓㄡˋ	[CNS]
𫳃	0	0	ㄧㄚ	[UNI]
𫳋	0	0	ㄊㄧㄥˊ	[CNS]
𫳐	0	0	ㄗㄞˇ	[CNS]
𫳑	0	0	ㄧㄢ	[CNS]
𫳚	0	0	ㄓㄣ	[CNS]
𫳤	0	0	ㄖㄨㄟˋ	[CNS]
𫳬	0	0	ㄋㄧㄥˊ	[CNS]
𫳬	0	0	ㄋㄧㄥˋ	[CNS]
𫳲	0	0	ㄕˊ	[CNS]
𫳳	0	0	ㄔㄣˊ	[CNS]
𫳺	0	0	ㄐㄧˊ	[CNS]
𫳻	0	0	ㄐㄧㄤ	[CNS]
𫳻	0	0	ㄐㄧㄤˋ	[CNS]
𫳻	0	0	ㄑㄧㄤ	[CNS]
𫳽	0	0	ㄅㄠˇ	[CNS]
𫴆	0	0	ㄩˋ	[CNS]
𫴓	0	0	ㄏㄨㄛˋ	[CNS]
𫴘	0	0	ㄘㄨㄢˋ	[CNS]
𫴰	0	0	ㄉㄨㄟˋ	[CNS]
𫵅	0	0	ㄔㄤˊ	[CNS]
𫵎	0	0	ㄨㄤ	[CNS]
𫵚	0	0	ㄆㄧㄥˊ	[CNS]
𫵜	0	0	ㄕㄡ	[CNS]
𫵞	0	0	ㄕㄢˋ	[CNS]
𫵠	0	0	ㄒㄧ	[CNS]
𫵣	0	0	ㄑㄧㄡˊ	[CNS]
𫵲	0	0	ㄊㄧㄥˊ	[CNS]
𫵵	0	0	ㄧㄤˊ	[UNI]
𫵸	0	0	ㄎㄥ	[UNI]
𫵻	0	0	ㄢ	[CNS]
𫵿	0	0	ㄒㄧㄡˋ	[CNS]
𫶀	0	0	ㄙㄨㄥˋ	[CNS]
𫶁	0	0	ㄉㄤˋ	[CNS]
𫶁	0	0	ㄧㄤˊ	[CNS]
𫶂	0	0	ㄢˋ	[CNS]
𫶃	0	0	ㄙ	[CNS]
𫶆	0	0	ㄨㄟ	[CNS]
𫶈	0	0	ㄆㄧㄥˊ	[CNS]
𫶊	0	0	ㄌㄢˇ	[UNI]
𫶋	0	0	ㄑㄩㄝˋ	[CNS]
𫶋	0	0	ㄒㄩㄝˊ	[CNS]
𫶍	0	0	ㄇㄧㄥˇ	[CNS]
𫶎	0	0	ㄩㄥˇ	[CNS]
𫶎	0	0	ㄩㄥˊ	[CNS]
𫶏	0	0	ㄜˊ	[CNS]
𫶓	0	0	ㄑㄧˊ	[CNS]
𫶕	0	0	ㄧㄥˊ	[UNI]
𫶗	0	0	ㄌㄨㄣˊ	[CNS]
𫶛	0	0	ㄏㄨㄟ	[CNS]
𫶝	0	0	ㄧㄢˊ	[CNS]
𫶡	0	0	ㄆㄧㄥˊ	[CNS]
𫶢	0	0	ㄌㄨˊ	[CNS]
𫶣	0	0	ㄏㄥˊ	[CNS]
𫶥	0	0	ㄌㄢˊ	[CNS]
𫶨	0	0	ㄔㄨㄢˋ	[CNS]
𫶫	0	0	ㄍㄨㄥ	[CNS]
𫶲	0	0	ㄎㄥ	[UNI]
𫶿	0	0	ㄈㄢˊ	[CNS]
𫷅	0	0	ㄎㄨㄣ	[UNI]
𫷈	0	0	ㄒㄩ	[UNI]
𫷉	0	0	ㄒㄧㄢˇ	[UNI]
𫷊	0	0	ㄕㄣˋ	[CNS]
𫷋	0	0	ㄎㄞˇ	[CNS]
𫷌	0	0	ㄌㄢˊ	[UNI]
𫷥	0	0	ㄐㄧㄡˇ	[CNS]
𫷧	0	0	ㄏㄨㄥˊ	[CNS]
𫷬	0	0	ㄌㄞˊ	[UNI]
𫷮	0	0	ㄧㄣˋ	[UNI]
𫷳	0	0	ㄊㄧㄥˊ	[CNS]
𫷹	0	0	ㄌㄡˊ	[UNI]
𫷾	0	0	ㄧㄥˇ	[UNI]
𫷿	0	0	ㄏㄨㄟ	[CNS]
𫸀	0	0	ㄎㄤ	[CNS]
𫸅	0	0	ㄌㄧˋ	[CNS]
𫸑	0	0	ㄊㄨˊ	[CNS]
𫸒	0	0	ㄨㄟˊ	[CNS]
𫸓	0	0	ㄧㄢˊ	[CNS]
𫸔	0	0	ㄊㄧㄥˇ	[CNS]
𫸖	0	0	ㄧㄡˇ	[CNS]
𫸘	0	0	ㄩㄢˋ	[CNS]
𫸼	0	0	ㄖㄨㄛˋ	[CNS]
𫹆	0	0	ㄧㄣˊ	[CNS]
𫹈	0	0	ㄧˊ	[CNS]
𫹍	0	0	ㄐㄧˋ	[CNS]
𫹑	0	0	ㄎㄢ	[CNS]
𫹠	0	0	ㄒㄧㄠˋ	[CNS]
𫹡	0	0	ㄐㄧㄣˇ	[CNS]
𫹡	0	0	ㄐㄧㄣˋ	[CNS]
𫹪	0	0	ㄧㄢˇ	[CNS]
𫹫	0	0	ㄑㄧㄠˇ	[CNS]
𫹬	0	0	ㄦˇ	[CNS]
𫹮	0	0	ㄩˇ	[UNI]
𫹳	0	0	ㄍㄜ	[CNS]
𫹴	0	0	ㄨㄟˇ	[UNI]
𫹶	0	0	ㄔㄠˇ	[CNS]
𫹺	0	0	ㄊㄨㄛˋ	[CNS]
𫹼	0	0	ㄉㄨㄥ	[UNI]
𫹽	0	0	ㄕㄤ	[UNI]
𫺀	0	0	ㄇㄢˋ	[CNS]
𫺁	0	0	ㄑㄧㄝˋ	[UNI]
𫺂	0	0	ㄑㄧㄝˋ	[UNI]
𫺄	0	0	ㄍㄨㄛˇ	[CNS]
𫺆	0	0	ㄏㄨㄚˊ	[UNI]
𫺇	0	0	ㄌㄧㄥˇ	[CNS]
𫺊	0	0	ㄑㄧˊ	[UNI]
𫺌	0	0	ㄍㄨㄥ	[UNI]
𫺓	0	0	ㄇㄣˋ	[UNI]
𫺔	0	0	ㄐㄩㄣ	[CNS]
𫺘	0	0	ㄌㄠˋ	[UNI]
𫺝	0	0	ㄍㄥ	[CNS]
𫺠	0	0	ㄆㄛˋ	[CNS]
𫺡	0	0	ㄌㄧㄥˊ	[CNS]
𫺣	0	0	ㄊㄢ	[CNS]
𫺤	0	0	ㄕㄣˋ	[CNS]
𫺩	0	0	ㄩㄥˇ	[CNS]
𫺪	0	0	ㄧㄤˇ	[UNI]
𫺬	0	0	ㄆㄧㄥˊ	[CNS]
𫺮	0	0	ㄇㄧㄣˇ	[CNS]
𫺯	0	0	ㄍㄨㄥ	[CNS]
𫺰	0	0	ㄒㄩㄣˊ	[CNS]
𫺳	0	0	ㄔㄚ	[CNS]
𫺳	0	0	ㄔㄚˋ	[CNS]
𫺳	0	0	ㄔㄞ	[CNS]
𫺳	0	0	ㄔㄞˋ	[CNS]
𫺳	0	0	ㄘ	[CNS]
𫺳	0	0	ㄘㄨㄛ	[CNS]
𫺷	0	0	ㄋㄢˊ	[UNI]
𫺸	0	0	ㄖㄨㄢˇ	[CNS]
𫺺	0	0	ㄔㄤˊ	[CNS]
𫺻	0	0	ㄧㄢˇ	[CNS]
𫺿	0	0	ㄒㄧㄡˇ	[CNS]
𫺿	0	0	ㄒㄧㄡˋ	[CNS]
𫺿	0	0	ㄙㄨ	[CNS]
𫻀	0	0	ㄐㄧˋ	[CNS]
𫻁	0	0	ㄒㄧˋ	[UNI]
𫻄	0	0	ㄐㄧㄥ	[CNS]
𫻊	0	0	ㄒㄩㄢ	[CNS]
𫻌	0	0	ㄘˊ	[CNS]
𫻍	0	0	ㄕㄨˋ	[CNS]
𫻏	0	0	ㄆㄧˋ	[CNS]
𫻓	0	0	ㄧㄣˋ	[CNS]
𫻕	0	0	ㄆㄧˊ	[CNS]
𫻗	0	0	ㄧˋ	[CNS]
𫻘	0	0	ㄏㄨㄞˊ	[CNS]
𫻙	0	0	ㄏㄢˋ	[CNS]
𫻚	0	0	ㄧˋ	[CNS]
𫻟	0	0	ㄧˋ	[CNS]
𫻡	0	0	ㄏㄨㄞˊ	[CNS]
𫻢	0	0	ㄗˋ	[CNS]
𫻪	0	0	ㄊㄜˋ	[CNS]
𫼂	0	0	ㄈㄚ	[CNS]
𫼃	0	0	ㄩㄢ	[CNS]
𫼊	0	0	ㄢ	[CNS]
𫼕	0	0	ㄈㄢˊ	[CNS]
𫼖	0	0	ㄐㄧㄡˇ	[CNS]
𫼘	0	0	ㄉㄢ	[CNS]
𫼛	0	0	ㄉㄧㄠˋ	[UNI]
𫼝	0	0	ㄔㄡ	[UNI]
𫼡	0	0	ㄠˋ	[CNS]
𫼣	0	0	ㄆㄧㄝ	[UNI]
𫼤	0	0	ㄗㄜˋ	[UNI]
𫼥	0	0	ㄏㄞ	[UNI]
𫼦	0	0	ㄅㄚˊ	[CNS]
𫼧	0	0	ㄏㄨㄚˊ	[UNI]
𫼫	0	0	ㄅㄧˋ	[UNI]
𫼮	0	0	ㄋㄤˇ	[UNI]
𫼱	0	0	ㄍㄤ	[UNI]
𫼵	0	0	ㄌㄨˇ	[UNI]
𫼶	0	0	ㄙㄨㄛˇ	[UNI]
𫼷	0	0	ㄧˋ	[CNS]
𫼼	0	0	ㄊㄧㄥˊ	[CNS]
𫽀	0	0	ㄋㄚˋ	[UNI]
𫽁	0	0	ㄌㄧㄢˇ	[UNI]
𫽃	0	0	ㄇㄧㄝˋ	[CNS]
𫽄	0	0	ㄐㄧˊ	[CNS]
𫽇	0	0	ㄏㄨㄛˋ	[UNI]
𫽈	0	0	ㄈㄨ	[CNS]
𫽉	0	0	ㄅㄨˋ	[CNS]
𫽊	0	0	ㄐㄧㄠˇ	[UNI]
𫽋	0	0	ㄌㄨㄛˊ	[UNI]
𫽍	0	0	ㄙㄡ	[CNS]
𫽐	0	0	ㄐㄧㄢ	[UNI]
𫽒	0	0	ㄏㄨˋ	[CNS]
𫽓	0	0	ㄇㄡˇ	[CNS]
𫽙	0	0	ㄎㄤˊ	[UNI]
𫽚	0	0	ㄍㄡˇ	[CNS]
𫽛	0	0	ㄐㄩˇ	[CNS]
𫽜	0	0	ㄐㄧㄚˊ	[CNS]
𫽣	0	0	ㄐㄧㄤ	[UNI]
𫽥	0	0	ㄑㄧㄢ	[UNI]
𫽧	0	0	ㄈㄟˋ	[UNI]
𫽩	0	0	ㄋㄚˋ	[CNS]
𫽮	0	0	ㄉㄤˇ	[UNI]
𫽱	0	0	ㄘㄞˇ	[CNS]
𫽲	0	0	ㄋㄧㄠˇ	[UNI]
𫽳	0	0	ㄅㄧˋ	[UNI]
𫽴	0	0	ㄔㄣˊ	[CNS]
𫽷	0	0	ㄆㄢ	[CNS]
𫽸	0	0	ㄎㄨㄢˇ	[CNS]
𫾁	0	0	ㄧㄢˇ	[UNI]
𫾂	0	0	ㄑㄧㄣ	[CNS]
𫾃	0	0	ㄙㄨˋ	[UNI]
𫾇	0	0	ㄓㄠˋ	[CNS]
𫾊	0	0	ㄨㄢˇ	[CNS]
𫾎	0	0	ㄆㄨˊ	[CNS]
𫾓	0	0	ㄧˋ	[CNS]
𫾔	0	0	ㄑㄧㄢ	[CNS]
𫾙	0	0	ㄒㄩㄣˊ	[CNS]
𫾛	0	0	ㄌㄧㄢˋ	[CNS]
𫾜	0	0	ㄐㄩˇ	[CNS]
𫾞	0	0	ㄩˇ	[CNS]
𫾟	0	0	ㄧˋ	[CNS]
𫾠	0	0	ㄒㄧㄝˋ	[CNS]
𫾢	0	0	ㄏㄨㄛˋ	[CNS]
𫾣	0	0	ㄑㄧㄠ	[CNS]
𫾤	0	0	ㄑㄧㄠ	[CNS]
𫾨	0	0	ㄏㄨㄢ	[CNS]
𫾲	0	0	ㄌㄧˇ	[UNI]
𫾼	0	0	ㄧㄠˊ	[CNS]
𫿗	0	0	ㄕㄨˇ	[UNI]
𫿞	0	0	ㄧㄢˊ	[CNS]
𫿮	0	0	ㄓㄥˋ	[CNS]
𫿯	0	0	ㄘㄜˋ	[CNS]
𫿱	0	0	ㄌㄢˊ	[CNS]
𫿲	0	0	ㄧㄢˋ	[CNS]
𫿶	0	0	ㄎㄨㄟˊ	[CNS]
𬀂	0	0	ㄆㄟˋ	[CNS]
𬀂	0	0	ㄕ	[CNS]
𬀉	0	0	ㄇㄡˇ	[CNS]
𬀊	0	0	ㄆㄤˊ	[CNS]
𬀥	0	0	ㄏㄨㄛˋ	[UNI]
𬀮	0	0	ㄉㄨㄟˋ	[UNI]
𬀯	0	0	ㄗㄜˋ	[CNS]
𬀱	0	0	ㄎㄞˇ	[UNI]
𬀳	0	0	ㄧˋ	[CNS]
𬀴	0	0	ㄐㄩㄢˋ	[CNS]
𬀵	0	0	ㄇㄡˇ	[CNS]
𬀷	0	0	ㄕㄤ	[UNI]
𬀸	0	0	ㄒㄧㄠˇ	[CNS]
𬀹	0	0	ㄉㄧˋ	[CNS]
𬀻	0	0	ㄇㄨˋ	[CNS]
𬀼	0	0	ㄒㄩˋ	[CNS]
𬀾	0	0	ㄎㄨㄣ	[CNS]
𬀿	0	0	ㄎㄨㄣˋ	[CNS]
𬁁	0	0	ㄧˊ	[CNS]
𬁂	0	0	ㄇㄟˊ	[CNS]
𬁂	0	0	ㄇㄧㄣˊ	[CNS]
𬁂	0	0	ㄨㄣˊ	[CNS]
𬁃	0	0	ㄔㄥˊ	[CNS]
𬁃	0	0	ㄕㄥˋ	[CNS]
𬁇	0	0	ㄊㄨㄢˇ	[CNS]
𬁋	0	0	ㄑㄧㄥ	[CNS]
𬁍	0	0	ㄑㄧㄤˋ	[CNS]
𬁎	0	0	ㄩㄥˇ	[CNS]
𬁓	0	0	ㄏㄨㄟˋ	[CNS]
𬁔	0	0	ㄏㄢˋ	[CNS]
𬁕	0	0	ㄒㄧㄠˇ	[CNS]
𬁗	0	0	ㄈㄨˋ	[CNS]
𬁙	0	0	ㄒㄩㄢ	[CNS]
𬁛	0	0	ㄌㄧㄢˊ	[CNS]
𬁞	0	0	ㄐㄧㄠ	[CNS]
𬁵	0	0	ㄡ	[UNI]
𬁺	0	0	ㄧㄚˋ	[UNI]
𬁽	0	0	ㄙㄨㄣˇ	[UNI]
𬂀	0	0	ㄖㄨㄣˋ	[UNI]
𬂂	0	0	ㄌㄨㄛˊ	[UNI]
𬂅	0	0	ㄉㄢ	[UNI]
𬂉	0	0	ㄕㄥˋ	[UNI]
𬂓	0	0	ㄇㄥˊ	[CNS]
𬂔	0	0	ㄇㄥˊ	[CNS]
𬂚	0	0	ㄕㄨㄛˋ	[CNS]
𬂞	0	0	ㄌㄟˇ	[CNS]
𬂠	0	0	ㄇㄛˊ	[UNI]
𬂢	0	0	ㄈㄢˊ	[CNS]
𬂣	0	0	ㄐㄧㄝˋ	[CNS]
𬂧	0	0	ㄨㄟˋ	[CNS]
𬂪	0	0	ㄌㄧㄡˇ	[CNS]
𬂫	0	0	ㄔㄨㄟˊ	[CNS]
𬂮	0	0	ㄕㄚ	[UNI]
𬂰	0	0	ㄋㄨㄥˊ	[UNI]
𬂲	0	0	ㄧㄚ	[CNS]
𬂹	0	0	ㄊㄧㄥˇ	[CNS]
𬂺	0	0	ㄅㄛˊ	[CNS]
𬂼	0	0	ㄧˇ	[CNS]
𬂾	0	0	ㄌㄧㄤˊ	[CNS]
𬃀	0	0	ㄍㄨㄟ	[UNI]
𬃃	0	0	ㄨ	[CNS]
𬃄	0	0	ㄌㄧˋ	[CNS]
𬃅	0	0	ㄕㄨˋ	[CNS]
𬃅	0	0	ㄗㄠˇ	[CNS]
𬃆	0	0	ㄩㄝˋ	[CNS]
𬃇	0	0	ㄧㄥˊ	[CNS]
𬃋	0	0	ㄊㄞˊ	[CNS]
𬃌	0	0	ㄌㄤˊ	[CNS]
𬃍	0	0	ㄍㄣˋ	[CNS]
𬃎	0	0	ㄙㄨˋ	[CNS]
𬃎	0	0	ㄙㄨㄛˇ	[CNS]
𬃒	0	0	ㄌㄧㄤˊ	[CNS]
𬃔	0	0	ㄗㄠˇ	[CNS]
𬃕	0	0	ㄑㄩㄥˊ	[CNS]
𬃖	0	0	ㄊㄨㄛˊ	[CNS]
𬃘	0	0	ㄦˋ	[UNI]
𬃜	0	0	ㄉㄧㄢ	[CNS]
𬃝	0	0	ㄇㄠˊ	[CNS]
𬃞	0	0	ㄒㄧㄣ	[CNS]
𬃟	0	0	ㄆㄧㄥˊ	[CNS]
𬃠	0	0	ㄒㄧ	[CNS]
𬃡	0	0	ㄨㄣˇ	[CNS]
𬃦	0	0	ㄐㄧㄢ	[UNI]
𬃧	0	0	ㄍㄨㄢ	[CNS]
𬃧	0	0	ㄍㄨㄢˋ	[CNS]
𬃨	0	0	ㄉㄧˋ	[CNS]
𬃩	0	0	ㄌㄧㄤˊ	[CNS]
𬃪	0	0	ㄧ	[CNS]
𬃪	0	0	ㄧˇ	[CNS]
𬃫	0	0	ㄒㄧㄢˇ	[UNI]
𬃮	0	0	ㄈㄟˋ	[UNI]
𬃲	0	0	ㄌㄧㄣˊ	[UNI]
𬃳	0	0	ㄧㄢˊ	[UNI]
𬃷	0	0	ㄗㄠˇ	[CNS]
𬃸	0	0	ㄘㄠˇ	[CNS]
𬃹	0	0	ㄌㄧˋ	[CNS]
𬄀	0	0	ㄈㄢˊ	[CNS]
𬄁	0	0	ㄕㄨ	[CNS]
𬄂	0	0	ㄅㄧㄣ	[CNS]
𬄂	0	0	ㄅㄧㄥ	[CNS]
𬄇	0	0	ㄧㄡˇ	[CNS]
𬄈	0	0	ㄅㄧㄢˇ	[CNS]
𬄍	0	0	ㄌㄨㄣˊ	[CNS]
𬄏	0	0	ㄉㄧˋ	[CNS]
𬄐	0	0	ㄋㄨㄛˇ	[CNS]
𬄑	0	0	ㄏㄨㄤˊ	[CNS]
𬄔	0	0	ㄘㄨㄥ	[CNS]
𬄕	0	0	ㄓㄨㄣˇ	[CNS]
𬄙	0	0	ㄑㄧˊ	[CNS]
𬄡	0	0	ㄆㄥˊ	[CNS]
𬄢	0	0	ㄙㄜˋ	[CNS]
𬄣	0	0	ㄐㄧㄥˇ	[CNS]
𬄤	0	0	ㄑㄧˊ	[CNS]
𬄨	0	0	ㄑㄩˊ	[CNS]
𬄩	0	0	ㄧㄣˇ	[UNI]
𬄬	0	0	ㄋㄧㄝˋ	[CNS]
𬄭	0	0	ㄊㄨㄛˇ	[CNS]
𬄳	0	0	ㄆㄥˊ	[CNS]
𬄴	0	0	ㄏㄥˊ	[CNS]
𬄷	0	0	ㄋㄞˋ	[CNS]
𬄽	0	0	ㄐㄧㄚˇ	[CNS]
𬄾	0	0	ㄙㄤˇ	[CNS]
𬄿	0	0	ㄘㄨㄥˊ	[CNS]
𬅁	0	0	ㄒㄧㄝˊ	[CNS]
𬅆	0	0	ㄘㄨㄥˊ	[CNS]
𬅈	0	0	ㄓˊ	[CNS]
𬅍	0	0	ㄆㄢ	[CNS]
𬅏	0	0	ㄐㄩㄝˊ	[CNS]
𬅑	0	0	ㄒㄩㄣˊ	[CNS]
𬅔	0	0	ㄩˋ	[CNS]
𬅕	0	0	ㄐㄩㄝˊ	[CNS]
𬅖	0	0	ㄐㄩㄝˊ	[CNS]
𬅘	0	0	ㄐㄩㄝˊ	[CNS]
𬅙	0	0	ㄌㄤˊ	[CNS]
𬅚	0	0	ㄌㄨㄥˊ	[CNS]
𬅛	0	0	ㄌㄧˋ	[CNS]
𬅜	0	0	ㄐㄩㄝˊ	[CNS]
𬅢	0	0	ㄒㄧㄚˋ	[UNI]
𬅤	0	0	ㄈㄨˇ	[CNS]
𬅥	0	0	ㄍㄨㄚ	[UNI]
𬅫	0	0	ㄆㄣ	[UNI]
𬅬	0	0	ㄕㄢˋ	[CNS]
𬅭	0	0	ㄎㄨㄢˇ	[CNS]
𬅮	0	0	ㄜ	[CNS]
𬅴	0	0	ㄈㄢˊ	[CNS]
𬆛	0	0	ㄋㄠˇ	[UNI]
𬆝	0	0	ㄘㄢˋ	[CNS]
𬆣	0	0	ㄉㄨㄢˋ	[CNS]
𬆦	0	0	ㄐㄧ	[UNI]
𬆫	0	0	ㄧˋ	[CNS]
𬆭	0	0	ㄍㄨˇ	[CNS]
𬆮	0	0	ㄎㄡˋ	[UNI]
𬆰	0	0	ㄕㄚ	[CNS]
𬆲	0	0	ㄧˋ	[CNS]
𬆷	0	0	ㄕㄨˊ	[CNS]
𬆾	0	0	ㄇㄠˋ	[UNI]
𬇂	0	0	ㄧㄣ	[CNS]
𬇂	0	0	ㄧㄣˋ	[CNS]
𬇃	0	0	ㄐㄧㄢˋ	[UNI]
𬇄	0	0	ㄅㄧㄣ	[UNI]
𬇇	0	0	ㄉㄧㄝˊ	[UNI]
𬇈	0	0	ㄔㄤˋ	[CNS]
𬇍	0	0	ㄐㄧㄠ	[CNS]
𬇔	0	0	ㄐㄧㄤ	[CNS]
𬇘	0	0	ㄊㄨㄢˊ	[UNI]
𬇛	0	0	ㄏㄨㄢˊ	[CNS]
𬇟	0	0	ㄩㄥˇ	[CNS]
𬇠	0	0	ㄔㄥˊ	[CNS]
𬇡	0	0	ㄎㄢˇ	[CNS]
𬇤	0	0	ㄗˋ	[CNS]
𬇦	0	0	ㄊㄞˋ	[CNS]
𬇨	0	0	ㄓˋ	[CNS]
𬇩	0	0	ㄉㄨˋ	[CNS]
𬇪	0	0	ㄕㄨˋ	[CNS]
𬇯	0	0	ㄆㄢˋ	[CNS]
𬇰	0	0	ㄇㄣˋ	[UNI]
𬇲	0	0	ㄌㄧㄤˊ	[CNS]
𬇷	0	0	ㄓㄚ	[CNS]
𬇺	0	0	ㄇㄡˇ	[CNS]
𬇽	0	0	ㄐㄧㄢ	[CNS]
𬇿	0	0	ㄗ	[CNS]
𬈀	0	0	ㄐㄧˋ	[CNS]
𬈁	0	0	ㄊㄢ	[UNI]
𬈂	0	0	ㄇㄥˋ	[CNS]
𬈃	0	0	ㄗㄜˊ	[CNS]
𬈆	0	0	ㄅㄛˊ	[CNS]
𬈍	0	0	ㄆㄧㄣ	[CNS]
𬈑	0	0	ㄇㄧㄥˊ	[CNS]
𬈕	0	0	ㄈㄟˋ	[UNI]
𬈘	0	0	ㄍㄨㄥ	[CNS]
𬈙	0	0	ㄓㄣ	[CNS]
𬈛	0	0	ㄩㄢˊ	[CNS]
𬈜	0	0	ㄧㄥˊ	[CNS]
𬈝	0	0	ㄩˊ	[CNS]
𬈟	0	0	ㄍㄨㄣˇ	[CNS]
𬈠	0	0	ㄅㄧˋ	[CNS]
𬈠	0	0	ㄈㄨˊ	[CNS]
𬈡	0	0	ㄓㄞˋ	[CNS]
𬈥	0	0	ㄅㄧㄣ	[CNS]
𬈦	0	0	ㄘˋ	[CNS]
𬈦	0	0	ㄘㄜˋ	[CNS]
𬈦	0	0	ㄙˋ	[CNS]
𬈧	0	0	ㄙㄜˋ	[UNI]
𬈨	0	0	ㄐㄩㄢ	[CNS]
𬈨	0	0	ㄐㄩㄢˋ	[CNS]
𬈨	0	0	ㄑㄩㄢ	[CNS]
𬈨	0	0	ㄑㄩㄢˋ	[CNS]
𬈩	0	0	ㄆㄨˊ	[CNS]
𬈬	0	0	ㄧㄣˇ	[CNS]
𬈮	0	0	ㄎㄨㄣ	[CNS]
𬈯	0	0	ㄐㄧㄠˋ	[CNS]
𬈱	0	0	ㄆㄛ	[UNI]
𬈲	0	0	ㄑㄧˊ	[CNS]
𬈳	0	0	ㄨㄣˊ	[CNS]
𬈶	0	0	ㄗˇ	[CNS]
𬈷	0	0	ㄊㄤˊ	[CNS]
𬈸	0	0	ㄆㄨˊ	[CNS]
𬈻	0	0	ㄏㄠˋ	[CNS]
𬈾	0	0	ㄏㄨㄚˊ	[UNI]
𬉀	0	0	ㄧ	[CNS]
𬉂	0	0	ㄈㄣˋ	[UNI]
𬉇	0	0	ㄕㄚˋ	[UNI]
𬉈	0	0	ㄆㄟˋ	[CNS]
𬉉	0	0	ㄓㄢˇ	[CNS]
𬉋	0	0	ㄨㄟˇ	[UNI]
𬉍	0	0	ㄧㄞˊ	[CNS]
𬉑	0	0	ㄧㄥˊ	[CNS]
𬉒	0	0	ㄏㄨㄤˊ	[CNS]
𬉓	0	0	ㄌㄞˋ	[CNS]
𬉕	0	0	ㄩˋ	[CNS]
𬉗	0	0	ㄇㄧˋ	[CNS]
𬉞	0	0	ㄇㄢˇ	[CNS]
𬉠	0	0	ㄌㄢˊ	[UNI]
𬉢	0	0	ㄓㄢˋ	[CNS]
𬉥	0	0	ㄏㄢˋ	[CNS]
𬉦	0	0	ㄏㄢˋ	[CNS]
𬉧	0	0	ㄏㄢˊ	[CNS]
𬉩	0	0	ㄧㄥˊ	[CNS]
𬉫	0	0	ㄧㄥˊ	[CNS]
𬉭	0	0	ㄅㄧˋ	[CNS]
𬉮	0	0	ㄨˋ	[CNS]
𬉲	0	0	ㄌㄨㄢˊ	[CNS]
𬉳	0	0	ㄌㄨㄢˊ	[CNS]
𬉴	0	0	ㄘㄨㄣ	[CNS]
𬉸	0	0	ㄎㄡˇ	[CNS]
𬉹	0	0	ㄓˋ	[CNS]
𬉻	0	0	ㄧㄢ	[CNS]
𬉾	0	0	ㄉㄢ	[CNS]
𬉿	0	0	ㄏㄨㄛˇ	[CNS]
𬊀	0	0	ㄈㄤ	[CNS]
𬊂	0	0	ㄔㄠˇ	[UNI]
𬊄	0	0	ㄆㄟˋ	[CNS]
𬊉	0	0	ㄉㄚˊ	[UNI]
𬊋	0	0	ㄑㄧㄡˊ	[CNS]
𬊌	0	0	ㄓˋ	[CNS]
𬊍	0	0	ㄔㄡˊ	[UNI]
𬊎	0	0	ㄍㄨㄥˋ	[UNI]
𬊏	0	0	ㄨˋ	[CNS]
𬊑	0	0	ㄔㄨㄢˋ	[CNS]
𬊒	0	0	ㄔㄥˊ	[CNS]
𬊓	0	0	ㄨㄟˊ	[CNS]
𬊓	0	0	ㄨㄟˋ	[CNS]
𬊔	0	0	ㄒㄧㄡˋ	[CNS]
𬊖	0	0	ㄇㄟˇ	[UNI]
𬊗	0	0	ㄐㄧㄢ	[UNI]
𬊘	0	0	ㄒㄩㄥˋ	[CNS]
𬊘	0	0	ㄓㄠˋ	[CNS]
𬊙	0	0	ㄧˋ	[CNS]
𬊚	0	0	ㄓㄠˋ	[CNS]
𬊝	0	0	ㄐㄧㄣ	[CNS]
𬊞	0	0	ㄒㄧㄡ	[CNS]
𬊟	0	0	ㄒㄧㄤˋ	[CNS]
𬊣	0	0	ㄔㄨㄣˊ	[CNS]
𬊦	0	0	ㄕㄢˇ	[UNI]
𬊫	0	0	ㄒㄩㄣ	[CNS]
𬊮	0	0	ㄉㄨㄣˋ	[CNS]
𬊮	0	0	ㄕㄨㄣˇ	[CNS]
𬊰	0	0	ㄧㄢˋ	[CNS]
𬊱	0	0	ㄉㄧˋ	[CNS]
𬊲	0	0	ㄓㄣ	[CNS]
𬊳	0	0	ㄕㄠ	[CNS]
𬊵	0	0	ㄊㄤˇ	[UNI]
𬊶	0	0	ㄌㄢˋ	[UNI]
𬊷	0	0	ㄉㄨㄢˋ	[CNS]
𬊸	0	0	ㄩˋ	[CNS]
𬊹	0	0	ㄕㄚ	[CNS]
𬊹	0	0	ㄕㄚˋ	[CNS]
𬊺	0	0	ㄨㄟ	[UNI]
𬊾	0	0	ㄖㄢˊ	[UNI]
𬊿	0	0	ㄌㄧㄢˊ	[CNS]
𬋀	0	0	ㄐㄩㄥˇ	[CNS]
𬋁	0	0	ㄘㄢˋ	[CNS]
𬋃	0	0	ㄌㄧㄢˋ	[UNI]
𬋄	0	0	ㄌㄧㄢˊ	[CNS]
𬋅	0	0	ㄏㄨㄟˋ	[CNS]
𬋈	0	0	ㄑㄧㄠˊ	[CNS]
𬋊	0	0	ㄕㄨㄣˋ	[CNS]
𬋍	0	0	ㄌㄞˋ	[UNI]
𬋑	0	0	ㄧㄥ	[CNS]
𬋒	0	0	ㄒㄩㄣˊ	[CNS]
𬋓	0	0	ㄧㄢˋ	[CNS]
𬋕	0	0	ㄐㄧㄠˋ	[CNS]
𬋘	0	0	ㄌㄧㄠˋ	[CNS]
𬋛	0	0	ㄏㄥˊ	[CNS]
𬋜	0	0	ㄍㄨㄢˋ	[CNS]
𬋞	0	0	ㄌㄧˋ	[CNS]
𬋡	0	0	ㄘㄨㄢˋ	[CNS]
𬋢	0	0	ㄐㄧㄡˋ	[CNS]
𬋤	0	0	ㄓㄣˋ	[CNS]
𬋦	0	0	ㄓˇ	[CNS]
𬋩	0	0	ㄧㄥˊ	[CNS]
𬋪	0	0	ㄞˋ	[CNS]
𬋭	0	0	ㄎㄢ	[CNS]
𬋭	0	0	ㄎㄢˋ	[CNS]
𬋷	0	0	ㄐㄩㄝˊ	[CNS]
𬋾	0	0	ㄈㄨˇ	[CNS]
𬌃	0	0	ㄉㄨㄥˋ	[CNS]
𬌆	0	0	ㄓ	[CNS]
𬌏	0	0	ㄉㄨˊ	[CNS]
𬌝	0	0	ㄔㄨˊ	[UNI]
𬌟	0	0	ㄑㄧㄢ	[CNS]
𬌤	0	0	ㄧㄤˊ	[CNS]
𬌮	0	0	ㄧㄠˋ	[UNI]
𬌲	0	0	ㄧㄡˊ	[CNS]
𬌷	0	0	ㄕㄢ	[UNI]
𬌸	0	0	ㄔㄨㄣ	[CNS]
𬌻	0	0	ㄈㄨˋ	[CNS]
𬍃	0	0	ㄓㄨㄛˊ	[CNS]
𬍐	0	0	ㄔㄨˋ	[CNS]
𬍑	0	0	ㄕㄢ	[CNS]
𬍒	0	0	ㄩㄣˊ	[CNS]
𬍓	0	0	ㄇㄨˋ	[CNS]
𬍗	0	0	ㄓㄢˇ	[CNS]
𬍘	0	0	ㄧㄡˋ	[CNS]
𬍙	0	0	ㄓㄢˇ	[UNI]
𬍚	0	0	ㄓㄚˋ	[CNS]
𬍝	0	0	ㄏㄨㄥˊ	[CNS]
𬍞	0	0	ㄊㄡˇ	[CNS]
𬍟	0	0	ㄩˋ	[CNS]
𬍠	0	0	ㄧ	[CNS]
𬍣	0	0	ㄖㄨˊ	[CNS]
𬍥	0	0	ㄈㄨˇ	[CNS]
𬍦	0	0	ㄌㄧㄥˊ	[CNS]
𬍧	0	0	ㄒㄧㄣ	[CNS]
𬍩	0	0	ㄑㄩㄥˊ	[CNS]
𬍩	0	0	ㄒㄩㄢ	[CNS]
𬍪	0	0	ㄐㄧˊ	[CNS]
𬍫	0	0	ㄐㄧㄝˊ	[CNS]
𬍬	0	0	ㄒㄧㄥˋ	[CNS]
𬍮	0	0	ㄌㄧㄥˊ	[CNS]
𬍱	0	0	ㄇㄧㄥˋ	[CNS]
𬍲	0	0	ㄧㄠˊ	[CNS]
𬍴	0	0	ㄗㄡˋ	[CNS]
𬍶	0	0	ㄩˋ	[CNS]
𬍷	0	0	ㄆㄧㄥˊ	[CNS]
𬍸	0	0	ㄉㄨㄣˋ	[CNS]
𬍸	0	0	ㄕㄨㄣˇ	[CNS]
𬍺	0	0	ㄩㄥˇ	[CNS]
𬍻	0	0	ㄌㄧㄢˊ	[CNS]
𬍼	0	0	ㄧㄠˊ	[CNS]
𬍽	0	0	ㄩㄢˊ	[CNS]
𬍽	0	0	ㄩㄣˊ	[CNS]
𬍾	0	0	ㄆㄛˋ	[CNS]
𬍿	0	0	ㄩˇ	[CNS]
𬎀	0	0	ㄧㄢ	[CNS]
𬎀	0	0	ㄧㄣ	[CNS]
𬎀	0	0	ㄧㄣˇ	[CNS]
𬎂	0	0	ㄘㄨㄟˇ	[CNS]
𬎃	0	0	ㄧˋ	[CNS]
𬎅	0	0	ㄒㄩㄝˇ	[CNS]
𬎆	0	0	ㄧㄥˊ	[UNI]
𬎇	0	0	ㄇㄛˋ	[CNS]
𬎈	0	0	ㄨㄢˇ	[CNS]
𬎉	0	0	ㄨㄟˇ	[CNS]
𬎊	0	0	ㄞ	[CNS]
𬎋	0	0	ㄑㄧㄣˊ	[CNS]
𬎌	0	0	ㄩㄣˊ	[CNS]
𬎍	0	0	ㄉㄚˊ	[CNS]
𬎎	0	0	ㄌㄧㄤˊ	[CNS]
𬎏	0	0	ㄗˇ	[CNS]
𬎐	0	0	ㄉㄚˊ	[CNS]
𬎑	0	0	ㄌㄢˋ	[UNI]
𬎓	0	0	ㄙㄜˋ	[CNS]
𬎔	0	0	ㄐㄧㄣˋ	[CNS]
𬎖	0	0	ㄒㄧㄣ	[CNS]
𬎘	0	0	ㄐㄧㄚˋ	[CNS]
𬎙	0	0	ㄌㄧˊ	[CNS]
𬎚	0	0	ㄑㄧㄢˊ	[CNS]
𬎛	0	0	ㄐㄧㄥˋ	[CNS]
𬎜	0	0	ㄏㄨㄢˊ	[CNS]
𬎝	0	0	ㄇㄢˋ	[CNS]
𬎞	0	0	ㄅㄠˇ	[CNS]
𬎟	0	0	ㄌㄢˊ	[CNS]
𬎠	0	0	ㄕㄨˇ	[CNS]
𬎡	0	0	ㄌㄨㄥˊ	[CNS]
𬎢	0	0	ㄓㄣˋ	[CNS]
𬎧	0	0	ㄘㄨㄥˊ	[UNI]
𬎩	0	0	ㄈㄡˇ	[CNS]
𬎪	0	0	ㄏㄜˊ	[CNS]
𬎱	0	0	ㄘㄞˇ	[CNS]
𬎺	0	0	ㄑㄩㄢˊ	[CNS]
𬎼	0	0	ㄖㄨㄟˊ	[CNS]
𬎾	0	0	ㄙㄨˋ	[CNS]
𬏀	0	0	ㄓㄨㄛˊ	[CNS]
𬏁	0	0	ㄐㄧˊ	[CNS]
𬏃	0	0	ㄏㄨ	[CNS]
𬏉	0	0	ㄨㄢˇ	[CNS]
𬏋	0	0	ㄧˋ	[CNS]
𬏍	0	0	ㄕㄣ	[CNS]
𬏔	0	0	ㄈㄢ	[CNS]
𬏕	0	0	ㄔㄢˊ	[CNS]
𬏜	0	0	ㄇㄚˋ	[UNI]
𬏟	0	0	ㄐㄧˋ	[UNI]
𬏦	0	0	ㄈㄟˋ	[UNI]
𬏫	0	0	ㄨㄣˊ	[UNI]
𬏮	0	0	ㄍㄨㄛ	[UNI]
𬏷	0	0	ㄈㄣˋ	[UNI]
𬏿	0	0	ㄇㄧˊ	[CNS]
𬐀	0	0	ㄅㄧˋ	[CNS]
𬐄	0	0	ㄉㄧˋ	[CNS]
𬐅	0	0	ㄇㄧㄣˊ	[CNS]
𬐊	0	0	ㄏㄠˋ	[CNS]
𬐋	0	0	ㄏㄨㄤˊ	[CNS]
𬐏	0	0	ㄇㄛˋ	[CNS]
𬐑	0	0	ㄈㄥˋ	[CNS]
𬐚	0	0	ㄏㄞˇ	[UNI]
𬐛	0	0	ㄈㄢˋ	[CNS]
𬐜	0	0	ㄓㄢˇ	[CNS]
𬐠	0	0	ㄧㄤˊ	[UNI]
𬐪	0	0	ㄢ	[CNS]
𬐫	0	0	ㄆㄢˊ	[CNS]
𬐱	0	0	ㄧㄢˊ	[CNS]
𬑆	0	0	ㄍㄨㄣˋ	[UNI]
𬑇	0	0	ㄔㄤˋ	[UNI]
𬑌	0	0	ㄆㄢˋ	[CNS]
𬑍	0	0	ㄔㄡˇ	[UNI]
𬑏	0	0	ㄧㄥˇ	[UNI]
𬑒	0	0	ㄎㄡ	[UNI]
𬑓	0	0	ㄧㄝˋ	[UNI]
𬑔	0	0	ㄇㄥˊ	[CNS]
𬑔	0	0	ㄓㄨㄥˋ	[CNS]
𬑕	0	0	ㄏㄨㄣˋ	[UNI]
𬑗	0	0	ㄒㄧㄢˊ	[UNI]
𬑙	0	0	ㄇㄞˋ	[UNI]
𬑡	0	0	ㄔㄡˇ	[UNI]
𬑤	0	0	ㄇㄨˋ	[CNS]
𬑧	0	0	ㄇㄧㄢˊ	[UNI]
𬑮	0	0	ㄗㄨˊ	[CNS]
𬑮	0	0	ㄘㄨˋ	[CNS]
𬑲	0	0	ㄈㄢˊ	[CNS]
𬑿	0	0	ㄆㄨ	[CNS]
𬒆	0	0	ㄧㄝˋ	[UNI]
𬒇	0	0	ㄌㄢˋ	[UNI]
𬒉	0	0	ㄤˊ	[CNS]
𬒍	0	0	ㄩㄣˇ	[UNI]
𬒎	0	0	ㄎㄥ	[UNI]
𬒐	0	0	ㄇㄟˇ	[CNS]
𬒑	0	0	ㄨㄢˇ	[CNS]
𬒕	0	0	ㄙㄨˋ	[UNI]
𬒖	0	0	ㄆㄧˇ	[CNS]
𬒘	0	0	ㄒㄧㄣˋ	[UNI]
𬒙	0	0	ㄇㄟˇ	[CNS]
𬒚	0	0	ㄐㄩㄣ	[CNS]
𬒛	0	0	ㄉㄞˋ	[CNS]
𬒟	0	0	ㄈㄢˊ	[CNS]
𬒠	0	0	ㄑㄧㄣˊ	[CNS]
𬒢	0	0	ㄏㄨㄚˊ	[CNS]
𬒥	0	0	ㄏㄨㄢˊ	[CNS]
𬒦	0	0	ㄖㄨㄥˊ	[CNS]
𬒫	0	0	ㄑㄧㄢˊ	[CNS]
𬒮	0	0	ㄇㄟˋ	[CNS]
𬒱	0	0	ㄐㄧㄚˇ	[CNS]
𬒲	0	0	ㄈㄨˊ	[CNS]
𬒳	0	0	ㄅㄟˋ	[CNS]
𬒶	0	0	ㄔㄨㄛˋ	[CNS]
𬒹	0	0	ㄕˋ	[CNS]
𬒺	0	0	ㄕㄨ	[CNS]
𬒻	0	0	ㄘㄣˊ	[CNS]
𬒽	0	0	ㄑㄩㄣˊ	[CNS]
𬒾	0	0	ㄅㄧㄠˇ	[CNS]
𬒿	0	0	ㄉㄧㄢˇ	[CNS]
𬓀	0	0	ㄢˋ	[CNS]
𬓃	0	0	ㄅㄥ	[CNS]
𬓃	0	0	ㄅㄥˇ	[CNS]
𬓅	0	0	ㄨㄢˇ	[CNS]
𬓆	0	0	ㄓㄢˋ	[CNS]
𬓈	0	0	ㄌㄨˋ	[CNS]
𬓉	0	0	ㄔㄨㄤ	[CNS]
𬓋	0	0	ㄏㄨㄢˋ	[CNS]
𬓍	0	0	ㄧˋ	[CNS]
𬓎	0	0	ㄐㄧㄢˋ	[CNS]
𬓑	0	0	ㄐㄧㄣˇ	[CNS]
𬓔	0	0	ㄘㄨㄥ	[CNS]
𬓕	0	0	ㄍㄨㄣˇ	[CNS]
𬓘	0	0	ㄆㄧㄠˊ	[CNS]
𬓙	0	0	ㄘㄨㄛˋ	[CNS]
𬓜	0	0	ㄊㄚˋ	[CNS]
𬓝	0	0	ㄧˋ	[CNS]
𬓠	0	0	ㄐㄧˇ	[UNI]
𬓢	0	0	ㄐㄧㄣ	[CNS]
𬓩	0	0	ㄗㄚˊ	[CNS]
𬓩	0	0	ㄗㄢˇ	[CNS]
𬓪	0	0	ㄌㄧˊ	[CNS]
𬓫	0	0	ㄑㄧㄡ	[UNI]
𬓬	0	0	ㄜˊ	[CNS]
𬓭	0	0	ㄔㄣˋ	[CNS]
𬓭	0	0	ㄔㄥ	[CNS]
𬓭	0	0	ㄔㄥˋ	[CNS]
𬓮	0	0	ㄊㄤˊ	[CNS]
𬓯	0	0	ㄕˋ	[CNS]
𬓱	0	0	ㄅㄣˋ	[UNI]
𬓲	0	0	ㄓㄣ	[CNS]
𬓴	0	0	ㄔㄣˋ	[CNS]
𬓴	0	0	ㄔㄥ	[CNS]
𬓴	0	0	ㄔㄥˋ	[CNS]
𬓸	0	0	ㄕㄞˋ	[UNI]
𬓻	0	0	ㄔㄥˊ	[CNS]
𬓼	0	0	ㄊㄨㄟˊ	[UNI]
𬓽	0	0	ㄇㄨˋ	[CNS]
𬓾	0	0	ㄌㄧㄤˊ	[CNS]
𬓿	0	0	ㄕㄢˋ	[CNS]
𬔁	0	0	ㄇㄨˋ	[CNS]
𬔃	0	0	ㄉㄨˊ	[CNS]
𬔄	0	0	ㄙㄨㄟˋ	[CNS]
𬔘	0	0	ㄐㄧㄣ	[CNS]
𬔞	0	0	ㄊㄨㄛˇ	[CNS]
𬔞	0	0	ㄋㄟˇ	[CNS]
𬔞	0	0	ㄙㄨㄟ	[CNS]
𬔞	0	0	ㄨㄛˋ	[CNS]
𬔯	0	0	ㄡ	[UNI]
𬔱	0	0	ㄓ	[CNS]
𬔳	0	0	ㄆㄧㄥˊ	[CNS]
𬔴	0	0	ㄇㄛˋ	[CNS]
𬔵	0	0	ㄩˋ	[CNS]
𬔼	0	0	ㄒㄧㄠˇ	[CNS]
𬔽	0	0	ㄇㄧㄥˊ	[CNS]
𬔽	0	0	ㄌㄨㄛˋ	[CNS]
𬔾	0	0	ㄆㄞˋ	[CNS]
𬔿	0	0	ㄨ	[CNS]
𬔿	0	0	ㄩ	[CNS]
𬕀	0	0	ㄓㄨˋ	[CNS]
𬕄	0	0	ㄕ	[UNI]
𬕅	0	0	ㄌㄧˋ	[CNS]
𬕆	0	0	ㄜˊ	[CNS]
𬕊	0	0	ㄐㄧㄢˋ	[UNI]
𬕐	0	0	ㄩㄣˊ	[CNS]
𬕑	0	0	ㄔㄤ	[CNS]
𬕒	0	0	ㄔㄤˊ	[CNS]
𬕖	0	0	ㄉㄧㄥˋ	[CNS]
𬕗	0	0	ㄑㄧˊ	[CNS]
𬕘	0	0	ㄆㄧㄥˊ	[CNS]
𬕙	0	0	ㄅㄣˋ	[CNS]
𬕚	0	0	ㄨㄟ	[CNS]
𬕛	0	0	ㄎㄨ	[UNI]
𬕜	0	0	ㄈㄥ	[CNS]
𬕞	0	0	ㄙㄨㄛ	[CNS]
𬕟	0	0	ㄕˋ	[CNS]
𬕡	0	0	ㄏㄨㄥˊ	[CNS]
𬕢	0	0	ㄅㄧㄥˇ	[CNS]
𬕣	0	0	ㄍㄨ	[CNS]
𬕤	0	0	ㄍㄣ	[CNS]
𬕥	0	0	ㄨㄛ	[CNS]
𬕦	0	0	ㄡ	[UNI]
𬕪	0	0	ㄇㄧㄝˋ	[CNS]
𬕬	0	0	ㄌㄧㄥˇ	[UNI]
𬕭	0	0	ㄇㄧㄝˋ	[CNS]
𬕯	0	0	ㄩㄢˊ	[CNS]
𬕱	0	0	ㄆㄧㄥˊ	[CNS]
𬕵	0	0	ㄑㄧㄢˊ	[CNS]
𬕸	0	0	ㄑㄧㄢˊ	[CNS]
𬕽	0	0	ㄡˇ	[CNS]
𬖁	0	0	ㄌㄧˊ	[CNS]
𬖂	0	0	ㄗㄢ	[CNS]
𬖃	0	0	ㄗㄨㄢˇ	[UNI]
𬖄	0	0	ㄌㄧㄢˊ	[CNS]
𬖊	0	0	ㄧㄥˊ	[CNS]
𬖌	0	0	ㄖㄣˊ	[CNS]
𬖑	0	0	ㄒㄧㄢˋ	[UNI]
𬖕	0	0	ㄌㄧㄤˊ	[CNS]
𬖖	0	0	ㄔㄡ	[UNI]
𬖘	0	0	ㄕˋ	[UNI]
𬖜	0	0	ㄌㄧㄥˊ	[CNS]
𬖝	0	0	ㄍㄢ	[CNS]
𬖝	0	0	ㄍㄢˇ	[CNS]
𬖠	0	0	ㄌㄡˇ	[UNI]
𬖤	0	0	ㄓㄨㄛˊ	[CNS]
𬖬	0	0	ㄈㄨˊ	[CNS]
𬖮	0	0	ㄒㄧㄢˋ	[UNI]
𬖰	0	0	ㄍㄠ	[CNS]
𬖴	0	0	ㄐㄧˋ	[CNS]
𬖶	0	0	ㄐㄩˊ	[CNS]
𬗃	0	0	ㄩ	[CNS]
𬗄	0	0	ㄨㄢˊ	[CNS]
𬗇	0	0	ㄩㄝˋ	[CNS]
𬗈	0	0	ㄖㄣˋ	[CNS]
𬗉	0	0	ㄧㄣˋ	[CNS]
𬗊	0	0	ㄆㄞˋ	[CNS]
𬗌	0	0	ㄏㄨㄟˇ	[CNS]
𬗌	0	0	ㄔㄨㄥˊ	[CNS]
𬗐	0	0	ㄙㄨㄛˇ	[CNS]
𬗑	0	0	ㄧ	[CNS]
𬗒	0	0	ㄓㄨˋ	[CNS]
𬗕	0	0	ㄖㄨㄥˊ	[CNS]
𬗘	0	0	ㄗㄠˇ	[CNS]
𬗚	0	0	ㄉㄧㄢˋ	[CNS]
𬗚	0	0	ㄊㄧㄢˊ	[CNS]
𬗛	0	0	ㄐㄧ	[CNS]
𬗟	0	0	ㄇㄧㄢˇ	[CNS]
𬗠	0	0	ㄅㄧㄠˇ	[CNS]
𬗡	0	0	ㄔㄤ	[CNS]
𬗣	0	0	ㄓㄡˋ	[CNS]
𬗦	0	0	ㄧˊ	[CNS]
𬗨	0	0	ㄓㄣˇ	[CNS]
𬗭	0	0	ㄗ	[CNS]
𬗮	0	0	ㄇㄟˇ	[CNS]
𬗯	0	0	ㄍㄨㄥˋ	[CNS]
𬗳	0	0	ㄔˋ	[CNS]
𬗴	0	0	ㄇㄞˋ	[CNS]
𬗷	0	0	ㄒㄧㄡˋ	[CNS]
𬗹	0	0	ㄘㄞˇ	[CNS]
𬘁	0	0	ㄐㄧ	[CNS]
𬘇	0	0	ㄘㄞˊ	[CNS]
𬘉	0	0	ㄔㄢˊ	[CNS]
𬘌	0	0	ㄧㄥˊ	[CNS]
𬘎	0	0	ㄒㄧㄠ	[CNS]
𬘐	0	0	ㄒㄧㄚˊ	[CNS]
𬘒	0	0	ㄑㄩㄝˋ	[CNS]
𬘔	0	0	ㄇㄧㄝˋ	[UNI]
𬘕	0	0	ㄑㄧㄡˊ	[UNI]
𬘖	0	0	ㄐㄧㄢˇ	[UNI]
𬘙	0	0	ㄩㄝˋ	[UNI]
𬘚	0	0	ㄨㄚˋ	[UNI]
𬘛	0	0	ㄑㄩ	[UNI]
𬘜	0	0	ㄓㄢˋ	[UNI]
𬘝	0	0	ㄓㄣˇ	[UNI]
𬘞	0	0	ㄉㄧㄠˇ	[UNI]
𬘟	0	0	ㄒㄧㄢˋ	[UNI]
𬘠	0	0	ㄍㄞˇ	[UNI]
𬘢	0	0	ㄎㄨㄤˋ	[UNI]
𬘤	0	0	ㄌㄩˇ	[UNI]
𬘥	0	0	ㄑㄩㄢˊ	[UNI]
𬘦	0	0	ㄆㄞˋ	[UNI]
𬘧	0	0	ㄐㄧˋ	[UNI]
𬘨	0	0	ㄓ	[UNI]
𬘪	0	0	ㄌㄧㄢˇ	[UNI]
𬘮	0	0	ㄇㄧˋ	[UNI]
𬘰	0	0	ㄖㄨㄢˇ	[UNI]
𬘱	0	0	ㄧㄠ	[UNI]
𬘲	0	0	ㄓㄚˇ	[UNI]
𬘳	0	0	ㄒㄩ	[UNI]
𬘵	0	0	ㄍㄥ	[UNI]
𬘶	0	0	ㄑㄧㄡ	[UNI]
𬘷	0	0	ㄘㄨㄛ	[UNI]
𬘸	0	0	ㄋㄧˋ	[UNI]
𬘺	0	0	ㄊㄠˋ	[UNI]
𬘻	0	0	ㄒㄧㄚˊ	[UNI]
𬘼	0	0	ㄙㄨㄟˋ	[UNI]
𬘽	0	0	ㄓˋ	[UNI]
𬘾	0	0	ㄕㄨㄤˋ	[UNI]
𬙁	0	0	ㄧㄢˇ	[UNI]
𬙃	0	0	ㄑㄧㄢˇ	[UNI]
𬙅	0	0	ㄓㄨˇ	[UNI]
𬙆	0	0	ㄈㄢ	[UNI]
𬙇	0	0	ㄖㄢˊ	[UNI]
𬙈	0	0	ㄌㄧㄣˊ	[UNI]
𬙉	0	0	ㄉㄢˋ	[UNI]
𬙎	0	0	ㄌㄨˊ	[UNI]
𬙓	0	0	ㄒㄧㄚˋ	[CNS]
𬙗	0	0	ㄩˇ	[CNS]
𬙘	0	0	ㄩˊ	[CNS]
𬙝	0	0	ㄅㄧˋ	[UNI]
𬙬	0	0	ㄙㄨㄢˋ	[CNS]
𬙭	0	0	ㄨㄟˇ	[UNI]
𬙱	0	0	ㄖㄨㄥˊ	[CNS]
𬙹	0	0	ㄑㄩㄣˊ	[CNS]
𬙻	0	0	ㄧˋ	[CNS]
𬚄	0	0	ㄙㄨˋ	[UNI]
𬚐	0	0	ㄇㄛˋ	[CNS]
𬚐	0	0	ㄧㄢˋ	[CNS]
𬚑	0	0	ㄡˇ	[CNS]
𬚒	0	0	ㄩˊ	[CNS]
𬚔	0	0	ㄆㄢˋ	[CNS]
𬚕	0	0	ㄩㄣˋ	[CNS]
𬚖	0	0	ㄓㄠ	[CNS]
𬚖	0	0	ㄔㄠˇ	[CNS]
𬚗	0	0	ㄒㄩ	[CNS]
𬚘	0	0	ㄉㄧㄝˊ	[CNS]
𬚘	0	0	ㄓˋ	[CNS]
𬚙	0	0	ㄌㄧㄢˊ	[CNS]
𬚚	0	0	ㄜˊ	[CNS]
𬚛	0	0	ㄌㄧㄢˊ	[CNS]
𬚜	0	0	ㄊㄨㄛ	[CNS]
𬚟	0	0	ㄧㄚˇ	[CNS]
𬚠	0	0	ㄋㄧˋ	[CNS]
𬚡	0	0	ㄧㄥ	[CNS]
𬚢	0	0	ㄐㄧˋ	[CNS]
𬚤	0	0	ㄘㄤ	[CNS]
𬚥	0	0	ㄙㄨㄥˋ	[CNS]
𬚦	0	0	ㄏㄨㄚˊ	[CNS]
𬚧	0	0	ㄉㄨㄣ	[CNS]
𬚨	0	0	ㄦ˙	[CNS]
𬚭	0	0	ㄩˋ	[CNS]
𬚰	0	0	ㄨㄟˋ	[CNS]
𬚳	0	0	ㄇㄟˊ	[CNS]
𬚵	0	0	ㄆㄢˋ	[CNS]
𬚷	0	0	ㄓㄣˋ	[CNS]
𬚽	0	0	ㄇㄧㄥˊ	[CNS]
𬚾	0	0	ㄜˊ	[CNS]
𬛄	0	0	ㄒㄧˊ	[CNS]
𬛅	0	0	ㄓㄡˇ	[CNS]
𬛊	0	0	ㄕㄥ	[CNS]
𬛊	0	0	ㄕㄥˋ	[CNS]
𬛋	0	0	ㄐㄧˊ	[CNS]
𬛍	0	0	ㄊㄥˊ	[CNS]
𬛐	0	0	ㄒㄧ	[CNS]
𬛔	0	0	ㄔㄨㄣˊ	[CNS]
𬛖	0	0	ㄨㄣˋ	[CNS]
𬛚	0	0	ㄧㄝˋ	[CNS]
𬛜	0	0	ㄅㄧㄣˋ	[CNS]
𬛞	0	0	ㄊㄨㄥˊ	[CNS]
𬛬	0	0	ㄓㄨㄥ	[CNS]
𬛴	0	0	ㄊㄞˋ	[CNS]
𬛵	0	0	ㄓㄣ	[CNS]
𬛸	0	0	ㄋㄧㄝ	[UNI]
𬛹	0	0	ㄉㄤˋ	[UNI]
𬛼	0	0	ㄩˊ	[UNI]
𬛽	0	0	ㄐㄧㄚˇ	[CNS]
𬜅	0	0	ㄊㄧㄝ	[CNS]
𬜅	0	0	ㄊㄧㄢ	[CNS]
𬜈	0	0	ㄙㄨㄟˋ	[CNS]
𬜏	0	0	ㄐㄧㄣˋ	[CNS]
𬜔	0	0	ㄉㄚˊ	[UNI]
𬜘	0	0	ㄓㄣ	[CNS]
𬜟	0	0	ㄧㄢˋ	[CNS]
𬜡	0	0	ㄩㄝˋ	[CNS]
𬜢	0	0	ㄐㄧㄡˇ	[CNS]
𬜥	0	0	ㄌㄢˊ	[UNI]
𬜦	0	0	ㄏㄨㄟˋ	[CNS]
𬜧	0	0	ㄈㄚˋ	[UNI]
𬜨	0	0	ㄏㄨㄟˋ	[UNI]
𬜴	0	0	ㄎㄨㄞˋ	[CNS]
𬜵	0	0	ㄌㄧㄣˋ	[CNS]
𬜵	0	0	ㄨㄣˊ	[CNS]
𬜶	0	0	ㄨㄢˇ	[CNS]
𬜶	0	0	ㄩㄢˋ	[CNS]
𬜸	0	0	ㄏㄨㄞˊ	[UNI]
𬜹	0	0	ㄈㄤˊ	[CNS]
𬜻	0	0	ㄏㄨㄚˊ	[CNS]
𬜾	0	0	ㄒㄧㄢˊ	[UNI]
𬜿	0	0	ㄍㄨㄛˊ	[UNI]
𬝀	0	0	ㄆㄧㄥˊ	[CNS]
𬝁	0	0	ㄩˊ	[UNI]
𬝃	0	0	ㄌㄠˊ	[UNI]
𬝄	0	0	ㄧㄥˊ	[CNS]
𬝅	0	0	ㄧㄣ	[CNS]
𬝆	0	0	ㄑㄧㄤ	[CNS]
𬝈	0	0	ㄆㄧㄥˊ	[CNS]
𬝊	0	0	ㄙ	[UNI]
𬝋	0	0	ㄐㄧㄝˊ	[UNI]
𬝌	0	0	ㄅㄛˊ	[CNS]
𬝌	0	0	ㄅㄞˇ	[CNS]
𬝎	0	0	ㄖㄨㄟˋ	[CNS]
𬝏	0	0	ㄇㄧㄝˋ	[CNS]
𬝑	0	0	ㄔㄤˊ	[CNS]
𬝒	0	0	ㄌㄧˋ	[CNS]
𬝓	0	0	ㄏㄢˋ	[CNS]
𬝘	0	0	ㄗ	[CNS]
𬝘	0	0	ㄘˊ	[CNS]
𬝚	0	0	ㄙㄨˋ	[CNS]
𬝛	0	0	ㄐㄧㄡˇ	[CNS]
𬝜	0	0	ㄙㄨˋ	[CNS]
𬝟	0	0	ㄆㄨˇ	[CNS]
𬝠	0	0	ㄗㄟˊ	[UNI]
𬝢	0	0	ㄎㄨㄟˊ	[CNS]
𬝣	0	0	ㄧㄤ	[CNS]
𬝤	0	0	ㄓㄣˋ	[CNS]
𬝪	0	0	ㄊㄧㄥˊ	[CNS]
𬝫	0	0	ㄇㄧㄥˊ	[CNS]
𬝬	0	0	ㄇㄧㄥˊ	[CNS]
𬝯	0	0	ㄆㄧㄣˊ	[UNI]
𬝲	0	0	ㄌㄧˋ	[CNS]
𬝳	0	0	ㄓㄢˇ	[CNS]
𬝴	0	0	ㄖㄢˊ	[UNI]
𬝶	0	0	ㄑㄧㄤˊ	[CNS]
𬝷	0	0	ㄩˊ	[CNS]
𬝸	0	0	ㄕㄨ	[CNS]
𬝹	0	0	ㄒㄩㄝˇ	[CNS]
𬝺	0	0	ㄎㄨㄢˇ	[CNS]
𬝽	0	0	ㄒㄧㄡˋ	[CNS]
𬝾	0	0	ㄊㄤˊ	[CNS]
𬞂	0	0	ㄎㄨㄟˊ	[CNS]
𬞃	0	0	ㄒㄧㄝˋ	[CNS]
𬞇	0	0	ㄊㄠˊ	[CNS]
𬞈	0	0	ㄓㄜˋ	[CNS]
𬞋	0	0	ㄐㄧㄢˋ	[UNI]
𬞌	0	0	ㄊㄠˊ	[CNS]
𬞏	0	0	ㄐㄧㄤ	[CNS]
𬞕	0	0	ㄌㄢˊ	[UNI]
𬞖	0	0	ㄆㄧㄥˊ	[CNS]
𬞘	0	0	ㄊㄨㄟ	[UNI]
𬞜	0	0	ㄒㄩˇ	[CNS]
𬞝	0	0	ㄇㄨˋ	[CNS]
𬞞	0	0	ㄕㄨ	[CNS]
𬞣	0	0	ㄙㄣ	[UNI]
𬞥	0	0	ㄒㄧ	[CNS]
𬞦	0	0	ㄧˊ	[CNS]
𬞧	0	0	ㄘˊ	[CNS]
𬞫	0	0	ㄌㄢˋ	[UNI]
𬞬	0	0	ㄖㄨㄥˊ	[CNS]
𬞭	0	0	ㄒㄧ	[CNS]
𬞯	0	0	ㄎㄨㄟˊ	[CNS]
𬞳	0	0	ㄊㄥˊ	[CNS]
𬞴	0	0	ㄎㄨㄟˊ	[CNS]
𬞵	0	0	ㄧㄣˊ	[CNS]
𬞶	0	0	ㄙㄨㄟˋ	[CNS]
𬞸	0	0	ㄎㄨㄢ	[CNS]
𬞻	0	0	ㄇㄧㄢˊ	[CNS]
𬞼	0	0	ㄨㄟˊ	[CNS]
𬞽	0	0	ㄇㄢˋ	[CNS]
𬞾	0	0	ㄔㄤˊ	[CNS]
𬟄	0	0	ㄆㄧㄥˊ	[CNS]
𬟅	0	0	ㄔㄨˊ	[CNS]
𬟆	0	0	ㄧˋ	[CNS]
𬟇	0	0	ㄩㄣˋ	[CNS]
𬟈	0	0	ㄇㄧㄠˇ	[CNS]
𬟉	0	0	ㄙㄨㄟˋ	[CNS]
𬟊	0	0	ㄇㄚˊ	[CNS]
𬟍	0	0	ㄡˇ	[CNS]
𬟑	0	0	ㄇㄧㄥˊ	[CNS]
𬟓	0	0	ㄒㄩㄣˊ	[CNS]
𬟔	0	0	ㄧˋ	[CNS]
𬟘	0	0	ㄙㄨㄟˋ	[CNS]
𬟙	0	0	ㄊㄥˊ	[CNS]
𬟚	0	0	ㄉㄨㄣˋ	[CNS]
𬟝	0	0	ㄒㄩㄣˊ	[CNS]
𬟡	0	0	ㄎㄨㄟˊ	[CNS]
𬟤	0	0	ㄑㄧㄠˊ	[CNS]
𬟪	0	0	ㄒㄧˋ	[UNI]
𬟺	0	0	ㄘㄨㄥˊ	[UNI]
𬠃	0	0	ㄅㄧˋ	[UNI]
𬠅	0	0	ㄉㄤ	[UNI]
𬠈	0	0	ㄍㄨㄥˋ	[UNI]
𬠐	0	0	ㄙˇ	[UNI]
𬠑	0	0	ㄏㄢˊ	[CNS]
𬠗	0	0	ㄆㄛˇ	[CNS]
𬠛	0	0	ㄗㄨㄟˋ	[CNS]
𬠠	0	0	ㄗㄟˊ	[UNI]
𬠣	0	0	ㄖㄨㄥˊ	[CNS]
𬠪	0	0	ㄔㄥ	[CNS]
𬠰	0	0	ㄒㄩㄝˊ	[CNS]
𬠲	0	0	ㄅㄧˋ	[CNS]
𬠵	0	0	ㄇㄧˋ	[CNS]
𬠷	0	0	ㄊㄨㄛˊ	[UNI]
𬠽	0	0	ㄒㄧㄥˊ	[CNS]
𬡄	0	0	ㄍㄨㄣˇ	[CNS]
𬡅	0	0	ㄑㄧˊ	[CNS]
𬡆	0	0	ㄐㄧˇ	[CNS]
𬡇	0	0	ㄋㄧㄠˇ	[UNI]
𬡌	0	0	ㄑㄧㄣ	[CNS]
𬡍	0	0	ㄉㄧㄠ	[UNI]
𬡎	0	0	ㄓㄡˋ	[UNI]
𬡒	0	0	ㄐㄧㄚˊ	[UNI]
𬡓	0	0	ㄉㄧㄝ	[UNI]
𬡔	0	0	ㄕ	[UNI]
𬡕	0	0	ㄕㄚ	[UNI]
𬡖	0	0	ㄉㄨㄛˇ	[CNS]
𬡘	0	0	ㄒㄧㄤˊ	[CNS]
𬡠	0	0	ㄌㄨㄛˋ	[UNI]
𬡥	0	0	ㄓㄣ	[CNS]
𬡧	0	0	ㄘㄤ	[CNS]
𬡭	0	0	ㄅㄠ	[CNS]
𬡲	0	0	ㄑㄧㄣ	[CNS]
𬡳	0	0	ㄘㄨㄟˋ	[CNS]
𬡷	0	0	ㄗㄢˋ	[UNI]
𬡸	0	0	ㄧㄚˋ	[CNS]
𬡺	0	0	ㄑㄩˋ	[CNS]
𬡻	0	0	ㄔㄢˇ	[UNI]
𬢁	0	0	ㄩˋ	[CNS]
𬢇	0	0	ㄏㄚ	[UNI]
𬢈	0	0	ㄉㄨㄥˋ	[UNI]
𬢉	0	0	ㄘ	[UNI]
𬢊	0	0	ㄙˋ	[UNI]
𬢋	0	0	ㄊㄧㄠˋ	[UNI]
𬢌	0	0	ㄓˋ	[UNI]
𬢎	0	0	ㄉㄨˇ	[UNI]
𬢏	0	0	ㄉㄢ	[UNI]
𬢐	0	0	ㄑㄧˋ	[UNI]
𬢑	0	0	ㄧㄥˇ	[UNI]
𬢒	0	0	ㄇㄧㄥˊ	[UNI]
𬢔	0	0	ㄉㄥ	[UNI]
𬢣	0	0	ㄕˋ	[CNS]
𬢤	0	0	ㄗ	[CNS]
𬢥	0	0	ㄔㄥˊ	[CNS]
𬢦	0	0	ㄎㄠˇ	[CNS]
𬢨	0	0	ㄢ	[CNS]
𬢪	0	0	ㄓㄡ	[CNS]
𬢮	0	0	ㄒㄧˇ	[CNS]
𬢯	0	0	ㄧㄥ	[UNI]
𬢰	0	0	ㄈㄤˊ	[CNS]
𬢲	0	0	ㄏㄢˊ	[CNS]
𬢳	0	0	ㄘㄢ	[CNS]
𬢴	0	0	ㄗ	[CNS]
𬢵	0	0	ㄓㄣ	[CNS]
𬢶	0	0	ㄕˋ	[CNS]
𬢻	0	0	ㄔㄣ	[CNS]
𬢼	0	0	ㄓㄤ	[CNS]
𬣀	0	0	ㄨㄟˋ	[UNI]
𬣁	0	0	ㄒㄧㄚˊ	[CNS]
𬣅	0	0	ㄕㄥˋ	[CNS]
𬣇	0	0	ㄐㄩˊ	[CNS]
𬣊	0	0	ㄒㄩㄢˊ	[CNS]
𬣑	0	0	ㄉㄧˊ	[CNS]
𬣒	0	0	ㄇㄨˋ	[CNS]
𬣚	0	0	ㄎㄡˇ	[UNI]
𬣛	0	0	ㄓˋ	[UNI]
𬣜	0	0	ㄏㄠˋ	[UNI]
𬣝	0	0	ㄐㄩㄣˋ	[UNI]
𬣟	0	0	ㄊㄡˇ	[UNI]
𬣠	0	0	ㄍㄢˋ	[UNI]
𬣢	0	0	ㄊㄚ	[UNI]
𬣣	0	0	ㄓㄨˋ	[UNI]
𬣤	0	0	ㄐㄩㄢˇ	[UNI]
𬣥	0	0	ㄊㄠ	[UNI]
𬣦	0	0	ㄠˋ	[UNI]
𬣧	0	0	ㄈㄟˋ	[UNI]
𬣨	0	0	ㄧㄚˇ	[UNI]
𬣩	0	0	ㄨㄟ	[UNI]
𬣪	0	0	ㄏㄨㄟˋ	[UNI]
𬣬	0	0	ㄏㄨㄟˋ	[UNI]
𬣭	0	0	ㄉㄤˇ	[UNI]
𬣮	0	0	ㄇㄧㄥˊ	[UNI]
𬣯	0	0	ㄖㄣˊ	[UNI]
𬣰	0	0	ㄏㄨㄟˋ	[UNI]
𬣱	0	0	ㄔㄡˊ	[UNI]
𬣲	0	0	ㄅㄧㄥˋ	[UNI]
𬣶	0	0	ㄓㄚˋ	[UNI]
𬣷	0	0	ㄙㄨˋ	[UNI]
𬣸	0	0	ㄏㄢˋ	[UNI]
𬣹	0	0	ㄘㄨˋ	[UNI]
𬣻	0	0	ㄊㄧㄥˋ	[UNI]
𬣼	0	0	ㄌㄤˇ	[UNI]
𬣽	0	0	ㄌㄧㄢˊ	[UNI]
𬣾	0	0	ㄓㄚ	[UNI]
𬣿	0	0	ㄌㄠˊ	[UNI]
𬤀	0	0	ㄒㄧㄚˋ	[UNI]
𬤁	0	0	ㄊㄠˊ	[UNI]
𬤂	0	0	ㄊㄢˋ	[UNI]
𬤄	0	0	ㄘㄢˋ	[UNI]
𬤅	0	0	ㄐㄧˊ	[UNI]
𬤆	0	0	ㄍㄨㄣˋ	[UNI]
𬤉	0	0	ㄏㄨㄟˋ	[UNI]
𬤋	0	0	ㄘㄨㄥˋ	[UNI]
𬤌	0	0	ㄔㄚ	[UNI]
𬤍	0	0	ㄏㄨㄤˊ	[UNI]
𬤎	0	0	ㄒㄩㄢ	[UNI]
𬤏	0	0	ㄉㄨㄛˊ	[UNI]
𬤐	0	0	ㄍㄜ	[UNI]
𬤑	0	0	ㄍㄜˊ	[UNI]
𬤒	0	0	ㄍㄜˊ	[UNI]
𬤓	0	0	ㄔ	[UNI]
𬤕	0	0	ㄊㄚˋ	[UNI]
𬤖	0	0	ㄍㄨㄣˋ	[UNI]
𬤘	0	0	ㄔˋ	[UNI]
𬤙	0	0	ㄏㄨ	[UNI]
𬤚	0	0	ㄧㄥ	[UNI]
𬤛	0	0	ㄔㄢˇ	[UNI]
𬤜	0	0	ㄓㄚ	[UNI]
𬤞	0	0	ㄧˋ	[UNI]
𬤟	0	0	ㄌㄧㄠˊ	[UNI]
𬤠	0	0	ㄧㄢˊ	[UNI]
𬤡	0	0	ㄠˋ	[UNI]
𬤢	0	0	ㄗㄨㄣˇ	[UNI]
𬤣	0	0	ㄉㄨㄟˋ	[UNI]
𬤤	0	0	ㄗㄥ	[UNI]
𬤥	0	0	ㄓㄨㄢˋ	[UNI]
𬤦	0	0	ㄧˊ	[UNI]
𬤨	0	0	ㄗㄠˋ	[UNI]
𬤩	0	0	ㄞˋ	[UNI]
𬤪	0	0	ㄊㄚˋ	[UNI]
𬤫	0	0	ㄏㄠˊ	[UNI]
𬤬	0	0	ㄊㄨㄢ	[UNI]
𬤭	0	0	ㄏㄨㄟˋ	[UNI]
𬤮	0	0	ㄗㄢˋ	[UNI]
𬤯	0	0	ㄐㄧㄢˇ	[UNI]
𬤰	0	0	ㄏㄨㄢ	[UNI]
𬤱	0	0	ㄊㄨㄟˊ	[UNI]
𬤵	0	0	ㄍㄨˇ	[CNS]
𬤺	0	0	ㄅㄠ	[CNS]
𬥁	0	0	ㄐㄩˋ	[CNS]
𬥄	0	0	ㄓㄜˊ	[UNI]
𬥈	0	0	ㄇㄠˋ	[UNI]
𬥉	0	0	ㄋㄧˊ	[CNS]
𬥌	0	0	ㄒㄧㄤˋ	[CNS]
𬥎	0	0	ㄒㄧㄢˊ	[CNS]
𬥏	0	0	ㄆㄢˋ	[CNS]
𬥗	0	0	ㄗㄨㄛˋ	[CNS]
𬥛	0	0	ㄑㄧˊ	[CNS]
𬥜	0	0	ㄔㄣˇ	[CNS]
𬥞	0	0	ㄔㄣˇ	[CNS]
𬥳	0	0	ㄔㄨㄤˋ	[UNI]
𬥴	0	0	ㄏㄢ	[UNI]
𬥵	0	0	ㄧˋ	[UNI]
𬥶	0	0	ㄅㄧˋ	[UNI]
𬥷	0	0	ㄓㄥˋ	[UNI]
𬥸	0	0	ㄔㄨㄢˋ	[UNI]
𬥺	0	0	ㄧㄢˇ	[UNI]
𬥻	0	0	ㄖㄨㄢˇ	[UNI]
𬥼	0	0	ㄓㄨㄢˋ	[UNI]
𬥽	0	0	ㄏㄡˋ	[UNI]
𬥾	0	0	ㄌㄢˋ	[UNI]
𬥿	0	0	ㄓㄢˋ	[UNI]
𬦂	0	0	ㄋㄧㄢˇ	[CNS]
𬦅	0	0	ㄊㄤˋ	[UNI]
𬦆	0	0	ㄊㄨㄢˊ	[UNI]
𬦈	0	0	ㄊㄨ	[CNS]
𬦌	0	0	ㄩㄝˋ	[CNS]
𬦍	0	0	ㄔㄣˋ	[CNS]
𬦑	0	0	ㄧˇ	[CNS]
𬦓	0	0	ㄗㄨㄥ	[CNS]
𬦝	0	0	ㄗㄨㄟˋ	[CNS]
𬦣	0	0	ㄌㄧˋ	[UNI]
𬦥	0	0	ㄅㄟˋ	[UNI]
𬦧	0	0	ㄌㄨㄣˊ	[UNI]
𬦩	0	0	ㄗㄡˇ	[UNI]
𬦫	0	0	ㄉㄨㄛˋ	[UNI]
𬦯	0	0	ㄒㄧㄝˊ	[UNI]
𬦴	0	0	ㄅㄧㄥˋ	[UNI]
𬦵	0	0	ㄓㄤ	[UNI]
𬦻	0	0	ㄍㄨㄢˋ	[UNI]
𬧀	0	0	ㄑㄧㄤ	[UNI]
𬧃	0	0	ㄊㄥˊ	[UNI]
𬧋	0	0	ㄓㄢˇ	[CNS]
𬧑	0	0	ㄋㄧㄢˇ	[UNI]
𬧚	0	0	ㄉㄧㄢ	[UNI]
𬧢	0	0	ㄌㄨㄥˇ	[UNI]
𬧤	0	0	ㄌㄠˋ	[UNI]
𬧨	0	0	ㄎㄨㄣ	[CNS]
𬧩	0	0	ㄍㄨㄛˊ	[UNI]
𬧪	0	0	ㄌㄧㄤˊ	[CNS]
𬧰	0	0	ㄐㄩˊ	[CNS]
𬧷	0	0	ㄇㄥˋ	[CNS]
𬧸	0	0	ㄏㄨㄢˋ	[CNS]
𬧽	0	0	ㄕㄤ	[CNS]
𬨁	0	0	ㄇㄠˊ	[UNI]
𬨄	0	0	ㄧㄤˇ	[UNI]
𬨅	0	0	ㄋㄧㄢˇ	[UNI]
𬨆	0	0	ㄍㄨㄥˇ	[UNI]
𬨇	0	0	ㄎㄞˇ	[UNI]
𬨈	0	0	ㄨㄢˇ	[UNI]
𬨉	0	0	ㄊㄧㄢˊ	[UNI]
𬨋	0	0	ㄗㄤˋ	[UNI]
𬨌	0	0	ㄆㄧˋ	[UNI]
𬨍	0	0	ㄍㄜˊ	[UNI]
𬨏	0	0	ㄒㄩˇ	[UNI]
𬨐	0	0	ㄏㄨㄟˋ	[UNI]
𬨑	0	0	ㄙㄤˇ	[UNI]
𬨒	0	0	ㄍㄨㄤ	[UNI]
𬨓	0	0	ㄔㄠˊ	[UNI]
𬨔	0	0	ㄆㄧˋ	[UNI]
𬨛	0	0	ㄌㄞˋ	[CNS]
𬨨	0	0	ㄍㄨㄛˋ	[CNS]
𬨩	0	0	ㄊㄡˋ	[CNS]
𬨶	0	0	ㄧㄠˊ	[CNS]
𬨹	0	0	ㄨˊ	[CNS]
𬩃	0	0	ㄅㄧㄠ	[CNS]
𬩎	0	0	ㄏㄨㄛˋ	[UNI]
𬩞	0	0	ㄐㄧㄚ	[CNS]
𬩡	0	0	ㄧㄠˊ	[CNS]
𬩤	0	0	ㄌㄧˋ	[CNS]
𬩦	0	0	ㄓㄜ	[CNS]
𬩪	0	0	ㄌㄧㄠˊ	[CNS]
𬩮	0	0	ㄅㄧˋ	[CNS]
𬩶	0	0	ㄌㄧㄤˊ	[CNS]
𬩷	0	0	ㄓㄢˋ	[CNS]
𬩾	0	0	ㄌㄞˊ	[UNI]
𬪍	0	0	ㄇㄠˋ	[UNI]
𬪑	0	0	ㄒㄧㄣ	[CNS]
𬪧	0	0	ㄩˋ	[UNI]
𬪨	0	0	ㄓㄢˇ	[UNI]
𬪲	0	0	ㄒㄧ	[CNS]
𬪸	0	0	ㄓㄠˋ	[CNS]
𬪺	0	0	ㄍㄨㄤˋ	[UNI]
𬫁	0	0	ㄌㄧˊ	[CNS]
𬫆	0	0	ㄅㄚˊ	[CNS]
𬫆	0	0	ㄅㄛˊ	[CNS]
𬫇	0	0	ㄕˋ	[CNS]
𬫇	0	0	ㄧˋ	[CNS]
𬫉	0	0	ㄖㄢˇ	[CNS]
𬫊	0	0	ㄑㄧㄢ	[CNS]
𬫋	0	0	ㄅㄚˊ	[CNS]
𬫋	0	0	ㄅㄛˊ	[CNS]
𬫌	0	0	ㄏㄨㄟˋ	[CNS]
𬫌	0	0	ㄔˇ	[CNS]
𬫌	0	0	ㄩㄝˋ	[CNS]
𬫍	0	0	ㄖㄨㄥˊ	[CNS]
𬫎	0	0	ㄖㄣˋ	[CNS]
𬫏	0	0	ㄓˇ	[CNS]
𬫓	0	0	ㄏㄠˇ	[CNS]
𬫔	0	0	ㄩㄣˊ	[CNS]
𬫕	0	0	ㄕㄢ	[CNS]
𬫘	0	0	ㄑㄧㄣ	[CNS]
𬫙	0	0	ㄆㄧㄣˋ	[CNS]
𬫛	0	0	ㄗㄨㄛˋ	[CNS]
𬫝	0	0	ㄓㄨㄤ	[CNS]
𬫟	0	0	ㄌㄧㄥˊ	[CNS]
𬫡	0	0	ㄐㄧˊ	[CNS]
𬫨	0	0	ㄊㄢˊ	[CNS]
𬫩	0	0	ㄉㄧˇ	[CNS]
𬫪	0	0	ㄒㄩㄢˋ	[CNS]
𬫮	0	0	ㄇㄢˇ	[CNS]
𬫯	0	0	ㄇㄠˋ	[CNS]
𬫲	0	0	ㄧㄡˊ	[CNS]
𬫳	0	0	ㄊㄞˋ	[CNS]
𬫴	0	0	ㄌㄧㄠˊ	[CNS]
𬫵	0	0	ㄙㄨˋ	[CNS]
𬫺	0	0	ㄏㄡˊ	[CNS]
𬫼	0	0	ㄧㄥˊ	[CNS]
𬬀	0	0	ㄍㄤ	[CNS]
𬬁	0	0	ㄌㄧˊ	[CNS]
𬬄	0	0	ㄐㄧˋ	[CNS]
𬬅	0	0	ㄧ	[CNS]
𬬆	0	0	ㄑㄧㄥˋ	[CNS]
𬬇	0	0	ㄓㄜ	[UNI]
𬬋	0	0	ㄙㄜˋ	[CNS]
𬬎	0	0	ㄩㄢˊ	[CNS]
𬬒	0	0	ㄐㄩˋ	[CNS]
𬬓	0	0	ㄅㄧˋ	[CNS]
𬬔	0	0	ㄧˊ	[CNS]
𬬕	0	0	ㄒㄧㄤ	[CNS]
𬬖	0	0	ㄎㄨㄟˊ	[CNS]
𬬘	0	0	ㄧㄥˊ	[CNS]
𬬙	0	0	ㄐㄧㄤˇ	[CNS]
𬬛	0	0	ㄆㄢˊ	[CNS]
𬬜	0	0	ㄗㄠˊ	[CNS]
𬬝	0	0	ㄑㄩㄥˊ	[CNS]
𬬞	0	0	ㄊㄞˋ	[CNS]
𬬠	0	0	ㄇㄧˊ	[CNS]
𬬡	0	0	ㄒㄩㄣ	[CNS]
𬬥	0	0	ㄋㄤˊ	[CNS]
𬬦	0	0	ㄌㄧㄢˋ	[CNS]
𬬧	0	0	ㄏㄢˋ	[UNI]
𬬨	0	0	ㄏㄨㄚˊ	[UNI]
𬬪	0	0	ㄎㄡˋ	[UNI]
𬬫	0	0	ㄆㄧ	[UNI]
𬬬	0	0	ㄨㄟˊ	[UNI]
𬬯	0	0	ㄖㄣˊ	[UNI]
𬬰	0	0	ㄑㄧㄤ	[UNI]
𬬲	0	0	ㄓㄠ	[UNI]
𬬳	0	0	ㄑㄧˊ	[UNI]
𬬵	0	0	ㄔㄣˊ	[UNI]
𬬷	0	0	ㄕˊ	[UNI]
𬬺	0	0	ㄔㄨˊ	[UNI]
𬬽	0	0	ㄗㄨㄛˊ	[UNI]
𬬾	0	0	ㄋㄧㄥˊ	[UNI]
𬭀	0	0	ㄙˋ	[UNI]
𬭂	0	0	ㄏㄨㄥˊ	[UNI]
𬭃	0	0	ㄆㄧ	[UNI]
𬭅	0	0	ㄒㄧㄤˋ	[UNI]
𬭆	0	0	ㄉㄨㄛˇ	[UNI]
𬭇	0	0	ㄍㄨㄛˊ	[UNI]
𬭈	0	0	ㄔㄚˊ	[UNI]
𬭉	0	0	ㄐㄧ	[UNI]
𬭌	0	0	ㄏㄨㄚˊ	[UNI]
𬭍	0	0	ㄏㄢˋ	[UNI]
𬭏	0	0	ㄧㄤˊ	[UNI]
𬭑	0	0	ㄗˋ	[UNI]
𬭓	0	0	ㄊㄧㄢˇ	[UNI]
𬭔	0	0	ㄔㄨㄛˋ	[UNI]
𬭕	0	0	ㄉㄧㄠ	[UNI]
𬭖	0	0	ㄆㄥˊ	[UNI]
𬭗	0	0	ㄋㄟˋ	[UNI]
𬭜	0	0	ㄌㄟˋ	[UNI]
𬭝	0	0	ㄙㄢˇ	[UNI]
𬭞	0	0	ㄉㄚ	[UNI]
𬭟	0	0	ㄘㄡˋ	[UNI]
𬭠	0	0	ㄔㄚˇ	[UNI]
𬭡	0	0	ㄓㄠ	[UNI]
𬭢	0	0	ㄍㄨㄟˋ	[UNI]
𬭣	0	0	ㄒㄧㄢˋ	[UNI]
𬭥	0	0	ㄗㄨㄥˇ	[UNI]
𬭦	0	0	ㄋㄡˋ	[UNI]
𬭨	0	0	ㄔㄨㄟˊ	[UNI]
𬭪	0	0	ㄒㄧㄚˊ	[UNI]
𬭫	0	0	ㄓㄢˇ	[UNI]
𬭭	0	0	ㄑㄧ	[UNI]
𬭰	0	0	ㄧˊ	[UNI]
𬭲	0	0	ㄙㄨㄛˇ	[UNI]
𬭴	0	0	ㄐㄧㄝˊ	[UNI]
𬭷	0	0	ㄔㄥ	[UNI]
𬭺	0	0	ㄅㄧㄠ	[UNI]
𬭻	0	0	ㄐㄧㄠˇ	[UNI]
𬭽	0	0	ㄅㄧˋ	[UNI]
𬭿	0	0	ㄐㄧ	[UNI]
𬮁	0	0	ㄅㄛˊ	[UNI]
𬮃	0	0	ㄗㄨㄢˇ	[UNI]
𬮄	0	0	ㄐㄧㄠˋ	[UNI]
𬮇	0	0	ㄑㄩㄢˇ	[CNS]
𬮉	0	0	ㄔㄨ	[CNS]
𬮒	0	0	ㄇㄧˋ	[CNS]
𬮕	0	0	ㄧㄢ	[CNS]
𬮘	0	0	ㄏㄨㄛˋ	[UNI]
𬮟	0	0	ㄌㄧㄣˋ	[UNI]
𬮠	0	0	ㄒㄧㄚˇ	[UNI]
𬮡	0	0	ㄇㄚˇ	[UNI]
𬮢	0	0	ㄏㄨㄥˋ	[UNI]
𬮣	0	0	ㄎㄨㄤ	[UNI]
𬮤	0	0	ㄍㄜˊ	[UNI]
𬮥	0	0	ㄔㄨˋ	[UNI]
𬮦	0	0	ㄍㄨㄢ	[CNS]
𬮨	0	0	ㄏㄨㄛˋ	[UNI]
𬮩	0	0	ㄑㄧˋ	[UNI]
𬮪	0	0	ㄕㄚ	[UNI]
𬮭	0	0	ㄎㄨㄟ	[UNI]
𬮯	0	0	ㄑㄩㄝˋ	[UNI]
𬮰	0	0	ㄜ	[UNI]
𬮲	0	0	ㄧㄠˇ	[UNI]
𬮳	0	0	ㄅㄢˇ	[UNI]
𬮴	0	0	ㄢˋ	[UNI]
𬮵	0	0	ㄒㄧㄢˋ	[UNI]
𬮹	0	0	ㄉㄥ	[UNI]
𬮺	0	0	ㄇㄚˋ	[UNI]
𬮻	0	0	ㄨˋ	[UNI]
𬮽	0	0	ㄩㄣˇ	[CNS]
𬮾	0	0	ㄑㄧㄡ	[CNS]
𬯅	0	0	ㄒㄧㄚˊ	[UNI]
𬯆	0	0	ㄧㄤˊ	[CNS]
𬯈	0	0	ㄊㄠˊ	[CNS]
𬯍	0	0	ㄒㄧˋ	[CNS]
𬯏	0	0	ㄑㄩㄢˊ	[CNS]
𬯑	0	0	ㄆㄟˊ	[CNS]
𬯒	0	0	ㄧㄡˊ	[CNS]
𬯠	0	0	ㄔㄚˊ	[CNS]
𬯡	0	0	ㄘㄞˋ	[CNS]
𬯬	0	0	ㄍㄨㄤ	[CNS]
𬯮	0	0	ㄩㄥ	[CNS]
𬯱	0	0	ㄍㄠˋ	[CNS]
𬯵	0	0	ㄐㄩˋ	[CNS]
𬯺	0	0	ㄇㄥˊ	[CNS]
𬯺	0	0	ㄨˋ	[CNS]
𬯻	0	0	ㄆㄟˋ	[CNS]
𬯼	0	0	ㄌㄧˋ	[CNS]
𬯾	0	0	ㄓ	[CNS]
𬯿	0	0	ㄇㄧㄥˊ	[CNS]
𬰀	0	0	ㄅㄠˊ	[CNS]
𬰁	0	0	ㄐㄧˋ	[CNS]
𬰁	0	0	ㄑㄧˊ	[CNS]
𬰂	0	0	ㄈㄚˇ	[CNS]
𬰃	0	0	ㄇㄨˋ	[UNI]
𬰋	0	0	ㄌㄧㄣˊ	[CNS]
𬰍	0	0	ㄕㄨㄤ	[CNS]
𬰏	0	0	ㄧˋ	[CNS]
𬰔	0	0	ㄧㄣˇ	[CNS]
𬰕	0	0	ㄐㄧ	[CNS]
𬰙	0	0	ㄏㄨㄟˋ	[CNS]
𬰛	0	0	ㄓㄠˋ	[CNS]
𬰜	0	0	ㄎㄠˋ	[CNS]
𬰞	0	0	ㄈㄟˇ	[CNS]
𬰡	0	0	ㄌㄨㄛˇ	[UNI]
𬰣	0	0	ㄐㄧㄢˇ	[UNI]
𬰤	0	0	ㄓㄡˋ	[UNI]
𬰥	0	0	ㄌㄧㄤˇ	[UNI]
𬰩	0	0	ㄐㄩˊ	[CNS]
𬰮	0	0	ㄩㄣˋ	[CNS]
𬰱	0	0	ㄐㄧㄢ	[UNI]
𬰳	0	0	ㄉㄧㄝˊ	[UNI]
𬰶	0	0	ㄙㄨㄟˋ	[UNI]
𬰷	0	0	ㄔㄢ	[UNI]
𬰸	0	0	ㄩˋ	[UNI]
𬰺	0	0	ㄧㄝˋ	[UNI]
𬰼	0	0	ㄕㄠˊ	[CNS]
𬱀	0	0	ㄏㄢ	[CNS]
𬱁	0	0	ㄩㄥˇ	[CNS]
𬱄	0	0	ㄧㄥˇ	[CNS]
𬱓	0	0	ㄑㄧㄡˊ	[UNI]
𬱔	0	0	ㄧㄡˋ	[UNI]
𬱕	0	0	ㄇㄛˋ	[UNI]
𬱗	0	0	ㄉㄢ	[UNI]
𬱙	0	0	ㄆㄢˋ	[UNI]
𬱛	0	0	ㄓㄨㄢˋ	[UNI]
𬱜	0	0	ㄌㄟˋ	[UNI]
𬱝	0	0	ㄍㄣˇ	[UNI]
𬱠	0	0	ㄍㄨㄚ	[UNI]
𬱢	0	0	ㄨㄣˋ	[UNI]
𬱣	0	0	ㄘㄣˊ	[UNI]
𬱥	0	0	ㄏㄨㄥ	[UNI]
𬱦	0	0	ㄑㄧ	[UNI]
𬱪	0	0	ㄧˊ	[UNI]
𬱫	0	0	ㄉㄧㄥˋ	[UNI]
𬱬	0	0	ㄙㄢˇ	[UNI]
𬱭	0	0	ㄆㄛˋ	[UNI]
𬱮	0	0	ㄠ	[UNI]
𬱯	0	0	ㄕㄡˇ	[UNI]
𬱰	0	0	ㄆㄧ	[UNI]
𬱱	0	0	ㄓㄢˇ	[UNI]
𬱳	0	0	ㄩˋ	[UNI]
𬱵	0	0	ㄨㄟˇ	[UNI]
𬱷	0	0	ㄒㄩㄝˋ	[UNI]
𬱸	0	0	ㄒㄩㄝˋ	[UNI]
𬱼	0	0	ㄎㄞˇ	[UNI]
𬱽	0	0	ㄒㄩㄢˋ	[UNI]
𬱿	0	0	ㄍㄨㄛˊ	[UNI]
𬲀	0	0	ㄏㄨ	[UNI]
𬲅	0	0	ㄌㄧㄠˊ	[UNI]
𬲆	0	0	ㄩˋ	[UNI]
𬲍	0	0	ㄊㄧㄝˋ	[CNS]
𬲕	0	0	ㄐㄧㄢˇ	[UNI]
𬲗	0	0	ㄋㄨㄢˇ	[CNS]
𬲘	0	0	ㄧㄠ	[CNS]
𬲜	0	0	ㄔㄥ	[UNI]
𬲦	0	0	ㄙˋ	[UNI]
𬲪	0	0	ㄙㄨㄥ	[UNI]
𬲫	0	0	ㄋㄧㄢˇ	[UNI]
𬲭	0	0	ㄐㄧㄝˇ	[UNI]
𬲮	0	0	ㄉㄧ	[UNI]
𬲯	0	0	ㄍㄡ	[UNI]
𬲰	0	0	ㄕㄤ	[UNI]
𬲲	0	0	ㄋㄧㄥˊ	[UNI]
𬲳	0	0	ㄧˋ	[UNI]
𬲴	0	0	ㄇㄢˇ	[UNI]
𬲶	0	0	ㄘˊ	[UNI]
𬲷	0	0	ㄣˋ	[UNI]
𬲸	0	0	ㄍㄨㄛˋ	[UNI]
𬲹	0	0	ㄇㄤ	[UNI]
𬲺	0	0	ㄅㄠˇ	[UNI]
𬲻	0	0	ㄊㄧˊ	[UNI]
𬲼	0	0	ㄧㄝˋ	[UNI]
𬲾	0	0	ㄏㄨˊ	[UNI]
𬳀	0	0	ㄧˋ	[UNI]
𬳁	0	0	ㄧㄠˊ	[UNI]
𬳂	0	0	ㄓㄨㄟˋ	[UNI]
𬳃	0	0	ㄅㄧˋ	[UNI]
𬳅	0	0	ㄙㄨㄟˇ	[UNI]
𬳆	0	0	ㄐㄧㄢ	[UNI]
𬳉	0	0	ㄉㄚ	[UNI]
𬳊	0	0	ㄊㄠˊ	[UNI]
𬳋	0	0	ㄒㄧ	[UNI]
𬳌	0	0	ㄑㄧㄡˇ	[UNI]
𬳍	0	0	ㄊㄤˊ	[UNI]
𬳐	0	0	ㄔㄨㄥˊ	[UNI]
𬳑	0	0	ㄧㄥˇ	[UNI]
𬳒	0	0	ㄉㄥˋ	[UNI]
𬳓	0	0	ㄩㄥ	[UNI]
𬳔	0	0	ㄇㄛˊ	[UNI]
𬳞	0	0	ㄨㄢˇ	[CNS]
𬳟	0	0	ㄈㄣˊ	[UNI]
𬳡	0	0	ㄧㄢ	[CNS]
𬳢	0	0	ㄕㄜˋ	[CNS]
𬳣	0	0	ㄆㄥˊ	[CNS]
𬳥	0	0	ㄒㄧㄤ	[CNS]
𬳧	0	0	ㄒㄧㄤˇ	[CNS]
𬳯	0	0	ㄘㄢˋ	[CNS]
𬳱	0	0	ㄍㄨㄟˋ	[CNS]
𬳲	0	0	ㄔㄢˇ	[UNI]
𬳳	0	0	ㄈㄢ	[UNI]
𬳴	0	0	ㄆㄥ	[UNI]
𬳷	0	0	ㄍㄨㄚ	[UNI]
𬳸	0	0	ㄨㄛˋ	[UNI]
𬳻	0	0	ㄎㄨㄤ	[UNI]
𬳾	0	0	ㄔˊ	[UNI]
𬴀	0	0	ㄌㄧㄤˊ	[UNI]
𬴁	0	0	ㄢˋ	[UNI]
𬴅	0	0	ㄆㄥˊ	[UNI]
𬴆	0	0	ㄑㄧˊ	[UNI]
𬴇	0	0	ㄔˋ	[UNI]
𬴋	0	0	ㄊㄧㄝˇ	[UNI]
𬴌	0	0	ㄇㄥˊ	[UNI]
𬴍	0	0	ㄅㄧㄠ	[UNI]
𬴎	0	0	ㄊㄨㄛˊ	[UNI]
𬴏	0	0	ㄐㄧㄢˇ	[UNI]
𬴐	0	0	ㄏㄨㄢ	[UNI]
𬴙	0	0	ㄕㄥˋ	[CNS]
𬴛	0	0	ㄔㄨㄢˇ	[CNS]
𬴨	0	0	ㄋㄠˋ	[UNI]
𬴩	0	0	ㄋㄨㄥˊ	[UNI]
𬴪	0	0	ㄗㄨㄥ	[CNS]
𬴮	0	0	ㄇㄟˊ	[CNS]
𬴴	0	0	ㄙˋ	[CNS]
𬵀	0	0	ㄏㄨㄟˋ	[CNS]
𬵓	0	0	ㄔㄨㄢˋ	[CNS]
𬵙	0	0	ㄩˊ	[CNS]
𬵛	0	0	ㄍㄥ	[CNS]
𬵥	0	0	ㄎㄨㄣ	[CNS]
𬵨	0	0	ㄇㄧˋ	[UNI]
𬵸	0	0	ㄜˋ	[CNS]
𬶀	0	0	ㄐㄧㄝ	[UNI]
𬶁	0	0	ㄖㄣˊ	[UNI]
𬶂	0	0	ㄉㄨˋ	[UNI]
𬶄	0	0	ㄉㄧㄠˋ	[UNI]
𬶆	0	0	ㄅㄤˋ	[UNI]
𬶇	0	0	ㄐㄧㄝˋ	[UNI]
𬶉	0	0	ㄨˇ	[UNI]
𬶊	0	0	ㄍㄥˋ	[UNI]
𬶌	0	0	ㄉㄞˋ	[UNI]
𬶎	0	0	ㄐㄧㄝˊ	[UNI]
𬶓	0	0	ㄊㄧㄥˊ	[UNI]
𬶔	0	0	ㄎㄠˋ	[UNI]
𬶕	0	0	ㄊㄧˊ	[UNI]
𬶗	0	0	ㄌㄠˊ	[UNI]
𬶛	0	0	ㄕㄢˋ	[UNI]
𬶞	0	0	ㄏㄨˊ	[UNI]
𬶢	0	0	ㄒㄧㄥ	[UNI]
𬶣	0	0	ㄓㄚˇ	[UNI]
𬶤	0	0	ㄊㄧˊ	[UNI]
𬶦	0	0	ㄧㄡˊ	[UNI]
𬶧	0	0	ㄖㄡˊ	[UNI]
𬶪	0	0	ㄋㄧˋ	[UNI]
𬶫	0	0	ㄏㄨㄤˊ	[UNI]
𬶬	0	0	ㄑㄩ	[UNI]
𬶯	0	0	ㄍㄨㄛˇ	[UNI]
𬶱	0	0	ㄐㄧㄥˇ	[UNI]
𬶲	0	0	ㄒㄧㄤˋ	[UNI]
𬶴	0	0	ㄆㄨ	[UNI]
𬶵	0	0	ㄍㄨㄢ	[UNI]
𬶺	0	0	ㄍㄨㄢˋ	[UNI]
𬶻	0	0	ㄅㄚˋ	[UNI]
𬷂	0	0	ㄅㄠˇ	[CNS]
𬷃	0	0	ㄑㄧㄤ	[CNS]
𬷅	0	0	ㄧㄤ	[CNS]
𬷈	0	0	ㄉㄞˋ	[CNS]
𬷏	0	0	ㄑㄧˋ	[CNS]
𬷖	0	0	ㄇㄧㄢˇ	[CNS]
𬷚	0	0	ㄏㄨㄥˊ	[CNS]
𬷛	0	0	ㄌㄨㄢˊ	[CNS]
𬷜	0	0	ㄨˇ	[CNS]
𬷣	0	0	ㄈㄥ	[CNS]
𬷭	0	0	ㄜˊ	[CNS]
𬷮	0	0	ㄓˋ	[CNS]
𬷹	0	0	ㄐㄧㄠ	[CNS]
𬷼	0	0	ㄧˋ	[UNI]
𬷽	0	0	ㄒㄧㄠ	[UNI]
𬷾	0	0	ㄏㄨㄥˊ	[UNI]
𬸀	0	0	ㄨㄣˊ	[UNI]
𬸁	0	0	ㄡˇ	[UNI]
𬸂	0	0	ㄍㄜ	[UNI]
𬸅	0	0	ㄔㄨˊ	[UNI]
𬸆	0	0	ㄕㄥ	[UNI]
𬸈	0	0	ㄔ	[UNI]
𬸉	0	0	ㄑㄩㄥˊ	[UNI]
𬸊	0	0	ㄖㄣˊ	[UNI]
𬸌	0	0	ㄕㄚ	[UNI]
𬸍	0	0	ㄔㄡˊ	[UNI]
𬸎	0	0	ㄌㄧˊ	[UNI]
𬸏	0	0	ㄌㄤˊ	[UNI]
𬸐	0	0	ㄔㄨㄤˊ	[UNI]
𬸑	0	0	ㄩㄝˋ	[UNI]
𬸒	0	0	ㄑㄧˊ	[UNI]
𬸕	0	0	ㄧㄥ	[UNI]
𬸖	0	0	ㄧㄢˊ	[UNI]
𬸙	0	0	ㄇㄧㄠˊ	[UNI]
𬸛	0	0	ㄏㄨㄤˊ	[UNI]
𬸜	0	0	ㄆㄧㄢ	[UNI]
𬸝	0	0	ㄢ	[UNI]
𬸞	0	0	ㄌㄩˊ	[UNI]
𬸠	0	0	ㄍㄜ	[UNI]
𬸡	0	0	ㄌㄢˊ	[UNI]
𬸢	0	0	ㄍㄠ	[UNI]
𬸤	0	0	ㄆㄧㄠ	[UNI]
𬸥	0	0	ㄔㄨㄥ	[UNI]
𬸧	0	0	ㄧㄢˋ	[UNI]
𬸨	0	0	ㄑㄧ	[UNI]
𬸩	0	0	ㄠˇ	[UNI]
𬸬	0	0	ㄎㄡˋ	[UNI]
𬸭	0	0	ㄧㄚˋ	[UNI]
𬸮	0	0	ㄎㄨㄟˊ	[UNI]
𬸯	0	0	ㄆㄧˋ	[UNI]
𬸰	0	0	ㄏㄜˋ	[UNI]
𬸱	0	0	ㄑㄩˊ	[UNI]
𬸵	0	0	ㄓㄢˋ	[UNI]
𬸶	0	0	ㄔㄤ	[UNI]
𬸷	0	0	ㄘㄡˋ	[UNI]
𬸸	0	0	ㄅㄧㄢˋ	[UNI]
𬸹	0	0	ㄍㄢˋ	[UNI]
𬸻	0	0	ㄑㄧˊ	[CNS]
𬸾	0	0	ㄑㄧˊ	[UNI]
𬹁	0	0	ㄩㄥ	[CNS]
𬹃	0	0	ㄇㄧㄢˋ	[CNS]
𬹄	0	0	ㄐㄩˊ	[CNS]
𬹅	0	0	ㄘㄞˊ	[UNI]
𬹇	0	0	ㄅㄛˊ	[UNI]
𬹉	0	0	ㄏㄨㄣˊ	[UNI]
𬹋	0	0	ㄏㄨㄣˊ	[UNI]
𬹌	0	0	ㄋㄧㄝˊ	[UNI]
𬹍	0	0	ㄇㄛˋ	[UNI]
𬹎	0	0	ㄕㄢˋ	[UNI]
𬹐	0	0	ㄈㄢˊ	[CNS]
𬹕	0	0	ㄓㄣˇ	[UNI]
𬹖	0	0	ㄋㄨㄥˊ	[UNI]
𬹗	0	0	ㄌㄞˊ	[UNI]
𬹘	0	0	ㄊㄥˊ	[UNI]
𬹝	0	0	ㄍㄨㄟ	[CNS]
𬹣	0	0	ㄓㄨ	[UNI]
𬹱	0	0	ㄐㄧˋ	[CNS]
𬹱	0	0	ㄑㄧˊ	[CNS]
𬹱	0	0	ㄓㄞ	[CNS]
𬹱	0	0	ㄗ	[CNS]
𬹴	0	0	ㄌㄧㄥˊ	[CNS]
𬹺	0	0	ㄧㄚˊ	[UNI]
𬹻	0	0	ㄋㄚˋ	[UNI]
𬹽	0	0	ㄏㄤˊ	[UNI]
𬺀	0	0	ㄓㄚ	[UNI]
𬺁	0	0	ㄓˋ	[UNI]
𬺂	0	0	ㄋㄧㄝˋ	[UNI]
𬺃	0	0	ㄞˊ	[UNI]
𬺄	0	0	ㄎㄨㄛˋ	[UNI]
𬺅	0	0	ㄔㄢˇ	[UNI]
𬺇	0	0	ㄘㄨㄛˊ	[UNI]
𬺉	0	0	ㄗㄜˊ	[UNI]
𬺊	0	0	ㄩㄣˇ	[UNI]
𬺋	0	0	ㄗㄨˊ	[UNI]
𬺌	0	0	ㄧㄚˊ	[UNI]
𬺍	0	0	ㄐㄧㄢ	[UNI]
𬺎	0	0	ㄘ	[UNI]
𬺏	0	0	ㄅㄛˊ	[UNI]
𬺒	0	0	ㄧㄣˇ	[UNI]
𬺔	0	0	ㄐㄧㄣˋ	[UNI]
𬺕	0	0	ㄔㄚˋ	[UNI]
𬺖	0	0	ㄐㄩㄝˊ	[UNI]
𬺜	0	0	ㄌㄨㄥˊ	[UNI]
𬺞	0	0	ㄍㄨㄟ	[CNS]
𬺟	0	0	ㄧㄠˋ	[UNI]
𭀖	0	0	ㄌㄧˊ	[UNI]
𭄛	0	0	ㄗㄨㄢ	[UNI]
𭄥	0	0	ㄋㄨˇ	[CNS]
𭅡	0	0	ㄅㄟ	[CNS]
𭇒	0	0	ㄕㄞˋ	[CNS]
𭇒	0	0	ㄙㄚˋ	[CNS]
𭇜	0	0	ㄆㄛ	[UNI]
𭇯	0	0	ㄌㄧㄡˊ	[UNI]
𭈈	0	0	ㄇㄨˇ	[UNI]
𭈉	0	0	ㄧㄥˋ	[UNI]
𭈮	0	0	ㄏㄨㄢˊ	[UNI]
𭉨	0	0	ㄗㄨㄟˇ	[UNI]
𭊸	0	0	ㄌㄚˋ	[UNI]
𭎂	0	0	ㄗㄨㄥ	[UNI]
𭎜	0	0	ㄉㄠˇ	[UNI]
𭏜	0	0	ㄅㄢ	[CNS]
𭏦	0	0	ㄞˋ	[UNI]
𭏸	0	0	ㄨㄟˇ	[UNI]
𭕆	0	0	ㄙㄨㄛˇ	[UNI]
𭗡	0	0	ㄎㄜ	[UNI]
𭘓	0	0	ㄏㄨ	[UNI]
𭚦	0	0	ㄍㄨㄛ	[UNI]
𭝋	0	0	ㄌㄧㄥˊ	[UNI]
𭞄	0	0	ㄞˋ	[UNI]
𭠙	0	0	ㄆㄨ	[UNI]
𭡜	0	0	ㄕㄣˇ	[UNI]
𭣇	0	0	ㄉㄧㄢ	[UNI]
𭣧	0	0	ㄧˋ	[UNI]
𭤎	0	0	ㄌㄧˊ	[UNI]
𭤰	0	0	ㄩˊ	[UNI]
𭧋	0	0	ㄊㄤˇ	[UNI]
𭩚	0	0	ㄧˇ	[UNI]
𭩛	0	0	ㄇㄣ	[UNI]
𭩰	0	0	ㄈㄚˊ	[UNI]
𭪆	0	0	ㄓㄨㄚ	[UNI]
𭫀	0	0	ㄎㄨㄟˋ	[UNI]
𭫙	0	0	ㄉㄧˊ	[UNI]
𭭈	0	0	ㄧㄚˋ	[UNI]
𭰉	0	0	ㄐㄧˇ	[CNS]
𭰎	0	0	ㄉㄤ	[UNI]
𭰒	0	0	ㄕㄚ	[UNI]
𭱊	0	0	ㄏㄨㄥˋ	[UNI]
𭲫	0	0	ㄓㄨˊ	[UNI]
𭴊	0	0	ㄇㄛˊ	[UNI]
𭹜	0	0	ㄌㄨㄛˊ	[UNI]
𭻍	0	0	ㄌㄧㄡˊ	[CNS]
𭻔	0	0	ㄌㄞˊ	[UNI]
𮀤	0	0	ㄌㄠˊ	[UNI]
𮀲	0	0	ㄍㄥˋ	[UNI]
𮆏	0	0	ㄌㄢˊ	[UNI]
𮇤	0	0	ㄌㄧㄥˊ	[UNI]
𮉠	0	0	ㄑㄧㄡˊ	[UNI]
𮉡	0	0	ㄌㄨˊ	[UNI]
𮉢	0	0	ㄓˋ	[UNI]
𮉣	0	0	ㄗㄨㄛˊ	[UNI]
𮉤	0	0	ㄍㄨㄚˋ	[UNI]
𮉧	0	0	ㄌㄧㄤˇ	[UNI]
𮉨	0	0	ㄍㄨㄚ	[UNI]
𮉪	0	0	ㄗㄡ	[UNI]
𮉫	0	0	ㄖㄨㄟˊ	[UNI]
𮉬	0	0	ㄘㄨㄟˋ	[UNI]
𮉮	0	0	ㄙㄨㄟˋ	[UNI]
𮉯	0	0	ㄘㄞˋ	[UNI]
𮏺	0	0	ㄉㄨˊ	[UNI]
𮐚	0	0	ㄈㄢˊ	[UNI]
𮐨	0	0	ㄧㄥ	[UNI]
𮔂	0	0	ㄐㄧㄝˊ	[UNI]
𮔅	0	0	ㄈㄨˋ	[UNI]
𮔊	0	0	ㄌㄧㄤˇ	[UNI]
𮖁	0	0	ㄌㄧㄤˇ	[UNI]
𮖱	0	0	ㄒㄧㄝˊ	[UNI]
𮙊	0	0	ㄧㄣˇ	[UNI]
𮙋	0	0	ㄉㄨˊ	[UNI]
𮛗	0	0	ㄊㄤˊ	[UNI]
𮜒	0	0	ㄙㄢ	[CNS]
𮜶	0	0	ㄉㄠˋ	[UNI]
𮝴	0	0	ㄍㄨ	[UNI]
𮝵	0	0	ㄦˊ	[UNI]
𮝷	0	0	ㄈㄣˊ	[UNI]
𮝸	0	0	ㄔㄨㄣ	[UNI]
𮝹	0	0	ㄏㄨㄢˋ	[UNI]
𮝺	0	0	ㄍㄜˊ	[UNI]
𮠞	0	0	ㄑㄧㄤ	[UNI]
𮠳	0	0	ㄔㄣˇ	[UNI]
𮠺	0	0	ㄉㄧˋ	[CNS]
𮡈	0	0	ㄎㄜ	[UNI]
𮣲	0	0	ㄍㄤ	[UNI]
𮣳	0	0	ㄏㄨㄥˊ	[UNI]
𮣴	0	0	ㄔㄢˊ	[UNI]
𮣵	0	0	ㄓㄨㄟˋ	[UNI]
𮣶	0	0	ㄌㄩˋ	[UNI]
𮤫	0	0	ㄇㄣˊ	[UNI]
𮤬	0	0	ㄔㄨˋ	[UNI]
𮤯	0	0	ㄖㄨㄟˋ	[UNI]
𮤲	0	0	ㄅㄧˋ	[UNI]
𮤸	0	0	ㄜˊ	[UNI]
𮧴	0	0	ㄔㄤˋ	[UNI]
𮧵	0	0	ㄨㄟˇ	[UNI]
𮨴	0	0	ㄈㄥ	[UNI]
𮨵	0	0	ㄌㄧㄡˋ	[UNI]
𮩛	0	0	ㄅㄧˋ	[UNI]
𮩜	0	0	ㄏㄞˋ	[UNI]
𮩝	0	0	ㄞˋ	[UNI]
𮩞	0	0	ㄧˋ	[UNI]
𮩨	0	0	ㄐㄧㄤˋ	[CNS]
𮪡	0	0	ㄇㄤˊ	[UNI]
𮪢	0	0	ㄏㄞˋ	[UNI]
𮪣	0	0	ㄗㄨㄥ	[UNI]
𮪤	0	0	ㄘㄠˇ	[UNI]
𮪥	0	0	ㄉㄨㄣ	[UNI]
𮫂	0	0	ㄋㄧㄥˊ	[UNI]
𮬛	0	0	ㄒㄩˋ	[UNI]
𮬜	0	0	ㄧˋ	[UNI]
𮬝	0	0	ㄍㄨㄟˋ	[UNI]
𮬞	0	0	ㄘㄢ	[UNI]
𮬟	0	0	ㄏㄨㄛˋ	[UNI]
𮬠	0	0	ㄌㄨˋ	[UNI]
𮬡	0	0	ㄏㄨㄚˊ	[UNI]
𮬢	0	0	ㄨㄥ	[UNI]
𮬣	0	0	ㄒㄧㄢˊ	[UNI]
𮬤	0	0	ㄓㄣ	[UNI]
𮭡	0	0	ㄐㄧㄝˋ	[UNI]
𮭢	0	0	ㄧㄠ	[UNI]
𮭤	0	0	ㄇㄧㄝˋ	[UNI]
𮭥	0	0	ㄍㄨㄥ	[UNI]
𮭦	0	0	ㄔㄣˊ	[UNI]
𮭨	0	0	ㄧㄢˋ	[UNI]
𮭪	0	0	ㄕㄨㄤ	[UNI]
𮭰	0	0	ㄍㄤˇ	[UNI]
𮮇	0	0	ㄇㄡˊ	[UNI]
𮯙	0	0	ㄎㄜˋ	[UNI]
