𪝕	U+2A755	C
𪞤	U+2A7A4	C
𪟂	U+2A7C2	C
𪠮	U+2A82E	C
𪢶	U+2A8B6	C
𪣯	U+2A8EF	C
𪣷	U+2A8F7	C
𪥲	U+2A972	C
𪨨	U+2AA28	C
𪪖	U+2AA96	C
𪫧	U+2AAE7	C
𪫬	U+2AAEC	C
𪬛	U+2AB1B	C
𪰒	U+2AC12	C
𪱳	U+2AC73	C
𪲒	U+2AC92	C
𪲨	U+2ACA8	C
𪲱	U+2ACB1	C
𪴥	U+2AD25	C
𪷿	U+2ADFF	C
𪸝	U+2AE1D	C
𪸷	U+2AE37	C
𪹨	U+2AE68	C
𪹯	U+2AE6F	C
𪹾	U+2AE7E	C
𪻵	U+2AEF5	C
𪼆	U+2AF06	C
𪼓	U+2AF13	C
𪼙	U+2AF19	C
𪼩	U+2AF29	C
𫁥	U+2B065	C
𫂚	U+2B09A	C
𫆚	U+2B19A	C
𫉀	U+2B240	C
𫉅	U+2B245	C
𫉡	U+2B261	C
𫊇	U+2B287	C
𫊉	U+2B289	C
𫋈	U+2B2C8	C
𫌉	U+2B309	C
𫍅	U+2B345	C
𫍘	U+2B358	C
𫏖	U+2B3D6	C
𫒩	U+2B4A9	C
𫓒	U+2B4D2	C
𫖠	U+2B5A0	C
𫙗	U+2B657	C
𫙙	U+2B659	C
𫙨	U+2B668	C
𫚷	U+2B6B7	C
𫝀	U+2B740	D
𫝍	U+2B74D	D
𫝎	U+2B74E	D
𫝏	U+2B74F	D
𫝑	U+2B751	D
𫝗	U+2B757	D
𫝘	U+2B758	D
𫝙	U+2B759	D
𫝛	U+2B75B	D
𫝝	U+2B75D	D
𫝞	U+2B75E	D
𫝰	U+2B770	D
𫝺	U+2B77A	D
𫝻	U+2B77B	D
𫝼	U+2B77C	D
𫝽	U+2B77D	D
𫝾	U+2B77E	D
𫞂	U+2B782	D
𫞄	U+2B784	D
𫞎	U+2B78E	D
𫞏	U+2B78F	D
𫞕	U+2B795	D
𫞜	U+2B79C	D
𫞟	U+2B79F	D
𫞫	U+2B7AB	D
𫞭	U+2B7AD	D
𫞯	U+2B7AF	D
𫞰	U+2B7B0	D
𫞲	U+2B7B2	D
𫞳	U+2B7B3	D
𫞴	U+2B7B4	D
𫞻	U+2B7BB	D
𫞼	U+2B7BC	D
𫞽	U+2B7BD	D
𫟁	U+2B7C1	D
𫟂	U+2B7C2	D
𫟊	U+2B7CA	D
𫟗	U+2B7D7	D
𫟘	U+2B7D8	D
𫟙	U+2B7D9	D
𫟣	U+2B7E3	D
𫟧	U+2B7E7	D
𫟮	U+2B7EE	D
𫠄	U+2B804	D
𫠎	U+2B80E	D
𫠙	U+2B819	D
𫠛	U+2B81B	D
𫠝	U+2B81D	D
𫠡	U+2B821	E
𫠢	U+2B822	E
𫠣	U+2B823	E
𫠤	U+2B824	E
𫠦	U+2B826	E
𫠧	U+2B827	E
𫠨	U+2B828	E
𫠩	U+2B829	E
𫠪	U+2B82A	E
𫠫	U+2B82B	E
𫠬	U+2B82C	E
𫠭	U+2B82D	E
𫠮	U+2B82E	E
𫠯	U+2B82F	E
𫠰	U+2B830	E
𫠱	U+2B831	E
𫠲	U+2B832	E
𫠳	U+2B833	E
𫠴	U+2B834	E
𫠵	U+2B835	E
𫠷	U+2B837	E
𫠸	U+2B838	E
𫠹	U+2B839	E
𫠺	U+2B83A	E
𫠻	U+2B83B	E
𫠼	U+2B83C	E
𫠽	U+2B83D	E
𫠾	U+2B83E	E
𫠿	U+2B83F	E
𫡀	U+2B840	E
𫡁	U+2B841	E
𫡂	U+2B842	E
𫡃	U+2B843	E
𫡄	U+2B844	E
𫡆	U+2B846	E
𫡇	U+2B847	E
𫡈	U+2B848	E
𫡉	U+2B849	E
𫡊	U+2B84A	E
𫡋	U+2B84B	E
𫡌	U+2B84C	E
𫡍	U+2B84D	E
𫡎	U+2B84E	E
𫡐	U+2B850	E
𫡔	U+2B854	E
𫡖	U+2B856	E
𫡗	U+2B857	E
𫡘	U+2B858	E
𫡚	U+2B85A	E
𫡛	U+2B85B	E
𫡜	U+2B85C	E
𫡝	U+2B85D	E
𫡞	U+2B85E	E
𫡟	U+2B85F	E
𫡠	U+2B860	E
𫡡	U+2B861	E
𫡢	U+2B862	E
𫡣	U+2B863	E
𫡤	U+2B864	E
𫡥	U+2B865	E
𫡦	U+2B866	E
𫡧	U+2B867	E
𫡨	U+2B868	E
𫡩	U+2B869	E
𫡪	U+2B86A	E
𫡫	U+2B86B	E
𫡭	U+2B86D	E
𫡮	U+2B86E	E
𫡯	U+2B86F	E
𫡱	U+2B871	E
𫡲	U+2B872	E
𫡳	U+2B873	E
𫡴	U+2B874	E
𫡵	U+2B875	E
𫡷	U+2B877	E
𫡸	U+2B878	E
𫡹	U+2B879	E
𫡺	U+2B87A	E
𫡻	U+2B87B	E
𫡽	U+2B87D	E
𫡾	U+2B87E	E
𫡿	U+2B87F	E
𫢀	U+2B880	E
𫢁	U+2B881	E
𫢂	U+2B882	E
𫢃	U+2B883	E
𫢄	U+2B884	E
𫢅	U+2B885	E
𫢇	U+2B887	E
𫢉	U+2B889	E
𫢊	U+2B88A	E
𫢋	U+2B88B	E
𫢍	U+2B88D	E
𫢏	U+2B88F	E
𫢐	U+2B890	E
𫢖	U+2B896	E
𫢗	U+2B897	E
𫢚	U+2B89A	E
𫢛	U+2B89B	E
𫢜	U+2B89C	E
𫢞	U+2B89E	E
𫢟	U+2B89F	E
𫢠	U+2B8A0	E
𫢡	U+2B8A1	E
𫢢	U+2B8A2	E
𫢥	U+2B8A5	E
𫢧	U+2B8A7	E
𫢨	U+2B8A8	E
𫢩	U+2B8A9	E
𫢫	U+2B8AB	E
𫢱	U+2B8B1	E
𫢲	U+2B8B2	E
𫢴	U+2B8B4	E
𫢵	U+2B8B5	E
𫢼	U+2B8BC	E
𫢽	U+2B8BD	E
𫢾	U+2B8BE	E
𫢿	U+2B8BF	E
𫣀	U+2B8C0	E
𫣁	U+2B8C1	E
𫣂	U+2B8C2	E
𫣃	U+2B8C3	E
𫣄	U+2B8C4	E
𫣇	U+2B8C7	E
𫣈	U+2B8C8	E
𫣋	U+2B8CB	E
𫣏	U+2B8CF	E
𫣐	U+2B8D0	E
𫣒	U+2B8D2	E
𫣓	U+2B8D3	E
𫣔	U+2B8D4	E
𫣕	U+2B8D5	E
𫣙	U+2B8D9	E
𫣚	U+2B8DA	E
𫣜	U+2B8DC	E
𫣝	U+2B8DD	E
𫣞	U+2B8DE	E
𫣢	U+2B8E2	E
𫣣	U+2B8E3	E
𫣨	U+2B8E8	E
𫣪	U+2B8EA	E
𫣬	U+2B8EC	E
𫣮	U+2B8EE	E
𫣰	U+2B8F0	E
𫣱	U+2B8F1	E
𫣲	U+2B8F2	E
𫣴	U+2B8F4	E
𫣵	U+2B8F5	E
𫣶	U+2B8F6	E
𫣸	U+2B8F8	E
𫣹	U+2B8F9	E
𫣽	U+2B8FD	E
𫣿	U+2B8FF	E
𫤀	U+2B900	E
𫤁	U+2B901	E
𫤂	U+2B902	E
𫤄	U+2B904	E
𫤅	U+2B905	E
𫤆	U+2B906	E
𫤈	U+2B908	E
𫤉	U+2B909	E
𫤊	U+2B90A	E
𫤋	U+2B90B	E
𫤍	U+2B90D	E
𫤎	U+2B90E	E
𫤏	U+2B90F	E
𫤑	U+2B911	E
𫤒	U+2B912	E
𫤓	U+2B913	E
𫤕	U+2B915	E
𫤙	U+2B919	E
𫤚	U+2B91A	E
𫤛	U+2B91B	E
𫤜	U+2B91C	E
𫤝	U+2B91D	E
𫤞	U+2B91E	E
𫤟	U+2B91F	E
𫤠	U+2B920	E
𫤡	U+2B921	E
𫤢	U+2B922	E
𫤣	U+2B923	E
𫤤	U+2B924	E
𫤧	U+2B927	E
𫤩	U+2B929	E
𫤪	U+2B92A	E
𫤫	U+2B92B	E
𫤬	U+2B92C	E
𫤮	U+2B92E	E
𫤯	U+2B92F	E
𫤱	U+2B931	E
𫤲	U+2B932	E
𫤳	U+2B933	E
𫤵	U+2B935	E
𫤶	U+2B936	E
𫤷	U+2B937	E
𫤺	U+2B93A	E
𫤼	U+2B93C	E
𫤾	U+2B93E	E
𫥅	U+2B945	E
𫥉	U+2B949	E
𫥊	U+2B94A	E
𫥋	U+2B94B	E
𫥌	U+2B94C	E
𫥎	U+2B94E	E
𫥏	U+2B94F	E
𫥐	U+2B950	E
𫥑	U+2B951	E
𫥔	U+2B954	E
𫥕	U+2B955	E
𫥖	U+2B956	E
𫥘	U+2B958	E
𫥛	U+2B95B	E
𫥜	U+2B95C	E
𫥠	U+2B960	E
𫥣	U+2B963	E
𫥥	U+2B965	E
𫥦	U+2B966	E
𫥧	U+2B967	E
𫥨	U+2B968	E
𫥩	U+2B969	E
𫥪	U+2B96A	E
𫥫	U+2B96B	E
𫥮	U+2B96E	E
𫥯	U+2B96F	E
𫥰	U+2B970	E
𫥱	U+2B971	E
𫥲	U+2B972	E
𫥴	U+2B974	E
𫥶	U+2B976	E
𫥷	U+2B977	E
𫥸	U+2B978	E
𫥹	U+2B979	E
𫥻	U+2B97B	E
𫥽	U+2B97D	E
𫥾	U+2B97E	E
𫥿	U+2B97F	E
𫦀	U+2B980	E
𫦂	U+2B982	E
𫦃	U+2B983	E
𫦄	U+2B984	E
𫦆	U+2B986	E
𫦇	U+2B987	E
𫦈	U+2B988	E
𫦊	U+2B98A	E
𫦋	U+2B98B	E
𫦎	U+2B98E	E
𫦏	U+2B98F	E
𫦑	U+2B991	E
𫦓	U+2B993	E
𫦔	U+2B994	E
𫦕	U+2B995	E
𫦖	U+2B996	E
𫦘	U+2B998	E
𫦙	U+2B999	E
𫦚	U+2B99A	E
𫦛	U+2B99B	E
𫦜	U+2B99C	E
𫦝	U+2B99D	E
𫦞	U+2B99E	E
𫦟	U+2B99F	E
𫦠	U+2B9A0	E
𫦡	U+2B9A1	E
𫦢	U+2B9A2	E
𫦣	U+2B9A3	E
𫦤	U+2B9A4	E
𫦥	U+2B9A5	E
𫦦	U+2B9A6	E
𫦧	U+2B9A7	E
𫦨	U+2B9A8	E
𫦫	U+2B9AB	E
𫦬	U+2B9AC	E
𫦭	U+2B9AD	E
𫦯	U+2B9AF	E
𫦰	U+2B9B0	E
𫦵	U+2B9B5	E
𫦶	U+2B9B6	E
𫦸	U+2B9B8	E
𫦹	U+2B9B9	E
𫦻	U+2B9BB	E
𫦼	U+2B9BC	E
𫦽	U+2B9BD	E
𫦿	U+2B9BF	E
𫧀	U+2B9C0	E
𫧁	U+2B9C1	E
𫧂	U+2B9C2	E
𫧃	U+2B9C3	E
𫧄	U+2B9C4	E
𫧅	U+2B9C5	E
𫧆	U+2B9C6	E
𫧇	U+2B9C7	E
𫧈	U+2B9C8	E
𫧉	U+2B9C9	E
𫧊	U+2B9CA	E
𫧋	U+2B9CB	E
𫧌	U+2B9CC	E
𫧎	U+2B9CE	E
𫧏	U+2B9CF	E
𫧐	U+2B9D0	E
𫧑	U+2B9D1	E
𫧒	U+2B9D2	E
𫧓	U+2B9D3	E
𫧔	U+2B9D4	E
𫧕	U+2B9D5	E
𫧖	U+2B9D6	E
𫧗	U+2B9D7	E
𫧘	U+2B9D8	E
𫧙	U+2B9D9	E
𫧚	U+2B9DA	E
𫧛	U+2B9DB	E
𫧜	U+2B9DC	E
𫧝	U+2B9DD	E
𫧞	U+2B9DE	E
𫧟	U+2B9DF	E
𫧠	U+2B9E0	E
𫧡	U+2B9E1	E
𫧣	U+2B9E3	E
𫧦	U+2B9E6	E
𫧧	U+2B9E7	E
𫧨	U+2B9E8	E
𫧪	U+2B9EA	E
𫧫	U+2B9EB	E
𫧬	U+2B9EC	E
𫧭	U+2B9ED	E
𫧰	U+2B9F0	E
𫧱	U+2B9F1	E
𫧲	U+2B9F2	E
𫧳	U+2B9F3	E
𫧴	U+2B9F4	E
𫧵	U+2B9F5	E
𫧶	U+2B9F6	E
𫧷	U+2B9F7	E
𫧸	U+2B9F8	E
𫧹	U+2B9F9	E
𫧺	U+2B9FA	E
𫧻	U+2B9FB	E
𫧼	U+2B9FC	E
𫧽	U+2B9FD	E
𫧾	U+2B9FE	E
𫨁	U+2BA01	E
𫨂	U+2BA02	E
𫨃	U+2BA03	E
𫨄	U+2BA04	E
𫨅	U+2BA05	E
𫨈	U+2BA08	E
𫨉	U+2BA09	E
𫨊	U+2BA0A	E
𫨌	U+2BA0C	E
𫨍	U+2BA0D	E
𫨎	U+2BA0E	E
𫨏	U+2BA0F	E
𫨐	U+2BA10	E
𫨑	U+2BA11	E
𫨒	U+2BA12	E
𫨕	U+2BA15	E
𫨖	U+2BA16	E
𫨗	U+2BA17	E
𫨘	U+2BA18	E
𫨙	U+2BA19	E
𫨛	U+2BA1B	E
𫨜	U+2BA1C	E
𫨝	U+2BA1D	E
𫨞	U+2BA1E	E
𫨟	U+2BA1F	E
𫨠	U+2BA20	E
𫨡	U+2BA21	E
𫨢	U+2BA22	E
𫨣	U+2BA23	E
𫨥	U+2BA25	E
𫨧	U+2BA27	E
𫨨	U+2BA28	E
𫨩	U+2BA29	E
𫨪	U+2BA2A	E
𫨫	U+2BA2B	E
𫨭	U+2BA2D	E
𫨮	U+2BA2E	E
𫨯	U+2BA2F	E
𫨰	U+2BA30	E
𫨱	U+2BA31	E
𫨲	U+2BA32	E
𫨳	U+2BA33	E
𫨴	U+2BA34	E
𫨵	U+2BA35	E
𫨶	U+2BA36	E
𫨷	U+2BA37	E
𫨸	U+2BA38	E
𫨹	U+2BA39	E
𫨺	U+2BA3A	E
𫨼	U+2BA3C	E
𫨽	U+2BA3D	E
𫨾	U+2BA3E	E
𫨿	U+2BA3F	E
𫩀	U+2BA40	E
𫩁	U+2BA41	E
𫩂	U+2BA42	E
𫩃	U+2BA43	E
𫩄	U+2BA44	E
𫩆	U+2BA46	E
𫩇	U+2BA47	E
𫩈	U+2BA48	E
𫩉	U+2BA49	E
𫩊	U+2BA4A	E
𫩌	U+2BA4C	E
𫩍	U+2BA4D	E
𫩎	U+2BA4E	E
𫩏	U+2BA4F	E
𫩑	U+2BA51	E
𫩓	U+2BA53	E
𫩔	U+2BA54	E
𫩖	U+2BA56	E
𫩗	U+2BA57	E
𫩘	U+2BA58	E
𫩙	U+2BA59	E
𫩜	U+2BA5C	E
𫩝	U+2BA5D	E
𫩞	U+2BA5E	E
𫩠	U+2BA60	E
𫩡	U+2BA61	E
𫩢	U+2BA62	E
𫩣	U+2BA63	E
𫩦	U+2BA66	E
𫩨	U+2BA68	E
𫩪	U+2BA6A	E
𫩬	U+2BA6C	E
𫩮	U+2BA6E	E
𫩱	U+2BA71	E
𫩲	U+2BA72	E
𫩳	U+2BA73	E
𫩴	U+2BA74	E
𫩵	U+2BA75	E
𫩶	U+2BA76	E
𫩷	U+2BA77	E
𫩸	U+2BA78	E
𫩻	U+2BA7B	E
𫩼	U+2BA7C	E
𫩽	U+2BA7D	E
𫩾	U+2BA7E	E
𫩿	U+2BA7F	E
𫪅	U+2BA85	E
𫪆	U+2BA86	E
𫪇	U+2BA87	E
𫪈	U+2BA88	E
𫪊	U+2BA8A	E
𫪋	U+2BA8B	E
𫪌	U+2BA8C	E
𫪍	U+2BA8D	E
𫪎	U+2BA8E	E
𫪏	U+2BA8F	E
𫪐	U+2BA90	E
𫪑	U+2BA91	E
𫪒	U+2BA92	E
𫪓	U+2BA93	E
𫪔	U+2BA94	E
𫪗	U+2BA97	E
𫪙	U+2BA99	E
𫪛	U+2BA9B	E
𫪞	U+2BA9E	E
𫪟	U+2BA9F	E
𫪠	U+2BAA0	E
𫪡	U+2BAA1	E
𫪢	U+2BAA2	E
𫪣	U+2BAA3	E
𫪤	U+2BAA4	E
𫪥	U+2BAA5	E
𫪨	U+2BAA8	E
𫪩	U+2BAA9	E
𫪫	U+2BAAB	E
𫪬	U+2BAAC	E
𫪭	U+2BAAD	E
𫪮	U+2BAAE	E
𫪰	U+2BAB0	E
𫪱	U+2BAB1	E
𫪲	U+2BAB2	E
𫪳	U+2BAB3	E
𫪴	U+2BAB4	E
𫪵	U+2BAB5	E
𫪶	U+2BAB6	E
𫪷	U+2BAB7	E
𫪸	U+2BAB8	E
𫪹	U+2BAB9	E
𫪻	U+2BABB	E
𫪼	U+2BABC	E
𫪿	U+2BABF	E
𫫀	U+2BAC0	E
𫫁	U+2BAC1	E
𫫂	U+2BAC2	E
𫫃	U+2BAC3	E
𫫄	U+2BAC4	E
𫫅	U+2BAC5	E
𫫈	U+2BAC8	E
𫫊	U+2BACA	E
𫫋	U+2BACB	E
𫫍	U+2BACD	E
𫫎	U+2BACE	E
𫫏	U+2BACF	E
𫫐	U+2BAD0	E
𫫑	U+2BAD1	E
𫫒	U+2BAD2	E
𫫓	U+2BAD3	E
𫫔	U+2BAD4	E
𫫕	U+2BAD5	E
𫫗	U+2BAD7	E
𫫘	U+2BAD8	E
𫫙	U+2BAD9	E
𫫛	U+2BADB	E
𫫜	U+2BADC	E
𫫝	U+2BADD	E
𫫞	U+2BADE	E
𫫟	U+2BADF	E
𫫠	U+2BAE0	E
𫫡	U+2BAE1	E
𫫢	U+2BAE2	E
𫫤	U+2BAE4	E
𫫥	U+2BAE5	E
𫫨	U+2BAE8	E
𫫩	U+2BAE9	E
𫫫	U+2BAEB	E
𫫬	U+2BAEC	E
𫫭	U+2BAED	E
𫫮	U+2BAEE	E
𫫯	U+2BAEF	E
𫫱	U+2BAF1	E
𫫲	U+2BAF2	E
𫫴	U+2BAF4	E
𫫶	U+2BAF6	E
𫫷	U+2BAF7	E
𫫸	U+2BAF8	E
𫫹	U+2BAF9	E
𫫺	U+2BAFA	E
𫫼	U+2BAFC	E
𫫿	U+2BAFF	E
𫬀	U+2BB00	E
𫬁	U+2BB01	E
𫬂	U+2BB02	E
𫬃	U+2BB03	E
𫬅	U+2BB05	E
𫬆	U+2BB06	E
𫬇	U+2BB07	E
𫬈	U+2BB08	E
𫬉	U+2BB09	E
𫬊	U+2BB0A	E
𫬋	U+2BB0B	E
𫬌	U+2BB0C	E
𫬍	U+2BB0D	E
𫬎	U+2BB0E	E
𫬏	U+2BB0F	E
𫬑	U+2BB11	E
𫬒	U+2BB12	E
𫬓	U+2BB13	E
𫬕	U+2BB15	E
𫬖	U+2BB16	E
𫬗	U+2BB17	E
𫬘	U+2BB18	E
𫬚	U+2BB1A	E
𫬛	U+2BB1B	E
𫬜	U+2BB1C	E
𫬝	U+2BB1D	E
𫬞	U+2BB1E	E
𫬠	U+2BB20	E
𫬢	U+2BB22	E
𫬣	U+2BB23	E
𫬤	U+2BB24	E
𫬥	U+2BB25	E
𫬦	U+2BB26	E
𫬧	U+2BB27	E
𫬨	U+2BB28	E
𫬩	U+2BB29	E
𫬪	U+2BB2A	E
𫬫	U+2BB2B	E
𫬬	U+2BB2C	E
𫬮	U+2BB2E	E
𫬯	U+2BB2F	E
𫬰	U+2BB30	E
𫬱	U+2BB31	E
𫬲	U+2BB32	E
𫬳	U+2BB33	E
𫬴	U+2BB34	E
𫬵	U+2BB35	E
𫬶	U+2BB36	E
𫬷	U+2BB37	E
𫬸	U+2BB38	E
𫬺	U+2BB3A	E
𫬻	U+2BB3B	E
𫬼	U+2BB3C	E
𫬽	U+2BB3D	E
𫬾	U+2BB3E	E
𫬿	U+2BB3F	E
𫭀	U+2BB40	E
𫭁	U+2BB41	E
𫭂	U+2BB42	E
𫭃	U+2BB43	E
𫭄	U+2BB44	E
𫭅	U+2BB45	E
𫭆	U+2BB46	E
𫭈	U+2BB48	E
𫭉	U+2BB49	E
𫭊	U+2BB4A	E
𫭋	U+2BB4B	E
𫭌	U+2BB4C	E
𫭍	U+2BB4D	E
𫭎	U+2BB4E	E
𫭏	U+2BB4F	E
𫭐	U+2BB50	E
𫭑	U+2BB51	E
𫭒	U+2BB52	E
𫭓	U+2BB53	E
𫭔	U+2BB54	E
𫭕	U+2BB55	E
𫭖	U+2BB56	E
𫭗	U+2BB57	E
𫭘	U+2BB58	E
𫭙	U+2BB59	E
𫭚	U+2BB5A	E
𫭛	U+2BB5B	E
𫭝	U+2BB5D	E
𫭠	U+2BB60	E
𫭡	U+2BB61	E
𫭣	U+2BB63	E
𫭤	U+2BB64	E
𫭦	U+2BB66	E
𫭧	U+2BB67	E
𫭩	U+2BB69	E
𫭫	U+2BB6B	E
𫭭	U+2BB6D	E
𫭱	U+2BB71	E
𫭳	U+2BB73	E
𫭴	U+2BB74	E
𫭵	U+2BB75	E
𫭶	U+2BB76	E
𫭸	U+2BB78	E
𫭹	U+2BB79	E
𫭻	U+2BB7B	E
𫭽	U+2BB7D	E
𫭿	U+2BB7F	E
𫮀	U+2BB80	E
𫮂	U+2BB82	E
𫮄	U+2BB84	E
𫮇	U+2BB87	E
𫮈	U+2BB88	E
𫮋	U+2BB8B	E
𫮌	U+2BB8C	E
𫮎	U+2BB8E	E
𫮏	U+2BB8F	E
𫮐	U+2BB90	E
𫮑	U+2BB91	E
𫮒	U+2BB92	E
𫮘	U+2BB98	E
𫮙	U+2BB99	E
𫮚	U+2BB9A	E
𫮠	U+2BBA0	E
𫮡	U+2BBA1	E
𫮢	U+2BBA2	E
𫮤	U+2BBA4	E
𫮥	U+2BBA5	E
𫮦	U+2BBA6	E
𫮨	U+2BBA8	E
𫮩	U+2BBA9	E
𫮪	U+2BBAA	E
𫮫	U+2BBAB	E
𫮭	U+2BBAD	E
𫮮	U+2BBAE	E
𫮯	U+2BBAF	E
𫮱	U+2BBB1	E
𫮲	U+2BBB2	E
𫮳	U+2BBB3	E
𫮷	U+2BBB7	E
𫮹	U+2BBB9	E
𫮺	U+2BBBA	E
𫮻	U+2BBBB	E
𫮾	U+2BBBE	E
𫯀	U+2BBC0	E
𫯁	U+2BBC1	E
𫯂	U+2BBC2	E
𫯃	U+2BBC3	E
𫯄	U+2BBC4	E
𫯅	U+2BBC5	E
𫯆	U+2BBC6	E
𫯇	U+2BBC7	E
𫯉	U+2BBC9	E
𫯊	U+2BBCA	E
𫯋	U+2BBCB	E
𫯍	U+2BBCD	E
𫯎	U+2BBCE	E
𫯏	U+2BBCF	E
𫯐	U+2BBD0	E
𫯓	U+2BBD3	E
𫯔	U+2BBD4	E
𫯕	U+2BBD5	E
𫯖	U+2BBD6	E
𫯗	U+2BBD7	E
𫯘	U+2BBD8	E
𫯙	U+2BBD9	E
𫯚	U+2BBDA	E
𫯛	U+2BBDB	E
𫯜	U+2BBDC	E
𫯝	U+2BBDD	E
𫯞	U+2BBDE	E
𫯟	U+2BBDF	E
𫯡	U+2BBE1	E
𫯢	U+2BBE2	E
𫯣	U+2BBE3	E
𫯤	U+2BBE4	E
𫯦	U+2BBE6	E
𫯧	U+2BBE7	E
𫯨	U+2BBE8	E
𫯩	U+2BBE9	E
𫯪	U+2BBEA	E
𫯫	U+2BBEB	E
𫯬	U+2BBEC	E
𫯭	U+2BBED	E
𫯮	U+2BBEE	E
𫯰	U+2BBF0	E
𫯲	U+2BBF2	E
𫯳	U+2BBF3	E
𫯴	U+2BBF4	E
𫯵	U+2BBF5	E
𫯷	U+2BBF7	E
𫯸	U+2BBF8	E
𫯺	U+2BBFA	E
𫯻	U+2BBFB	E
𫯼	U+2BBFC	E
𫯽	U+2BBFD	E
𫯾	U+2BBFE	E
𫯿	U+2BBFF	E
𫰀	U+2BC00	E
𫰁	U+2BC01	E
𫰃	U+2BC03	E
𫰄	U+2BC04	E
𫰅	U+2BC05	E
𫰆	U+2BC06	E
𫰇	U+2BC07	E
𫰈	U+2BC08	E
𫰉	U+2BC09	E
𫰋	U+2BC0B	E
𫰎	U+2BC0E	E
𫰏	U+2BC0F	E
𫰐	U+2BC10	E
𫰓	U+2BC13	E
𫰔	U+2BC14	E
𫰕	U+2BC15	E
𫰖	U+2BC16	E
𫰚	U+2BC1A	E
𫰠	U+2BC20	E
𫰣	U+2BC23	E
𫰧	U+2BC27	E
𫰩	U+2BC29	E
𫰪	U+2BC2A	E
𫰬	U+2BC2C	E
𫰭	U+2BC2D	E
𫰮	U+2BC2E	E
𫰱	U+2BC31	E
𫰴	U+2BC34	E
𫰶	U+2BC36	E
𫰸	U+2BC38	E
𫰺	U+2BC3A	E
𫰿	U+2BC3F	E
𫱀	U+2BC40	E
𫱁	U+2BC41	E
𫱅	U+2BC45	E
𫱆	U+2BC46	E
𫱈	U+2BC48	E
𫱉	U+2BC49	E
𫱋	U+2BC4B	E
𫱏	U+2BC4F	E
𫱑	U+2BC51	E
𫱓	U+2BC53	E
𫱔	U+2BC54	E
𫱖	U+2BC56	E
𫱗	U+2BC57	E
𫱘	U+2BC58	E
𫱙	U+2BC59	E
𫱝	U+2BC5D	E
𫱞	U+2BC5E	E
𫱣	U+2BC63	E
𫱤	U+2BC64	E
𫱥	U+2BC65	E
𫱦	U+2BC66	E
𫱧	U+2BC67	E
𫱨	U+2BC68	E
𫱩	U+2BC69	E
𫱪	U+2BC6A	E
𫱫	U+2BC6B	E
𫱬	U+2BC6C	E
𫱯	U+2BC6F	E
𫱱	U+2BC71	E
𫱲	U+2BC72	E
𫱴	U+2BC74	E
𫱶	U+2BC76	E
𫱸	U+2BC78	E
𫱹	U+2BC79	E
𫱺	U+2BC7A	E
𫱻	U+2BC7B	E
𫲀	U+2BC80	E
𫲁	U+2BC81	E
𫲂	U+2BC82	E
𫲃	U+2BC83	E
𫲄	U+2BC84	E
𫲌	U+2BC8C	E
𫲍	U+2BC8D	E
𫲎	U+2BC8E	E
𫲐	U+2BC90	E
𫲑	U+2BC91	E
𫲒	U+2BC92	E
𫲕	U+2BC95	E
𫲖	U+2BC96	E
𫲙	U+2BC99	E
𫲚	U+2BC9A	E
𫲜	U+2BC9C	E
𫲞	U+2BC9E	E
𫲟	U+2BC9F	E
𫲡	U+2BCA1	E
𫲢	U+2BCA2	E
𫲤	U+2BCA4	E
𫲥	U+2BCA5	E
𫲧	U+2BCA7	E
𫲨	U+2BCA8	E
𫲩	U+2BCA9	E
𫲪	U+2BCAA	E
𫲫	U+2BCAB	E
𫲬	U+2BCAC	E
𫲭	U+2BCAD	E
𫲮	U+2BCAE	E
𫲯	U+2BCAF	E
𫲰	U+2BCB0	E
𫲱	U+2BCB1	E
𫲳	U+2BCB3	E
𫲴	U+2BCB4	E
𫲵	U+2BCB5	E
𫲶	U+2BCB6	E
𫲷	U+2BCB7	E
𫲹	U+2BCB9	E
𫲺	U+2BCBA	E
𫲻	U+2BCBB	E
𫲼	U+2BCBC	E
𫲾	U+2BCBE	E
𫲿	U+2BCBF	E
𫳁	U+2BCC1	E
𫳄	U+2BCC4	E
𫳅	U+2BCC5	E
𫳆	U+2BCC6	E
𫳇	U+2BCC7	E
𫳈	U+2BCC8	E
𫳉	U+2BCC9	E
𫳊	U+2BCCA	E
𫳌	U+2BCCC	E
𫳍	U+2BCCD	E
𫳎	U+2BCCE	E
𫳏	U+2BCCF	E
𫳒	U+2BCD2	E
𫳓	U+2BCD3	E
𫳔	U+2BCD4	E
𫳕	U+2BCD5	E
𫳖	U+2BCD6	E
𫳗	U+2BCD7	E
𫳘	U+2BCD8	E
𫳙	U+2BCD9	E
𫳛	U+2BCDB	E
𫳜	U+2BCDC	E
𫳝	U+2BCDD	E
𫳞	U+2BCDE	E
𫳟	U+2BCDF	E
𫳠	U+2BCE0	E
𫳡	U+2BCE1	E
𫳢	U+2BCE2	E
𫳣	U+2BCE3	E
𫳥	U+2BCE5	E
𫳦	U+2BCE6	E
𫳧	U+2BCE7	E
𫳨	U+2BCE8	E
𫳩	U+2BCE9	E
𫳪	U+2BCEA	E
𫳫	U+2BCEB	E
𫳭	U+2BCED	E
𫳮	U+2BCEE	E
𫳯	U+2BCEF	E
𫳰	U+2BCF0	E
𫳱	U+2BCF1	E
𫳴	U+2BCF4	E
𫳵	U+2BCF5	E
𫳶	U+2BCF6	E
𫳷	U+2BCF7	E
𫳸	U+2BCF8	E
𫳹	U+2BCF9	E
𫳼	U+2BCFC	E
𫳾	U+2BCFE	E
𫳿	U+2BCFF	E
𫴀	U+2BD00	E
𫴁	U+2BD01	E
𫴂	U+2BD02	E
𫴃	U+2BD03	E
𫴄	U+2BD04	E
𫴅	U+2BD05	E
𫴇	U+2BD07	E
𫴈	U+2BD08	E
𫴉	U+2BD09	E
𫴊	U+2BD0A	E
𫴋	U+2BD0B	E
𫴌	U+2BD0C	E
𫴍	U+2BD0D	E
𫴎	U+2BD0E	E
𫴏	U+2BD0F	E
𫴐	U+2BD10	E
𫴑	U+2BD11	E
𫴒	U+2BD12	E
𫴔	U+2BD14	E
𫴕	U+2BD15	E
𫴖	U+2BD16	E
𫴗	U+2BD17	E
𫴙	U+2BD19	E
𫴚	U+2BD1A	E
𫴛	U+2BD1B	E
𫴜	U+2BD1C	E
𫴝	U+2BD1D	E
𫴞	U+2BD1E	E
𫴟	U+2BD1F	E
𫴠	U+2BD20	E
𫴡	U+2BD21	E
𫴢	U+2BD22	E
𫴣	U+2BD23	E
𫴤	U+2BD24	E
𫴥	U+2BD25	E
𫴦	U+2BD26	E
𫴧	U+2BD27	E
𫴨	U+2BD28	E
𫴩	U+2BD29	E
𫴪	U+2BD2A	E
𫴫	U+2BD2B	E
𫴬	U+2BD2C	E
𫴭	U+2BD2D	E
𫴮	U+2BD2E	E
𫴯	U+2BD2F	E
𫴱	U+2BD31	E
𫴲	U+2BD32	E
𫴳	U+2BD33	E
𫴴	U+2BD34	E
𫴵	U+2BD35	E
𫴶	U+2BD36	E
𫴷	U+2BD37	E
𫴸	U+2BD38	E
𫴹	U+2BD39	E
𫴺	U+2BD3A	E
𫴻	U+2BD3B	E
𫴼	U+2BD3C	E
𫴽	U+2BD3D	E
𫴾	U+2BD3E	E
𫴿	U+2BD3F	E
𫵀	U+2BD40	E
𫵁	U+2BD41	E
𫵂	U+2BD42	E
𫵃	U+2BD43	E
𫵄	U+2BD44	E
𫵆	U+2BD46	E
𫵇	U+2BD47	E
𫵈	U+2BD48	E
𫵉	U+2BD49	E
𫵊	U+2BD4A	E
𫵋	U+2BD4B	E
𫵌	U+2BD4C	E
𫵍	U+2BD4D	E
𫵏	U+2BD4F	E
𫵐	U+2BD50	E
𫵑	U+2BD51	E
𫵒	U+2BD52	E
𫵓	U+2BD53	E
𫵔	U+2BD54	E
𫵕	U+2BD55	E
𫵖	U+2BD56	E
𫵗	U+2BD57	E
𫵘	U+2BD58	E
𫵙	U+2BD59	E
𫵛	U+2BD5B	E
𫵝	U+2BD5D	E
𫵟	U+2BD5F	E
𫵡	U+2BD61	E
𫵢	U+2BD62	E
𫵤	U+2BD64	E
𫵥	U+2BD65	E
𫵦	U+2BD66	E
𫵧	U+2BD67	E
𫵨	U+2BD68	E
𫵩	U+2BD69	E
𫵪	U+2BD6A	E
𫵫	U+2BD6B	E
𫵬	U+2BD6C	E
𫵭	U+2BD6D	E
𫵮	U+2BD6E	E
𫵯	U+2BD6F	E
𫵰	U+2BD70	E
𫵱	U+2BD71	E
𫵳	U+2BD73	E
𫵴	U+2BD74	E
𫵶	U+2BD76	E
𫵹	U+2BD79	E
𫵺	U+2BD7A	E
𫵼	U+2BD7C	E
𫵽	U+2BD7D	E
𫵾	U+2BD7E	E
𫶄	U+2BD84	E
𫶅	U+2BD85	E
𫶉	U+2BD89	E
𫶌	U+2BD8C	E
𫶐	U+2BD90	E
𫶑	U+2BD91	E
𫶒	U+2BD92	E
𫶔	U+2BD94	E
𫶖	U+2BD96	E
𫶘	U+2BD98	E
𫶙	U+2BD99	E
𫶚	U+2BD9A	E
𫶜	U+2BD9C	E
𫶞	U+2BD9E	E
𫶟	U+2BD9F	E
𫶠	U+2BDA0	E
𫶤	U+2BDA4	E
𫶦	U+2BDA6	E
𫶧	U+2BDA7	E
𫶩	U+2BDA9	E
𫶪	U+2BDAA	E
𫶬	U+2BDAC	E
𫶭	U+2BDAD	E
𫶮	U+2BDAE	E
𫶯	U+2BDAF	E
𫶰	U+2BDB0	E
𫶱	U+2BDB1	E
𫶳	U+2BDB3	E
𫶴	U+2BDB4	E
𫶵	U+2BDB5	E
𫶶	U+2BDB6	E
𫶷	U+2BDB7	E
𫶸	U+2BDB8	E
𫶹	U+2BDB9	E
𫶺	U+2BDBA	E
𫶻	U+2BDBB	E
𫶼	U+2BDBC	E
𫶽	U+2BDBD	E
𫶾	U+2BDBE	E
𫷀	U+2BDC0	E
𫷁	U+2BDC1	E
𫷂	U+2BDC2	E
𫷃	U+2BDC3	E
𫷄	U+2BDC4	E
𫷆	U+2BDC6	E
𫷇	U+2BDC7	E
𫷍	U+2BDCD	E
𫷎	U+2BDCE	E
𫷏	U+2BDCF	E
𫷐	U+2BDD0	E
𫷑	U+2BDD1	E
𫷒	U+2BDD2	E
𫷓	U+2BDD3	E
𫷔	U+2BDD4	E
𫷕	U+2BDD5	E
𫷖	U+2BDD6	E
𫷗	U+2BDD7	E
𫷘	U+2BDD8	E
𫷙	U+2BDD9	E
𫷚	U+2BDDA	E
𫷛	U+2BDDB	E
𫷜	U+2BDDC	E
𫷝	U+2BDDD	E
𫷞	U+2BDDE	E
𫷟	U+2BDDF	E
𫷠	U+2BDE0	E
𫷡	U+2BDE1	E
𫷢	U+2BDE2	E
𫷣	U+2BDE3	E
𫷤	U+2BDE4	E
𫷦	U+2BDE6	E
𫷨	U+2BDE8	E
𫷩	U+2BDE9	E
𫷪	U+2BDEA	E
𫷫	U+2BDEB	E
𫷭	U+2BDED	E
𫷯	U+2BDEF	E
𫷰	U+2BDF0	E
𫷱	U+2BDF1	E
𫷲	U+2BDF2	E
𫷴	U+2BDF4	E
𫷵	U+2BDF5	E
𫷶	U+2BDF6	E
𫷸	U+2BDF8	E
𫷺	U+2BDFA	E
𫷻	U+2BDFB	E
𫷼	U+2BDFC	E
𫷽	U+2BDFD	E
𫸁	U+2BE01	E
𫸂	U+2BE02	E
𫸃	U+2BE03	E
𫸄	U+2BE04	E
𫸆	U+2BE06	E
𫸇	U+2BE07	E
𫸈	U+2BE08	E
𫸉	U+2BE09	E
𫸊	U+2BE0A	E
𫸋	U+2BE0B	E
𫸌	U+2BE0C	E
𫸍	U+2BE0D	E
𫸎	U+2BE0E	E
𫸏	U+2BE0F	E
𫸐	U+2BE10	E
𫸕	U+2BE15	E
𫸗	U+2BE17	E
𫸙	U+2BE19	E
𫸚	U+2BE1A	E
𫸛	U+2BE1B	E
𫸜	U+2BE1C	E
𫸝	U+2BE1D	E
𫸞	U+2BE1E	E
𫸟	U+2BE1F	E
𫸠	U+2BE20	E
𫸡	U+2BE21	E
𫸢	U+2BE22	E
𫸣	U+2BE23	E
𫸤	U+2BE24	E
𫸥	U+2BE25	E
𫸦	U+2BE26	E
𫸧	U+2BE27	E
𫸨	U+2BE28	E
𫸪	U+2BE2A	E
𫸫	U+2BE2B	E
𫸬	U+2BE2C	E
𫸭	U+2BE2D	E
𫸮	U+2BE2E	E
𫸯	U+2BE2F	E
𫸰	U+2BE30	E
𫸱	U+2BE31	E
𫸲	U+2BE32	E
𫸳	U+2BE33	E
𫸴	U+2BE34	E
𫸵	U+2BE35	E
𫸶	U+2BE36	E
𫸷	U+2BE37	E
𫸸	U+2BE38	E
𫸹	U+2BE39	E
𫸺	U+2BE3A	E
𫸻	U+2BE3B	E
𫸽	U+2BE3D	E
𫸾	U+2BE3E	E
𫸿	U+2BE3F	E
𫹀	U+2BE40	E
𫹁	U+2BE41	E
𫹂	U+2BE42	E
𫹃	U+2BE43	E
𫹄	U+2BE44	E
𫹅	U+2BE45	E
𫹇	U+2BE47	E
𫹉	U+2BE49	E
𫹊	U+2BE4A	E
𫹋	U+2BE4B	E
𫹌	U+2BE4C	E
𫹎	U+2BE4E	E
𫹏	U+2BE4F	E
𫹐	U+2BE50	E
𫹒	U+2BE52	E
𫹓	U+2BE53	E
𫹔	U+2BE54	E
𫹕	U+2BE55	E
𫹖	U+2BE56	E
𫹗	U+2BE57	E
𫹘	U+2BE58	E
𫹙	U+2BE59	E
𫹚	U+2BE5A	E
𫹛	U+2BE5B	E
𫹜	U+2BE5C	E
𫹝	U+2BE5D	E
𫹞	U+2BE5E	E
𫹟	U+2BE5F	E
𫹢	U+2BE62	E
𫹣	U+2BE63	E
𫹤	U+2BE64	E
𫹥	U+2BE65	E
𫹦	U+2BE66	E
𫹧	U+2BE67	E
𫹨	U+2BE68	E
𫹩	U+2BE69	E
𫹭	U+2BE6D	E
𫹯	U+2BE6F	E
𫹰	U+2BE70	E
𫹱	U+2BE71	E
𫹲	U+2BE72	E
𫹵	U+2BE75	E
𫹷	U+2BE77	E
𫹸	U+2BE78	E
𫹹	U+2BE79	E
𫹻	U+2BE7B	E
𫹾	U+2BE7E	E
𫹿	U+2BE7F	E
𫺃	U+2BE83	E
𫺅	U+2BE85	E
𫺈	U+2BE88	E
𫺉	U+2BE89	E
𫺋	U+2BE8B	E
𫺍	U+2BE8D	E
𫺎	U+2BE8E	E
𫺏	U+2BE8F	E
𫺐	U+2BE90	E
𫺑	U+2BE91	E
𫺒	U+2BE92	E
𫺕	U+2BE95	E
𫺖	U+2BE96	E
𫺗	U+2BE97	E
𫺙	U+2BE99	E
𫺚	U+2BE9A	E
𫺛	U+2BE9B	E
𫺜	U+2BE9C	E
𫺞	U+2BE9E	E
𫺟	U+2BE9F	E
𫺢	U+2BEA2	E
𫺥	U+2BEA5	E
𫺦	U+2BEA6	E
𫺧	U+2BEA7	E
𫺨	U+2BEA8	E
𫺫	U+2BEAB	E
𫺭	U+2BEAD	E
𫺱	U+2BEB1	E
𫺲	U+2BEB2	E
𫺴	U+2BEB4	E
𫺵	U+2BEB5	E
𫺶	U+2BEB6	E
𫺹	U+2BEB9	E
𫺼	U+2BEBC	E
𫺽	U+2BEBD	E
𫺾	U+2BEBE	E
𫻂	U+2BEC2	E
𫻃	U+2BEC3	E
𫻅	U+2BEC5	E
𫻆	U+2BEC6	E
𫻇	U+2BEC7	E
𫻈	U+2BEC8	E
𫻉	U+2BEC9	E
𫻋	U+2BECB	E
𫻎	U+2BECE	E
𫻐	U+2BED0	E
𫻑	U+2BED1	E
𫻒	U+2BED2	E
𫻔	U+2BED4	E
𫻖	U+2BED6	E
𫻛	U+2BEDB	E
𫻜	U+2BEDC	E
𫻝	U+2BEDD	E
𫻞	U+2BEDE	E
𫻠	U+2BEE0	E
𫻣	U+2BEE3	E
𫻤	U+2BEE4	E
𫻥	U+2BEE5	E
𫻦	U+2BEE6	E
𫻧	U+2BEE7	E
𫻨	U+2BEE8	E
𫻩	U+2BEE9	E
𫻫	U+2BEEB	E
𫻬	U+2BEEC	E
𫻭	U+2BEED	E
𫻮	U+2BEEE	E
𫻯	U+2BEEF	E
𫻰	U+2BEF0	E
𫻱	U+2BEF1	E
𫻲	U+2BEF2	E
𫻳	U+2BEF3	E
𫻴	U+2BEF4	E
𫻵	U+2BEF5	E
𫻶	U+2BEF6	E
𫻷	U+2BEF7	E
𫻸	U+2BEF8	E
𫻹	U+2BEF9	E
𫻺	U+2BEFA	E
𫻻	U+2BEFB	E
𫻼	U+2BEFC	E
𫻽	U+2BEFD	E
𫻾	U+2BEFE	E
𫻿	U+2BEFF	E
𫼀	U+2BF00	E
𫼁	U+2BF01	E
𫼄	U+2BF04	E
𫼅	U+2BF05	E
𫼆	U+2BF06	E
𫼇	U+2BF07	E
𫼈	U+2BF08	E
𫼉	U+2BF09	E
𫼋	U+2BF0B	E
𫼌	U+2BF0C	E
𫼍	U+2BF0D	E
𫼎	U+2BF0E	E
𫼏	U+2BF0F	E
𫼐	U+2BF10	E
𫼑	U+2BF11	E
𫼒	U+2BF12	E
𫼓	U+2BF13	E
𫼔	U+2BF14	E
𫼗	U+2BF17	E
𫼙	U+2BF19	E
𫼚	U+2BF1A	E
𫼜	U+2BF1C	E
𫼞	U+2BF1E	E
𫼟	U+2BF1F	E
𫼠	U+2BF20	E
𫼢	U+2BF22	E
𫼨	U+2BF28	E
𫼩	U+2BF29	E
𫼪	U+2BF2A	E
𫼬	U+2BF2C	E
𫼭	U+2BF2D	E
𫼯	U+2BF2F	E
𫼰	U+2BF30	E
𫼲	U+2BF32	E
𫼳	U+2BF33	E
𫼴	U+2BF34	E
𫼸	U+2BF38	E
𫼹	U+2BF39	E
𫼺	U+2BF3A	E
𫼻	U+2BF3B	E
𫼽	U+2BF3D	E
𫼾	U+2BF3E	E
𫼿	U+2BF3F	E
𫽂	U+2BF42	E
𫽅	U+2BF45	E
𫽆	U+2BF46	E
𫽌	U+2BF4C	E
𫽎	U+2BF4E	E
𫽏	U+2BF4F	E
𫽑	U+2BF51	E
𫽔	U+2BF54	E
𫽕	U+2BF55	E
𫽖	U+2BF56	E
𫽗	U+2BF57	E
𫽘	U+2BF58	E
𫽝	U+2BF5D	E
𫽞	U+2BF5E	E
𫽟	U+2BF5F	E
𫽠	U+2BF60	E
𫽡	U+2BF61	E
𫽢	U+2BF62	E
𫽤	U+2BF64	E
𫽦	U+2BF66	E
𫽨	U+2BF68	E
𫽪	U+2BF6A	E
𫽫	U+2BF6B	E
𫽬	U+2BF6C	E
𫽭	U+2BF6D	E
𫽯	U+2BF6F	E
𫽰	U+2BF70	E
𫽵	U+2BF75	E
𫽶	U+2BF76	E
𫽹	U+2BF79	E
𫽺	U+2BF7A	E
𫽻	U+2BF7B	E
𫽼	U+2BF7C	E
𫽽	U+2BF7D	E
𫽾	U+2BF7E	E
𫽿	U+2BF7F	E
𫾀	U+2BF80	E
𫾄	U+2BF84	E
𫾅	U+2BF85	E
𫾆	U+2BF86	E
𫾈	U+2BF88	E
𫾉	U+2BF89	E
𫾋	U+2BF8B	E
𫾌	U+2BF8C	E
𫾍	U+2BF8D	E
𫾏	U+2BF8F	E
𫾐	U+2BF90	E
𫾑	U+2BF91	E
𫾒	U+2BF92	E
𫾕	U+2BF95	E
𫾖	U+2BF96	E
𫾗	U+2BF97	E
𫾘	U+2BF98	E
𫾚	U+2BF9A	E
𫾝	U+2BF9D	E
𫾡	U+2BFA1	E
𫾥	U+2BFA5	E
𫾦	U+2BFA6	E
𫾧	U+2BFA7	E
𫾩	U+2BFA9	E
𫾪	U+2BFAA	E
𫾫	U+2BFAB	E
𫾬	U+2BFAC	E
𫾭	U+2BFAD	E
𫾮	U+2BFAE	E
𫾯	U+2BFAF	E
𫾰	U+2BFB0	E
𫾱	U+2BFB1	E
𫾳	U+2BFB3	E
𫾴	U+2BFB4	E
𫾵	U+2BFB5	E
𫾶	U+2BFB6	E
𫾷	U+2BFB7	E
𫾸	U+2BFB8	E
𫾹	U+2BFB9	E
𫾺	U+2BFBA	E
𫾻	U+2BFBB	E
𫾽	U+2BFBD	E
𫾾	U+2BFBE	E
𫾿	U+2BFBF	E
𫿀	U+2BFC0	E
𫿁	U+2BFC1	E
𫿂	U+2BFC2	E
𫿃	U+2BFC3	E
𫿄	U+2BFC4	E
𫿅	U+2BFC5	E
𫿆	U+2BFC6	E
𫿇	U+2BFC7	E
𫿈	U+2BFC8	E
𫿉	U+2BFC9	E
𫿊	U+2BFCA	E
𫿋	U+2BFCB	E
𫿌	U+2BFCC	E
𫿍	U+2BFCD	E
𫿎	U+2BFCE	E
𫿏	U+2BFCF	E
𫿐	U+2BFD0	E
𫿑	U+2BFD1	E
𫿒	U+2BFD2	E
𫿓	U+2BFD3	E
𫿔	U+2BFD4	E
𫿕	U+2BFD5	E
𫿖	U+2BFD6	E
𫿘	U+2BFD8	E
𫿙	U+2BFD9	E
𫿚	U+2BFDA	E
𫿛	U+2BFDB	E
𫿜	U+2BFDC	E
𫿝	U+2BFDD	E
𫿟	U+2BFDF	E
𫿠	U+2BFE0	E
𫿡	U+2BFE1	E
𫿢	U+2BFE2	E
𫿣	U+2BFE3	E
𫿤	U+2BFE4	E
𫿥	U+2BFE5	E
𫿦	U+2BFE6	E
𫿧	U+2BFE7	E
𫿨	U+2BFE8	E
𫿩	U+2BFE9	E
𫿪	U+2BFEA	E
𫿫	U+2BFEB	E
𫿬	U+2BFEC	E
𫿭	U+2BFED	E
𫿰	U+2BFF0	E
𫿳	U+2BFF3	E
𫿴	U+2BFF4	E
𫿵	U+2BFF5	E
𫿷	U+2BFF7	E
𫿸	U+2BFF8	E
𫿹	U+2BFF9	E
𫿺	U+2BFFA	E
𫿻	U+2BFFB	E
𫿼	U+2BFFC	E
𫿽	U+2BFFD	E
𫿾	U+2BFFE	E
𫿿	U+2BFFF	E
𬀀	U+2C000	E
𬀁	U+2C001	E
𬀃	U+2C003	E
𬀄	U+2C004	E
𬀅	U+2C005	E
𬀆	U+2C006	E
𬀇	U+2C007	E
𬀈	U+2C008	E
𬀋	U+2C00B	E
𬀌	U+2C00C	E
𬀍	U+2C00D	E
𬀎	U+2C00E	E
𬀏	U+2C00F	E
𬀐	U+2C010	E
𬀑	U+2C011	E
𬀒	U+2C012	E
𬀓	U+2C013	E
𬀔	U+2C014	E
𬀕	U+2C015	E
𬀖	U+2C016	E
𬀗	U+2C017	E
𬀘	U+2C018	E
𬀙	U+2C019	E
𬀚	U+2C01A	E
𬀛	U+2C01B	E
𬀜	U+2C01C	E
𬀝	U+2C01D	E
𬀞	U+2C01E	E
𬀟	U+2C01F	E
𬀠	U+2C020	E
𬀡	U+2C021	E
𬀢	U+2C022	E
𬀣	U+2C023	E
𬀤	U+2C024	E
𬀦	U+2C026	E
𬀧	U+2C027	E
𬀨	U+2C028	E
𬀫	U+2C02B	E
𬀬	U+2C02C	E
𬀭	U+2C02D	E
𬀰	U+2C030	E
𬀲	U+2C032	E
𬀶	U+2C036	E
𬀺	U+2C03A	E
𬀽	U+2C03D	E
𬁀	U+2C040	E
𬁄	U+2C044	E
𬁅	U+2C045	E
𬁆	U+2C046	E
𬁈	U+2C048	E
𬁉	U+2C049	E
𬁊	U+2C04A	E
𬁌	U+2C04C	E
𬁏	U+2C04F	E
𬁐	U+2C050	E
𬁑	U+2C051	E
𬁒	U+2C052	E
𬁖	U+2C056	E
𬁘	U+2C058	E
𬁚	U+2C05A	E
𬁜	U+2C05C	E
𬁝	U+2C05D	E
𬁟	U+2C05F	E
𬁠	U+2C060	E
𬁡	U+2C061	E
𬁢	U+2C062	E
𬁣	U+2C063	E
𬁤	U+2C064	E
𬁥	U+2C065	E
𬁦	U+2C066	E
𬁧	U+2C067	E
𬁨	U+2C068	E
𬁩	U+2C069	E
𬁪	U+2C06A	E
𬁫	U+2C06B	E
𬁬	U+2C06C	E
𬁭	U+2C06D	E
𬁮	U+2C06E	E
𬁯	U+2C06F	E
𬁰	U+2C070	E
𬁱	U+2C071	E
𬁲	U+2C072	E
𬁳	U+2C073	E
𬁴	U+2C074	E
𬁶	U+2C076	E
𬁷	U+2C077	E
𬁸	U+2C078	E
𬁹	U+2C079	E
𬁻	U+2C07B	E
𬁼	U+2C07C	E
𬁾	U+2C07E	E
𬁿	U+2C07F	E
𬂁	U+2C081	E
𬂃	U+2C083	E
𬂄	U+2C084	E
𬂆	U+2C086	E
𬂇	U+2C087	E
𬂈	U+2C088	E
𬂊	U+2C08A	E
𬂋	U+2C08B	E
𬂌	U+2C08C	E
𬂍	U+2C08D	E
𬂎	U+2C08E	E
𬂏	U+2C08F	E
𬂐	U+2C090	E
𬂑	U+2C091	E
𬂒	U+2C092	E
𬂕	U+2C095	E
𬂖	U+2C096	E
𬂗	U+2C097	E
𬂘	U+2C098	E
𬂙	U+2C099	E
𬂛	U+2C09B	E
𬂜	U+2C09C	E
𬂝	U+2C09D	E
𬂟	U+2C09F	E
𬂡	U+2C0A1	E
𬂤	U+2C0A4	E
𬂥	U+2C0A5	E
𬂦	U+2C0A6	E
𬂨	U+2C0A8	E
𬂬	U+2C0AC	E
𬂭	U+2C0AD	E
𬂯	U+2C0AF	E
𬂱	U+2C0B1	E
𬂳	U+2C0B3	E
𬂴	U+2C0B4	E
𬂵	U+2C0B5	E
𬂶	U+2C0B6	E
𬂷	U+2C0B7	E
𬂸	U+2C0B8	E
𬂻	U+2C0BB	E
𬂽	U+2C0BD	E
𬂿	U+2C0BF	E
𬃁	U+2C0C1	E
𬃂	U+2C0C2	E
𬃈	U+2C0C8	E
𬃉	U+2C0C9	E
𬃏	U+2C0CF	E
𬃐	U+2C0D0	E
𬃑	U+2C0D1	E
𬃓	U+2C0D3	E
𬃗	U+2C0D7	E
𬃙	U+2C0D9	E
𬃚	U+2C0DA	E
𬃛	U+2C0DB	E
𬃢	U+2C0E2	E
𬃣	U+2C0E3	E
𬃤	U+2C0E4	E
𬃥	U+2C0E5	E
𬃬	U+2C0EC	E
𬃭	U+2C0ED	E
𬃯	U+2C0EF	E
𬃰	U+2C0F0	E
𬃱	U+2C0F1	E
𬃴	U+2C0F4	E
𬃵	U+2C0F5	E
𬃶	U+2C0F6	E
𬃺	U+2C0FA	E
𬃻	U+2C0FB	E
𬃼	U+2C0FC	E
𬃽	U+2C0FD	E
𬃾	U+2C0FE	E
𬃿	U+2C0FF	E
𬄃	U+2C103	E
𬄄	U+2C104	E
𬄅	U+2C105	E
𬄆	U+2C106	E
𬄉	U+2C109	E
𬄊	U+2C10A	E
𬄋	U+2C10B	E
𬄌	U+2C10C	E
𬄎	U+2C10E	E
𬄒	U+2C112	E
𬄓	U+2C113	E
𬄖	U+2C116	E
𬄗	U+2C117	E
𬄘	U+2C118	E
𬄚	U+2C11A	E
𬄛	U+2C11B	E
𬄜	U+2C11C	E
𬄝	U+2C11D	E
𬄞	U+2C11E	E
𬄟	U+2C11F	E
𬄠	U+2C120	E
𬄥	U+2C125	E
𬄦	U+2C126	E
𬄧	U+2C127	E
𬄪	U+2C12A	E
𬄫	U+2C12B	E
𬄮	U+2C12E	E
𬄯	U+2C12F	E
𬄰	U+2C130	E
𬄱	U+2C131	E
𬄲	U+2C132	E
𬄵	U+2C135	E
𬄶	U+2C136	E
𬄸	U+2C138	E
𬄹	U+2C139	E
𬄺	U+2C13A	E
𬄻	U+2C13B	E
𬄼	U+2C13C	E
𬅀	U+2C140	E
𬅂	U+2C142	E
𬅃	U+2C143	E
𬅄	U+2C144	E
𬅅	U+2C145	E
𬅇	U+2C147	E
𬅉	U+2C149	E
𬅊	U+2C14A	E
𬅋	U+2C14B	E
𬅌	U+2C14C	E
𬅎	U+2C14E	E
𬅐	U+2C150	E
𬅒	U+2C152	E
𬅓	U+2C153	E
𬅗	U+2C157	E
𬅝	U+2C15D	E
𬅞	U+2C15E	E
𬅟	U+2C15F	E
𬅠	U+2C160	E
𬅡	U+2C161	E
𬅣	U+2C163	E
𬅦	U+2C166	E
𬅧	U+2C167	E
𬅨	U+2C168	E
𬅩	U+2C169	E
𬅪	U+2C16A	E
𬅯	U+2C16F	E
𬅰	U+2C170	E
𬅱	U+2C171	E
𬅲	U+2C172	E
𬅳	U+2C173	E
𬅵	U+2C175	E
𬅶	U+2C176	E
𬅷	U+2C177	E
𬅸	U+2C178	E
𬅹	U+2C179	E
𬅺	U+2C17A	E
𬅻	U+2C17B	E
𬅼	U+2C17C	E
𬅽	U+2C17D	E
𬅾	U+2C17E	E
𬅿	U+2C17F	E
𬆀	U+2C180	E
𬆁	U+2C181	E
𬆂	U+2C182	E
𬆃	U+2C183	E
𬆄	U+2C184	E
𬆅	U+2C185	E
𬆆	U+2C186	E
𬆇	U+2C187	E
𬆈	U+2C188	E
𬆉	U+2C189	E
𬆊	U+2C18A	E
𬆋	U+2C18B	E
𬆌	U+2C18C	E
𬆍	U+2C18D	E
𬆎	U+2C18E	E
𬆏	U+2C18F	E
𬆐	U+2C190	E
𬆑	U+2C191	E
𬆒	U+2C192	E
𬆓	U+2C193	E
𬆔	U+2C194	E
𬆕	U+2C195	E
𬆖	U+2C196	E
𬆗	U+2C197	E
𬆘	U+2C198	E
𬆙	U+2C199	E
𬆚	U+2C19A	E
𬆜	U+2C19C	E
𬆞	U+2C19E	E
𬆟	U+2C19F	E
𬆠	U+2C1A0	E
𬆡	U+2C1A1	E
𬆢	U+2C1A2	E
𬆤	U+2C1A4	E
𬆥	U+2C1A5	E
𬆧	U+2C1A7	E
𬆨	U+2C1A8	E
𬆩	U+2C1A9	E
𬆪	U+2C1AA	E
𬆬	U+2C1AC	E
𬆯	U+2C1AF	E
𬆱	U+2C1B1	E
𬆳	U+2C1B3	E
𬆴	U+2C1B4	E
𬆵	U+2C1B5	E
𬆶	U+2C1B6	E
𬆸	U+2C1B8	E
𬆹	U+2C1B9	E
𬆺	U+2C1BA	E
𬆻	U+2C1BB	E
𬆼	U+2C1BC	E
𬆽	U+2C1BD	E
𬆿	U+2C1BF	E
𬇀	U+2C1C0	E
𬇁	U+2C1C1	E
𬇅	U+2C1C5	E
𬇆	U+2C1C6	E
𬇉	U+2C1C9	E
𬇊	U+2C1CA	E
𬇋	U+2C1CB	E
𬇌	U+2C1CC	E
𬇎	U+2C1CE	E
𬇏	U+2C1CF	E
𬇐	U+2C1D0	E
𬇑	U+2C1D1	E
𬇒	U+2C1D2	E
𬇓	U+2C1D3	E
𬇖	U+2C1D6	E
𬇗	U+2C1D7	E
𬇚	U+2C1DA	E
𬇜	U+2C1DC	E
𬇝	U+2C1DD	E
𬇞	U+2C1DE	E
𬇢	U+2C1E2	E
𬇣	U+2C1E3	E
𬇥	U+2C1E5	E
𬇧	U+2C1E7	E
𬇫	U+2C1EB	E
𬇬	U+2C1EC	E
𬇭	U+2C1ED	E
𬇮	U+2C1EE	E
𬇱	U+2C1F1	E
𬇳	U+2C1F3	E
𬇴	U+2C1F4	E
𬇵	U+2C1F5	E
𬇶	U+2C1F6	E
𬇸	U+2C1F8	E
𬇻	U+2C1FB	E
𬇼	U+2C1FC	E
𬇾	U+2C1FE	E
𬈄	U+2C204	E
𬈅	U+2C205	E
𬈇	U+2C207	E
𬈈	U+2C208	E
𬈉	U+2C209	E
𬈊	U+2C20A	E
𬈋	U+2C20B	E
𬈌	U+2C20C	E
𬈎	U+2C20E	E
𬈏	U+2C20F	E
𬈐	U+2C210	E
𬈒	U+2C212	E
𬈓	U+2C213	E
𬈔	U+2C214	E
𬈖	U+2C216	E
𬈗	U+2C217	E
𬈚	U+2C21A	E
𬈞	U+2C21E	E
𬈢	U+2C222	E
𬈣	U+2C223	E
𬈤	U+2C224	E
𬈪	U+2C22A	E
𬈫	U+2C22B	E
𬈭	U+2C22D	E
𬈰	U+2C230	E
𬈴	U+2C234	E
𬈵	U+2C235	E
𬈹	U+2C239	E
𬈺	U+2C23A	E
𬈼	U+2C23C	E
𬈽	U+2C23D	E
𬈿	U+2C23F	E
𬉁	U+2C241	E
𬉃	U+2C243	E
𬉄	U+2C244	E
𬉅	U+2C245	E
𬉆	U+2C246	E
𬉊	U+2C24A	E
𬉌	U+2C24C	E
𬉎	U+2C24E	E
𬉏	U+2C24F	E
𬉐	U+2C250	E
𬉔	U+2C254	E
𬉖	U+2C256	E
𬉘	U+2C258	E
𬉙	U+2C259	E
𬉚	U+2C25A	E
𬉛	U+2C25B	E
𬉜	U+2C25C	E
𬉝	U+2C25D	E
𬉟	U+2C25F	E
𬉡	U+2C261	E
𬉣	U+2C263	E
𬉤	U+2C264	E
𬉨	U+2C268	E
𬉪	U+2C26A	E
𬉬	U+2C26C	E
𬉯	U+2C26F	E
𬉰	U+2C270	E
𬉱	U+2C271	E
𬉵	U+2C275	E
𬉶	U+2C276	E
𬉷	U+2C277	E
𬉺	U+2C27A	E
𬉽	U+2C27D	E
𬊁	U+2C281	E
𬊃	U+2C283	E
𬊅	U+2C285	E
𬊆	U+2C286	E
𬊇	U+2C287	E
𬊊	U+2C28A	E
𬊐	U+2C290	E
𬊕	U+2C295	E
𬊛	U+2C29B	E
𬊜	U+2C29C	E
𬊠	U+2C2A0	E
𬊡	U+2C2A1	E
𬊢	U+2C2A2	E
𬊥	U+2C2A5	E
𬊧	U+2C2A7	E
𬊨	U+2C2A8	E
𬊩	U+2C2A9	E
𬊪	U+2C2AA	E
𬊬	U+2C2AC	E
𬊭	U+2C2AD	E
𬊯	U+2C2AF	E
𬊴	U+2C2B4	E
𬊻	U+2C2BB	E
𬊼	U+2C2BC	E
𬊽	U+2C2BD	E
𬋂	U+2C2C2	E
𬋆	U+2C2C6	E
𬋇	U+2C2C7	E
𬋉	U+2C2C9	E
𬋋	U+2C2CB	E
𬋌	U+2C2CC	E
𬋎	U+2C2CE	E
𬋏	U+2C2CF	E
𬋐	U+2C2D0	E
𬋔	U+2C2D4	E
𬋖	U+2C2D6	E
𬋗	U+2C2D7	E
𬋙	U+2C2D9	E
𬋚	U+2C2DA	E
𬋝	U+2C2DD	E
𬋟	U+2C2DF	E
𬋠	U+2C2E0	E
𬋣	U+2C2E3	E
𬋥	U+2C2E5	E
𬋧	U+2C2E7	E
𬋨	U+2C2E8	E
𬋫	U+2C2EB	E
𬋬	U+2C2EC	E
𬋮	U+2C2EE	E
𬋯	U+2C2EF	E
𬋰	U+2C2F0	E
𬋱	U+2C2F1	E
𬋲	U+2C2F2	E
𬋳	U+2C2F3	E
𬋴	U+2C2F4	E
𬋵	U+2C2F5	E
𬋶	U+2C2F6	E
𬋸	U+2C2F8	E
𬋹	U+2C2F9	E
𬋺	U+2C2FA	E
𬋻	U+2C2FB	E
𬋼	U+2C2FC	E
𬋽	U+2C2FD	E
𬋿	U+2C2FF	E
𬌀	U+2C300	E
𬌁	U+2C301	E
𬌂	U+2C302	E
𬌄	U+2C304	E
𬌅	U+2C305	E
𬌇	U+2C307	E
𬌈	U+2C308	E
𬌉	U+2C309	E
𬌊	U+2C30A	E
𬌋	U+2C30B	E
𬌌	U+2C30C	E
𬌍	U+2C30D	E
𬌎	U+2C30E	E
𬌐	U+2C310	E
𬌑	U+2C311	E
𬌒	U+2C312	E
𬌓	U+2C313	E
𬌔	U+2C314	E
𬌕	U+2C315	E
𬌖	U+2C316	E
𬌘	U+2C318	E
𬌙	U+2C319	E
𬌚	U+2C31A	E
𬌛	U+2C31B	E
𬌜	U+2C31C	E
𬌞	U+2C31E	E
𬌠	U+2C320	E
𬌡	U+2C321	E
𬌢	U+2C322	E
𬌣	U+2C323	E
𬌥	U+2C325	E
𬌦	U+2C326	E
𬌧	U+2C327	E
𬌨	U+2C328	E
𬌩	U+2C329	E
𬌪	U+2C32A	E
𬌫	U+2C32B	E
𬌬	U+2C32C	E
𬌭	U+2C32D	E
𬌯	U+2C32F	E
𬌰	U+2C330	E
𬌱	U+2C331	E
𬌳	U+2C333	E
𬌴	U+2C334	E
𬌵	U+2C335	E
𬌶	U+2C336	E
𬌹	U+2C339	E
𬌺	U+2C33A	E
𬌼	U+2C33C	E
𬌽	U+2C33D	E
𬌾	U+2C33E	E
𬌿	U+2C33F	E
𬍀	U+2C340	E
𬍁	U+2C341	E
𬍂	U+2C342	E
𬍄	U+2C344	E
𬍅	U+2C345	E
𬍆	U+2C346	E
𬍇	U+2C347	E
𬍈	U+2C348	E
𬍉	U+2C349	E
𬍊	U+2C34A	E
𬍋	U+2C34B	E
𬍌	U+2C34C	E
𬍍	U+2C34D	E
𬍎	U+2C34E	E
𬍏	U+2C34F	E
𬍔	U+2C354	E
𬍕	U+2C355	E
𬍖	U+2C356	E
𬍜	U+2C35C	E
𬍢	U+2C362	E
𬍨	U+2C368	E
𬍭	U+2C36D	E
𬍯	U+2C36F	E
𬍰	U+2C370	E
𬍳	U+2C373	E
𬍵	U+2C375	E
𬍹	U+2C379	E
𬎁	U+2C381	E
𬎄	U+2C384	E
𬎒	U+2C392	E
𬎕	U+2C395	E
𬎗	U+2C397	E
𬎣	U+2C3A3	E
𬎤	U+2C3A4	E
𬎥	U+2C3A5	E
𬎦	U+2C3A6	E
𬎨	U+2C3A8	E
𬎫	U+2C3AB	E
𬎬	U+2C3AC	E
𬎭	U+2C3AD	E
𬎮	U+2C3AE	E
𬎯	U+2C3AF	E
𬎰	U+2C3B0	E
𬎲	U+2C3B2	E
𬎳	U+2C3B3	E
𬎴	U+2C3B4	E
𬎵	U+2C3B5	E
𬎶	U+2C3B6	E
𬎷	U+2C3B7	E
𬎸	U+2C3B8	E
𬎹	U+2C3B9	E
𬎻	U+2C3BB	E
𬎽	U+2C3BD	E
𬎿	U+2C3BF	E
𬏂	U+2C3C2	E
𬏄	U+2C3C4	E
𬏅	U+2C3C5	E
𬏆	U+2C3C6	E
𬏇	U+2C3C7	E
𬏈	U+2C3C8	E
𬏊	U+2C3CA	E
𬏌	U+2C3CC	E
𬏎	U+2C3CE	E
𬏏	U+2C3CF	E
𬏐	U+2C3D0	E
𬏑	U+2C3D1	E
𬏒	U+2C3D2	E
𬏓	U+2C3D3	E
𬏖	U+2C3D6	E
𬏗	U+2C3D7	E
𬏘	U+2C3D8	E
𬏙	U+2C3D9	E
𬏚	U+2C3DA	E
𬏛	U+2C3DB	E
𬏝	U+2C3DD	E
𬏞	U+2C3DE	E
𬏠	U+2C3E0	E
𬏡	U+2C3E1	E
𬏢	U+2C3E2	E
𬏣	U+2C3E3	E
𬏤	U+2C3E4	E
𬏥	U+2C3E5	E
𬏧	U+2C3E7	E
𬏨	U+2C3E8	E
𬏩	U+2C3E9	E
𬏪	U+2C3EA	E
𬏬	U+2C3EC	E
𬏭	U+2C3ED	E
𬏯	U+2C3EF	E
𬏰	U+2C3F0	E
𬏱	U+2C3F1	E
𬏲	U+2C3F2	E
𬏳	U+2C3F3	E
𬏴	U+2C3F4	E
𬏵	U+2C3F5	E
𬏶	U+2C3F6	E
𬏸	U+2C3F8	E
𬏹	U+2C3F9	E
𬏺	U+2C3FA	E
𬏻	U+2C3FB	E
𬏼	U+2C3FC	E
𬏽	U+2C3FD	E
𬏾	U+2C3FE	E
𬐁	U+2C401	E
𬐂	U+2C402	E
𬐃	U+2C403	E
𬐆	U+2C406	E
𬐇	U+2C407	E
𬐈	U+2C408	E
𬐉	U+2C409	E
𬐌	U+2C40C	E
𬐍	U+2C40D	E
𬐎	U+2C40E	E
𬐐	U+2C410	E
𬐒	U+2C412	E
𬐓	U+2C413	E
𬐔	U+2C414	E
𬐕	U+2C415	E
𬐖	U+2C416	E
𬐗	U+2C417	E
𬐘	U+2C418	E
𬐙	U+2C419	E
𬐝	U+2C41D	E
𬐞	U+2C41E	E
𬐟	U+2C41F	E
𬐡	U+2C421	E
𬐢	U+2C422	E
𬐣	U+2C423	E
𬐤	U+2C424	E
𬐥	U+2C425	E
𬐦	U+2C426	E
𬐧	U+2C427	E
𬐨	U+2C428	E
𬐩	U+2C429	E
𬐬	U+2C42C	E
𬐭	U+2C42D	E
𬐮	U+2C42E	E
𬐯	U+2C42F	E
𬐰	U+2C430	E
𬐲	U+2C432	E
𬐳	U+2C433	E
𬐴	U+2C434	E
𬐵	U+2C435	E
𬐶	U+2C436	E
𬐷	U+2C437	E
𬐸	U+2C438	E
𬐹	U+2C439	E
𬐺	U+2C43A	E
𬐻	U+2C43B	E
𬐼	U+2C43C	E
𬐽	U+2C43D	E
𬐾	U+2C43E	E
𬐿	U+2C43F	E
𬑀	U+2C440	E
𬑁	U+2C441	E
𬑂	U+2C442	E
𬑃	U+2C443	E
𬑄	U+2C444	E
𬑅	U+2C445	E
𬑈	U+2C448	E
𬑉	U+2C449	E
𬑊	U+2C44A	E
𬑋	U+2C44B	E
𬑎	U+2C44E	E
𬑐	U+2C450	E
𬑑	U+2C451	E
𬑖	U+2C456	E
𬑘	U+2C458	E
𬑚	U+2C45A	E
𬑛	U+2C45B	E
𬑜	U+2C45C	E
𬑝	U+2C45D	E
𬑞	U+2C45E	E
𬑟	U+2C45F	E
𬑠	U+2C460	E
𬑢	U+2C462	E
𬑣	U+2C463	E
𬑥	U+2C465	E
𬑦	U+2C466	E
𬑨	U+2C468	E
𬑩	U+2C469	E
𬑪	U+2C46A	E
𬑫	U+2C46B	E
𬑬	U+2C46C	E
𬑭	U+2C46D	E
𬑯	U+2C46F	E
𬑰	U+2C470	E
𬑱	U+2C471	E
𬑳	U+2C473	E
𬑴	U+2C474	E
𬑵	U+2C475	E
𬑶	U+2C476	E
𬑷	U+2C477	E
𬑸	U+2C478	E
𬑹	U+2C479	E
𬑺	U+2C47A	E
𬑻	U+2C47B	E
𬑼	U+2C47C	E
𬑽	U+2C47D	E
𬑾	U+2C47E	E
𬒀	U+2C480	E
𬒁	U+2C481	E
𬒂	U+2C482	E
𬒃	U+2C483	E
𬒄	U+2C484	E
𬒅	U+2C485	E
𬒊	U+2C48A	E
𬒋	U+2C48B	E
𬒌	U+2C48C	E
𬒏	U+2C48F	E
𬒒	U+2C492	E
𬒓	U+2C493	E
𬒜	U+2C49C	E
𬒝	U+2C49D	E
𬒞	U+2C49E	E
𬒡	U+2C4A1	E
𬒣	U+2C4A3	E
𬒤	U+2C4A4	E
𬒧	U+2C4A7	E
𬒨	U+2C4A8	E
𬒩	U+2C4A9	E
𬒪	U+2C4AA	E
𬒬	U+2C4AC	E
𬒭	U+2C4AD	E
𬒯	U+2C4AF	E
𬒰	U+2C4B0	E
𬒴	U+2C4B4	E
𬒵	U+2C4B5	E
𬒷	U+2C4B7	E
𬒸	U+2C4B8	E
𬒼	U+2C4BC	E
𬓁	U+2C4C1	E
𬓂	U+2C4C2	E
𬓄	U+2C4C4	E
𬓇	U+2C4C7	E
𬓊	U+2C4CA	E
𬓌	U+2C4CC	E
𬓏	U+2C4CF	E
𬓐	U+2C4D0	E
𬓒	U+2C4D2	E
𬓓	U+2C4D3	E
𬓖	U+2C4D6	E
𬓗	U+2C4D7	E
𬓚	U+2C4DA	E
𬓛	U+2C4DB	E
𬓞	U+2C4DE	E
𬓟	U+2C4DF	E
𬓡	U+2C4E1	E
𬓣	U+2C4E3	E
𬓤	U+2C4E4	E
𬓥	U+2C4E5	E
𬓦	U+2C4E6	E
𬓧	U+2C4E7	E
𬓨	U+2C4E8	E
𬓰	U+2C4F0	E
𬓳	U+2C4F3	E
𬓵	U+2C4F5	E
𬓶	U+2C4F6	E
𬓷	U+2C4F7	E
𬓹	U+2C4F9	E
𬓺	U+2C4FA	E
𬔀	U+2C500	E
𬔂	U+2C502	E
𬔅	U+2C505	E
𬔆	U+2C506	E
𬔇	U+2C507	E
𬔈	U+2C508	E
𬔉	U+2C509	E
𬔊	U+2C50A	E
𬔋	U+2C50B	E
𬔌	U+2C50C	E
𬔍	U+2C50D	E
𬔎	U+2C50E	E
𬔏	U+2C50F	E
𬔐	U+2C510	E
𬔑	U+2C511	E
𬔒	U+2C512	E
𬔓	U+2C513	E
𬔔	U+2C514	E
𬔕	U+2C515	E
𬔖	U+2C516	E
𬔗	U+2C517	E
𬔙	U+2C519	E
𬔚	U+2C51A	E
𬔛	U+2C51B	E
𬔜	U+2C51C	E
𬔝	U+2C51D	E
𬔟	U+2C51F	E
𬔠	U+2C520	E
𬔡	U+2C521	E
𬔢	U+2C522	E
𬔣	U+2C523	E
𬔤	U+2C524	E
𬔥	U+2C525	E
𬔦	U+2C526	E
𬔧	U+2C527	E
𬔨	U+2C528	E
𬔩	U+2C529	E
𬔪	U+2C52A	E
𬔫	U+2C52B	E
𬔬	U+2C52C	E
𬔭	U+2C52D	E
𬔮	U+2C52E	E
𬔰	U+2C530	E
𬔲	U+2C532	E
𬔶	U+2C536	E
𬔷	U+2C537	E
𬔸	U+2C538	E
𬔹	U+2C539	E
𬔺	U+2C53A	E
𬔻	U+2C53B	E
𬕁	U+2C541	E
𬕃	U+2C543	E
𬕇	U+2C547	E
𬕈	U+2C548	E
𬕉	U+2C549	E
𬕋	U+2C54B	E
𬕌	U+2C54C	E
𬕍	U+2C54D	E
𬕎	U+2C54E	E
𬕏	U+2C54F	E
𬕓	U+2C553	E
𬕔	U+2C554	E
𬕕	U+2C555	E
𬕝	U+2C55D	E
𬕠	U+2C560	E
𬕧	U+2C567	E
𬕨	U+2C568	E
𬕩	U+2C569	E
𬕫	U+2C56B	E
𬕮	U+2C56E	E
𬕰	U+2C570	E
𬕲	U+2C572	E
𬕳	U+2C573	E
𬕴	U+2C574	E
𬕶	U+2C576	E
𬕷	U+2C577	E
𬕹	U+2C579	E
𬕺	U+2C57A	E
𬕻	U+2C57B	E
𬕼	U+2C57C	E
𬕾	U+2C57E	E
𬕿	U+2C57F	E
𬖀	U+2C580	E
𬖅	U+2C585	E
𬖆	U+2C586	E
𬖇	U+2C587	E
𬖈	U+2C588	E
𬖉	U+2C589	E
𬖋	U+2C58B	E
𬖍	U+2C58D	E
𬖎	U+2C58E	E
𬖏	U+2C58F	E
𬖐	U+2C590	E
𬖒	U+2C592	E
𬖓	U+2C593	E
𬖔	U+2C594	E
𬖗	U+2C597	E
𬖙	U+2C599	E
𬖚	U+2C59A	E
𬖛	U+2C59B	E
𬖞	U+2C59E	E
𬖟	U+2C59F	E
𬖡	U+2C5A1	E
𬖢	U+2C5A2	E
𬖣	U+2C5A3	E
𬖥	U+2C5A5	E
𬖦	U+2C5A6	E
𬖧	U+2C5A7	E
𬖨	U+2C5A8	E
𬖩	U+2C5A9	E
𬖪	U+2C5AA	E
𬖫	U+2C5AB	E
𬖭	U+2C5AD	E
𬖯	U+2C5AF	E
𬖱	U+2C5B1	E
𬖲	U+2C5B2	E
𬖳	U+2C5B3	E
𬖵	U+2C5B5	E
𬖷	U+2C5B7	E
𬖸	U+2C5B8	E
𬖹	U+2C5B9	E
𬖺	U+2C5BA	E
𬖻	U+2C5BB	E
𬖼	U+2C5BC	E
𬖽	U+2C5BD	E
𬖾	U+2C5BE	E
𬖿	U+2C5BF	E
𬗀	U+2C5C0	E
𬗁	U+2C5C1	E
𬗂	U+2C5C2	E
𬗅	U+2C5C5	E
𬗆	U+2C5C6	E
𬗋	U+2C5CB	E
𬗍	U+2C5CD	E
𬗎	U+2C5CE	E
𬗏	U+2C5CF	E
𬗓	U+2C5D3	E
𬗔	U+2C5D4	E
𬗖	U+2C5D6	E
𬗗	U+2C5D7	E
𬗙	U+2C5D9	E
𬗜	U+2C5DC	E
𬗝	U+2C5DD	E
𬗞	U+2C5DE	E
𬗢	U+2C5E2	E
𬗤	U+2C5E4	E
𬗥	U+2C5E5	E
𬗧	U+2C5E7	E
𬗩	U+2C5E9	E
𬗪	U+2C5EA	E
𬗫	U+2C5EB	E
𬗬	U+2C5EC	E
𬗰	U+2C5F0	E
𬗱	U+2C5F1	E
𬗲	U+2C5F2	E
𬗵	U+2C5F5	E
𬗶	U+2C5F6	E
𬗸	U+2C5F8	E
𬗺	U+2C5FA	E
𬗻	U+2C5FB	E
𬗼	U+2C5FC	E
𬗽	U+2C5FD	E
𬗾	U+2C5FE	E
𬗿	U+2C5FF	E
𬘀	U+2C600	E
𬘂	U+2C602	E
𬘃	U+2C603	E
𬘄	U+2C604	E
𬘅	U+2C605	E
𬘆	U+2C606	E
𬘈	U+2C608	E
𬘊	U+2C60A	E
𬘋	U+2C60B	E
𬘍	U+2C60D	E
𬘏	U+2C60F	E
𬘑	U+2C611	E
𬘗	U+2C617	E
𬘣	U+2C623	E
𬘴	U+2C634	E
𬘹	U+2C639	E
𬘿	U+2C63F	E
𬙀	U+2C640	E
𬙄	U+2C644	E
𬙌	U+2C64C	E
𬙍	U+2C64D	E
𬙏	U+2C64F	E
𬙐	U+2C650	E
𬙑	U+2C651	E
𬙒	U+2C652	E
𬙔	U+2C654	E
𬙕	U+2C655	E
𬙖	U+2C656	E
𬙙	U+2C659	E
𬙚	U+2C65A	E
𬙛	U+2C65B	E
𬙜	U+2C65C	E
𬙞	U+2C65E	E
𬙟	U+2C65F	E
𬙠	U+2C660	E
𬙡	U+2C661	E
𬙢	U+2C662	E
𬙣	U+2C663	E
𬙤	U+2C664	E
𬙥	U+2C665	E
𬙦	U+2C666	E
𬙧	U+2C667	E
𬙨	U+2C668	E
𬙩	U+2C669	E
𬙪	U+2C66A	E
𬙫	U+2C66B	E
𬙮	U+2C66E	E
𬙯	U+2C66F	E
𬙰	U+2C670	E
𬙲	U+2C672	E
𬙳	U+2C673	E
𬙴	U+2C674	E
𬙵	U+2C675	E
𬙶	U+2C676	E
𬙷	U+2C677	E
𬙸	U+2C678	E
𬙺	U+2C67A	E
𬙼	U+2C67C	E
𬙽	U+2C67D	E
𬙾	U+2C67E	E
𬙿	U+2C67F	E
𬚀	U+2C680	E
𬚁	U+2C681	E
𬚂	U+2C682	E
𬚃	U+2C683	E
𬚅	U+2C685	E
𬚆	U+2C686	E
𬚇	U+2C687	E
𬚈	U+2C688	E
𬚉	U+2C689	E
𬚊	U+2C68A	E
𬚋	U+2C68B	E
𬚌	U+2C68C	E
𬚍	U+2C68D	E
𬚎	U+2C68E	E
𬚏	U+2C68F	E
𬚓	U+2C693	E
𬚝	U+2C69D	E
𬚞	U+2C69E	E
𬚣	U+2C6A3	E
𬚩	U+2C6A9	E
𬚪	U+2C6AA	E
𬚫	U+2C6AB	E
𬚬	U+2C6AC	E
𬚮	U+2C6AE	E
𬚯	U+2C6AF	E
𬚱	U+2C6B1	E
𬚲	U+2C6B2	E
𬚴	U+2C6B4	E
𬚶	U+2C6B6	E
𬚸	U+2C6B8	E
𬚹	U+2C6B9	E
𬚺	U+2C6BA	E
𬚻	U+2C6BB	E
𬚼	U+2C6BC	E
𬚿	U+2C6BF	E
𬛀	U+2C6C0	E
𬛁	U+2C6C1	E
𬛂	U+2C6C2	E
𬛃	U+2C6C3	E
𬛆	U+2C6C6	E
𬛇	U+2C6C7	E
𬛈	U+2C6C8	E
𬛉	U+2C6C9	E
𬛌	U+2C6CC	E
𬛎	U+2C6CE	E
𬛏	U+2C6CF	E
𬛑	U+2C6D1	E
𬛒	U+2C6D2	E
𬛓	U+2C6D3	E
𬛕	U+2C6D5	E
𬛗	U+2C6D7	E
𬛘	U+2C6D8	E
𬛙	U+2C6D9	E
𬛛	U+2C6DB	E
𬛝	U+2C6DD	E
𬛟	U+2C6DF	E
𬛠	U+2C6E0	E
𬛡	U+2C6E1	E
𬛢	U+2C6E2	E
𬛣	U+2C6E3	E
𬛤	U+2C6E4	E
𬛥	U+2C6E5	E
𬛦	U+2C6E6	E
𬛧	U+2C6E7	E
𬛨	U+2C6E8	E
𬛩	U+2C6E9	E
𬛪	U+2C6EA	E
𬛫	U+2C6EB	E
𬛭	U+2C6ED	E
𬛮	U+2C6EE	E
𬛯	U+2C6EF	E
𬛰	U+2C6F0	E
𬛱	U+2C6F1	E
𬛲	U+2C6F2	E
𬛳	U+2C6F3	E
𬛶	U+2C6F6	E
𬛷	U+2C6F7	E
𬛺	U+2C6FA	E
𬛻	U+2C6FB	E
𬛾	U+2C6FE	E
𬛿	U+2C6FF	E
𬜀	U+2C700	E
𬜁	U+2C701	E
𬜂	U+2C702	E
𬜃	U+2C703	E
𬜄	U+2C704	E
𬜆	U+2C706	E
𬜇	U+2C707	E
𬜉	U+2C709	E
𬜊	U+2C70A	E
𬜋	U+2C70B	E
𬜌	U+2C70C	E
𬜍	U+2C70D	E
𬜎	U+2C70E	E
𬜐	U+2C710	E
𬜑	U+2C711	E
𬜒	U+2C712	E
𬜓	U+2C713	E
𬜕	U+2C715	E
𬜖	U+2C716	E
𬜗	U+2C717	E
𬜙	U+2C719	E
𬜚	U+2C71A	E
𬜛	U+2C71B	E
𬜜	U+2C71C	E
𬜝	U+2C71D	E
𬜞	U+2C71E	E
𬜠	U+2C720	E
𬜣	U+2C723	E
𬜤	U+2C724	E
𬜩	U+2C729	E
𬜪	U+2C72A	E
𬜫	U+2C72B	E
𬜭	U+2C72D	E
𬜮	U+2C72E	E
𬜰	U+2C730	E
𬜱	U+2C731	E
𬜲	U+2C732	E
𬜳	U+2C733	E
𬜷	U+2C737	E
𬜺	U+2C73A	E
𬜼	U+2C73C	E
𬜽	U+2C73D	E
𬝂	U+2C742	E
𬝇	U+2C747	E
𬝉	U+2C749	E
𬝍	U+2C74D	E
𬝐	U+2C750	E
𬝔	U+2C754	E
𬝕	U+2C755	E
𬝖	U+2C756	E
𬝗	U+2C757	E
𬝙	U+2C759	E
𬝝	U+2C75D	E
𬝞	U+2C75E	E
𬝡	U+2C761	E
𬝥	U+2C765	E
𬝦	U+2C766	E
𬝧	U+2C767	E
𬝨	U+2C768	E
𬝩	U+2C769	E
𬝭	U+2C76D	E
𬝮	U+2C76E	E
𬝰	U+2C770	E
𬝱	U+2C771	E
𬝵	U+2C775	E
𬝻	U+2C77B	E
𬝼	U+2C77C	E
𬝿	U+2C77F	E
𬞀	U+2C780	E
𬞁	U+2C781	E
𬞄	U+2C784	E
𬞅	U+2C785	E
𬞆	U+2C786	E
𬞉	U+2C789	E
𬞊	U+2C78A	E
𬞍	U+2C78D	E
𬞎	U+2C78E	E
𬞐	U+2C790	E
𬞑	U+2C791	E
𬞒	U+2C792	E
𬞓	U+2C793	E
𬞔	U+2C794	E
𬞗	U+2C797	E
𬞙	U+2C799	E
𬞚	U+2C79A	E
𬞛	U+2C79B	E
𬞠	U+2C7A0	E
𬞡	U+2C7A1	E
𬞢	U+2C7A2	E
𬞤	U+2C7A4	E
𬞨	U+2C7A8	E
𬞩	U+2C7A9	E
𬞪	U+2C7AA	E
𬞮	U+2C7AE	E
𬞰	U+2C7B0	E
𬞱	U+2C7B1	E
𬞲	U+2C7B2	E
𬞷	U+2C7B7	E
𬞹	U+2C7B9	E
𬞺	U+2C7BA	E
𬞿	U+2C7BF	E
𬟀	U+2C7C0	E
𬟂	U+2C7C2	E
𬟃	U+2C7C3	E
𬟋	U+2C7CB	E
𬟌	U+2C7CC	E
𬟎	U+2C7CE	E
𬟏	U+2C7CF	E
𬟐	U+2C7D0	E
𬟒	U+2C7D2	E
𬟕	U+2C7D5	E
𬟖	U+2C7D6	E
𬟗	U+2C7D7	E
𬟛	U+2C7DB	E
𬟜	U+2C7DC	E
𬟞	U+2C7DE	E
𬟟	U+2C7DF	E
𬟠	U+2C7E0	E
𬟢	U+2C7E2	E
𬟣	U+2C7E3	E
𬟥	U+2C7E5	E
𬟦	U+2C7E6	E
𬟧	U+2C7E7	E
𬟨	U+2C7E8	E
𬟩	U+2C7E9	E
𬟫	U+2C7EB	E
𬟬	U+2C7EC	E
𬟭	U+2C7ED	E
𬟮	U+2C7EE	E
𬟯	U+2C7EF	E
𬟰	U+2C7F0	E
𬟱	U+2C7F1	E
𬟲	U+2C7F2	E
𬟳	U+2C7F3	E
𬟴	U+2C7F4	E
𬟵	U+2C7F5	E
𬟶	U+2C7F6	E
𬟷	U+2C7F7	E
𬟸	U+2C7F8	E
𬟹	U+2C7F9	E
𬟻	U+2C7FB	E
𬟼	U+2C7FC	E
𬟾	U+2C7FE	E
𬟿	U+2C7FF	E
𬠀	U+2C800	E
𬠁	U+2C801	E
𬠂	U+2C802	E
𬠄	U+2C804	E
𬠆	U+2C806	E
𬠇	U+2C807	E
𬠉	U+2C809	E
𬠊	U+2C80A	E
𬠋	U+2C80B	E
𬠌	U+2C80C	E
𬠍	U+2C80D	E
𬠎	U+2C80E	E
𬠏	U+2C80F	E
𬠒	U+2C812	E
𬠓	U+2C813	E
𬠔	U+2C814	E
𬠕	U+2C815	E
𬠖	U+2C816	E
𬠘	U+2C818	E
𬠙	U+2C819	E
𬠚	U+2C81A	E
𬠜	U+2C81C	E
𬠝	U+2C81D	E
𬠞	U+2C81E	E
𬠟	U+2C81F	E
𬠡	U+2C821	E
𬠢	U+2C822	E
𬠤	U+2C824	E
𬠥	U+2C825	E
𬠦	U+2C826	E
𬠧	U+2C827	E
𬠨	U+2C828	E
𬠩	U+2C829	E
𬠫	U+2C82B	E
𬠬	U+2C82C	E
𬠭	U+2C82D	E
𬠮	U+2C82E	E
𬠯	U+2C82F	E
𬠱	U+2C831	E
𬠳	U+2C833	E
𬠴	U+2C834	E
𬠶	U+2C836	E
𬠸	U+2C838	E
𬠹	U+2C839	E
𬠺	U+2C83A	E
𬠻	U+2C83B	E
𬠼	U+2C83C	E
𬠾	U+2C83E	E
𬠿	U+2C83F	E
𬡀	U+2C840	E
𬡁	U+2C841	E
𬡂	U+2C842	E
𬡃	U+2C843	E
𬡈	U+2C848	E
𬡉	U+2C849	E
𬡊	U+2C84A	E
𬡋	U+2C84B	E
𬡏	U+2C84F	E
𬡐	U+2C850	E
𬡑	U+2C851	E
𬡗	U+2C857	E
𬡙	U+2C859	E
𬡚	U+2C85A	E
𬡛	U+2C85B	E
𬡜	U+2C85C	E
𬡝	U+2C85D	E
𬡞	U+2C85E	E
𬡟	U+2C85F	E
𬡡	U+2C861	E
𬡢	U+2C862	E
𬡣	U+2C863	E
𬡤	U+2C864	E
𬡦	U+2C866	E
𬡨	U+2C868	E
𬡩	U+2C869	E
𬡪	U+2C86A	E
𬡫	U+2C86B	E
𬡬	U+2C86C	E
𬡮	U+2C86E	E
𬡯	U+2C86F	E
𬡰	U+2C870	E
𬡱	U+2C871	E
𬡴	U+2C874	E
𬡵	U+2C875	E
𬡶	U+2C876	E
𬡹	U+2C879	E
𬡼	U+2C87C	E
𬡽	U+2C87D	E
𬡾	U+2C87E	E
𬡿	U+2C87F	E
𬢀	U+2C880	E
𬢂	U+2C882	E
𬢃	U+2C883	E
𬢄	U+2C884	E
𬢅	U+2C885	E
𬢆	U+2C886	E
𬢍	U+2C88D	E
𬢓	U+2C893	E
𬢕	U+2C895	E
𬢖	U+2C896	E
𬢗	U+2C897	E
𬢘	U+2C898	E
𬢙	U+2C899	E
𬢚	U+2C89A	E
𬢛	U+2C89B	E
𬢜	U+2C89C	E
𬢝	U+2C89D	E
𬢞	U+2C89E	E
𬢟	U+2C89F	E
𬢠	U+2C8A0	E
𬢡	U+2C8A1	E
𬢢	U+2C8A2	E
𬢧	U+2C8A7	E
𬢩	U+2C8A9	E
𬢫	U+2C8AB	E
𬢬	U+2C8AC	E
𬢭	U+2C8AD	E
𬢱	U+2C8B1	E
𬢷	U+2C8B7	E
𬢸	U+2C8B8	E
𬢹	U+2C8B9	E
𬢺	U+2C8BA	E
𬢽	U+2C8BD	E
𬢾	U+2C8BE	E
𬢿	U+2C8BF	E
𬣂	U+2C8C2	E
𬣃	U+2C8C3	E
𬣄	U+2C8C4	E
𬣆	U+2C8C6	E
𬣈	U+2C8C8	E
𬣉	U+2C8C9	E
𬣋	U+2C8CB	E
𬣌	U+2C8CC	E
𬣍	U+2C8CD	E
𬣎	U+2C8CE	E
𬣏	U+2C8CF	E
𬣐	U+2C8D0	E
𬣓	U+2C8D3	E
𬣔	U+2C8D4	E
𬣕	U+2C8D5	E
𬣖	U+2C8D6	E
𬣗	U+2C8D7	E
𬣘	U+2C8D8	E
𬣫	U+2C8EB	E
𬣴	U+2C8F4	E
𬣵	U+2C8F5	E
𬣺	U+2C8FA	E
𬤃	U+2C903	E
𬤈	U+2C908	E
𬤔	U+2C914	E
𬤗	U+2C917	E
𬤧	U+2C927	E
𬤲	U+2C932	E
𬤳	U+2C933	E
𬤴	U+2C934	E
𬤶	U+2C936	E
𬤷	U+2C937	E
𬤸	U+2C938	E
𬤹	U+2C939	E
𬤻	U+2C93B	E
𬤼	U+2C93C	E
𬤽	U+2C93D	E
𬤾	U+2C93E	E
𬤿	U+2C93F	E
𬥀	U+2C940	E
𬥂	U+2C942	E
𬥃	U+2C943	E
𬥅	U+2C945	E
𬥆	U+2C946	E
𬥇	U+2C947	E
𬥊	U+2C94A	E
𬥋	U+2C94B	E
𬥍	U+2C94D	E
𬥐	U+2C950	E
𬥑	U+2C951	E
𬥒	U+2C952	E
𬥓	U+2C953	E
𬥔	U+2C954	E
𬥕	U+2C955	E
𬥖	U+2C956	E
𬥘	U+2C958	E
𬥙	U+2C959	E
𬥚	U+2C95A	E
𬥝	U+2C95D	E
𬥟	U+2C95F	E
𬥠	U+2C960	E
𬥡	U+2C961	E
𬥢	U+2C962	E
𬥣	U+2C963	E
𬥤	U+2C964	E
𬥥	U+2C965	E
𬥦	U+2C966	E
𬥧	U+2C967	E
𬥨	U+2C968	E
𬥩	U+2C969	E
𬥪	U+2C96A	E
𬥫	U+2C96B	E
𬥬	U+2C96C	E
𬥭	U+2C96D	E
𬥮	U+2C96E	E
𬥯	U+2C96F	E
𬥰	U+2C970	E
𬥱	U+2C971	E
𬥲	U+2C972	E
𬥹	U+2C979	E
𬦀	U+2C980	E
𬦁	U+2C981	E
𬦃	U+2C983	E
𬦄	U+2C984	E
𬦇	U+2C987	E
𬦉	U+2C989	E
𬦊	U+2C98A	E
𬦋	U+2C98B	E
𬦎	U+2C98E	E
𬦏	U+2C98F	E
𬦐	U+2C990	E
𬦒	U+2C992	E
𬦔	U+2C994	E
𬦕	U+2C995	E
𬦖	U+2C996	E
𬦗	U+2C997	E
𬦘	U+2C998	E
𬦙	U+2C999	E
𬦚	U+2C99A	E
𬦛	U+2C99B	E
𬦜	U+2C99C	E
𬦞	U+2C99E	E
𬦟	U+2C99F	E
𬦠	U+2C9A0	E
𬦡	U+2C9A1	E
𬦢	U+2C9A2	E
𬦤	U+2C9A4	E
𬦦	U+2C9A6	E
𬦨	U+2C9A8	E
𬦪	U+2C9AA	E
𬦬	U+2C9AC	E
𬦭	U+2C9AD	E
𬦮	U+2C9AE	E
𬦰	U+2C9B0	E
𬦱	U+2C9B1	E
𬦲	U+2C9B2	E
𬦳	U+2C9B3	E
𬦶	U+2C9B6	E
𬦷	U+2C9B7	E
𬦸	U+2C9B8	E
𬦹	U+2C9B9	E
𬦺	U+2C9BA	E
𬦼	U+2C9BC	E
𬦽	U+2C9BD	E
𬦾	U+2C9BE	E
𬦿	U+2C9BF	E
𬧁	U+2C9C1	E
𬧂	U+2C9C2	E
𬧄	U+2C9C4	E
𬧅	U+2C9C5	E
𬧆	U+2C9C6	E
𬧇	U+2C9C7	E
𬧈	U+2C9C8	E
𬧉	U+2C9C9	E
𬧊	U+2C9CA	E
𬧌	U+2C9CC	E
𬧍	U+2C9CD	E
𬧎	U+2C9CE	E
𬧏	U+2C9CF	E
𬧐	U+2C9D0	E
𬧒	U+2C9D2	E
𬧓	U+2C9D3	E
𬧔	U+2C9D4	E
𬧕	U+2C9D5	E
𬧖	U+2C9D6	E
𬧗	U+2C9D7	E
𬧘	U+2C9D8	E
𬧙	U+2C9D9	E
𬧛	U+2C9DB	E
𬧜	U+2C9DC	E
𬧝	U+2C9DD	E
𬧞	U+2C9DE	E
𬧟	U+2C9DF	E
𬧠	U+2C9E0	E
𬧡	U+2C9E1	E
𬧣	U+2C9E3	E
𬧥	U+2C9E5	E
𬧦	U+2C9E6	E
𬧧	U+2C9E7	E
𬧫	U+2C9EB	E
𬧬	U+2C9EC	E
𬧭	U+2C9ED	E
𬧮	U+2C9EE	E
𬧯	U+2C9EF	E
𬧱	U+2C9F1	E
𬧲	U+2C9F2	E
𬧳	U+2C9F3	E
𬧴	U+2C9F4	E
𬧵	U+2C9F5	E
𬧶	U+2C9F6	E
𬧹	U+2C9F9	E
𬧺	U+2C9FA	E
𬧻	U+2C9FB	E
𬧼	U+2C9FC	E
𬧾	U+2C9FE	E
𬧿	U+2C9FF	E
𬨀	U+2CA00	E
𬨃	U+2CA03	E
𬨊	U+2CA0A	E
𬨕	U+2CA15	E
𬨖	U+2CA16	E
𬨗	U+2CA17	E
𬨘	U+2CA18	E
𬨙	U+2CA19	E
𬨚	U+2CA1A	E
𬨜	U+2CA1C	E
𬨝	U+2CA1D	E
𬨞	U+2CA1E	E
𬨟	U+2CA1F	E
𬨠	U+2CA20	E
𬨡	U+2CA21	E
𬨢	U+2CA22	E
𬨣	U+2CA23	E
𬨤	U+2CA24	E
𬨥	U+2CA25	E
𬨦	U+2CA26	E
𬨧	U+2CA27	E
𬨪	U+2CA2A	E
𬨫	U+2CA2B	E
𬨬	U+2CA2C	E
𬨭	U+2CA2D	E
𬨮	U+2CA2E	E
𬨯	U+2CA2F	E
𬨰	U+2CA30	E
𬨱	U+2CA31	E
𬨲	U+2CA32	E
𬨳	U+2CA33	E
𬨴	U+2CA34	E
𬨵	U+2CA35	E
𬨷	U+2CA37	E
𬨸	U+2CA38	E
𬨺	U+2CA3A	E
𬨻	U+2CA3B	E
𬨼	U+2CA3C	E
𬨽	U+2CA3D	E
𬨾	U+2CA3E	E
𬨿	U+2CA3F	E
𬩀	U+2CA40	E
𬩁	U+2CA41	E
𬩂	U+2CA42	E
𬩄	U+2CA44	E
𬩅	U+2CA45	E
𬩆	U+2CA46	E
𬩇	U+2CA47	E
𬩈	U+2CA48	E
𬩉	U+2CA49	E
𬩊	U+2CA4A	E
𬩋	U+2CA4B	E
𬩌	U+2CA4C	E
𬩍	U+2CA4D	E
𬩏	U+2CA4F	E
𬩐	U+2CA50	E
𬩑	U+2CA51	E
𬩒	U+2CA52	E
𬩓	U+2CA53	E
𬩔	U+2CA54	E
𬩕	U+2CA55	E
𬩖	U+2CA56	E
𬩗	U+2CA57	E
𬩘	U+2CA58	E
𬩙	U+2CA59	E
𬩚	U+2CA5A	E
𬩛	U+2CA5B	E
𬩜	U+2CA5C	E
𬩝	U+2CA5D	E
𬩟	U+2CA5F	E
𬩠	U+2CA60	E
𬩢	U+2CA62	E
𬩣	U+2CA63	E
𬩥	U+2CA65	E
𬩧	U+2CA67	E
𬩨	U+2CA68	E
𬩩	U+2CA69	E
𬩫	U+2CA6B	E
𬩬	U+2CA6C	E
𬩭	U+2CA6D	E
𬩯	U+2CA6F	E
𬩰	U+2CA70	E
𬩱	U+2CA71	E
𬩲	U+2CA72	E
𬩳	U+2CA73	E
𬩴	U+2CA74	E
𬩵	U+2CA75	E
𬩸	U+2CA78	E
𬩹	U+2CA79	E
𬩺	U+2CA7A	E
𬩻	U+2CA7B	E
𬩼	U+2CA7C	E
𬩿	U+2CA7F	E
𬪀	U+2CA80	E
𬪁	U+2CA81	E
𬪂	U+2CA82	E
𬪃	U+2CA83	E
𬪄	U+2CA84	E
𬪅	U+2CA85	E
𬪆	U+2CA86	E
𬪇	U+2CA87	E
𬪈	U+2CA88	E
𬪉	U+2CA89	E
𬪊	U+2CA8A	E
𬪋	U+2CA8B	E
𬪌	U+2CA8C	E
𬪎	U+2CA8E	E
𬪏	U+2CA8F	E
𬪐	U+2CA90	E
𬪒	U+2CA92	E
𬪓	U+2CA93	E
𬪔	U+2CA94	E
𬪕	U+2CA95	E
𬪖	U+2CA96	E
𬪗	U+2CA97	E
𬪘	U+2CA98	E
𬪙	U+2CA99	E
𬪚	U+2CA9A	E
𬪛	U+2CA9B	E
𬪜	U+2CA9C	E
𬪝	U+2CA9D	E
𬪞	U+2CA9E	E
𬪟	U+2CA9F	E
𬪠	U+2CAA0	E
𬪡	U+2CAA1	E
𬪢	U+2CAA2	E
𬪣	U+2CAA3	E
𬪤	U+2CAA4	E
𬪥	U+2CAA5	E
𬪦	U+2CAA6	E
𬪪	U+2CAAA	E
𬪫	U+2CAAB	E
𬪬	U+2CAAC	E
𬪭	U+2CAAD	E
𬪮	U+2CAAE	E
𬪯	U+2CAAF	E
𬪰	U+2CAB0	E
𬪱	U+2CAB1	E
𬪳	U+2CAB3	E
𬪴	U+2CAB4	E
𬪵	U+2CAB5	E
𬪶	U+2CAB6	E
𬪷	U+2CAB7	E
𬪹	U+2CAB9	E
𬪻	U+2CABB	E
𬪼	U+2CABC	E
𬪽	U+2CABD	E
𬪾	U+2CABE	E
𬪿	U+2CABF	E
𬫀	U+2CAC0	E
𬫂	U+2CAC2	E
𬫃	U+2CAC3	E
𬫄	U+2CAC4	E
𬫅	U+2CAC5	E
𬫈	U+2CAC8	E
𬫐	U+2CAD0	E
𬫑	U+2CAD1	E
𬫒	U+2CAD2	E
𬫖	U+2CAD6	E
𬫗	U+2CAD7	E
𬫚	U+2CADA	E
𬫜	U+2CADC	E
𬫞	U+2CADE	E
𬫠	U+2CAE0	E
𬫢	U+2CAE2	E
𬫣	U+2CAE3	E
𬫤	U+2CAE4	E
𬫥	U+2CAE5	E
𬫦	U+2CAE6	E
𬫧	U+2CAE7	E
𬫫	U+2CAEB	E
𬫬	U+2CAEC	E
𬫭	U+2CAED	E
𬫰	U+2CAF0	E
𬫱	U+2CAF1	E
𬫶	U+2CAF6	E
𬫷	U+2CAF7	E
𬫸	U+2CAF8	E
𬫹	U+2CAF9	E
𬫻	U+2CAFB	E
𬫽	U+2CAFD	E
𬫾	U+2CAFE	E
𬫿	U+2CAFF	E
𬬂	U+2CB02	E
𬬃	U+2CB03	E
𬬈	U+2CB08	E
𬬉	U+2CB09	E
𬬊	U+2CB0A	E
𬬌	U+2CB0C	E
𬬍	U+2CB0D	E
𬬏	U+2CB0F	E
𬬐	U+2CB10	E
𬬑	U+2CB11	E
𬬗	U+2CB17	E
𬬚	U+2CB1A	E
𬬟	U+2CB1F	E
𬬢	U+2CB22	E
𬬣	U+2CB23	E
𬬤	U+2CB24	E
𬬴	U+2CB34	E
𬬶	U+2CB36	E
𬬼	U+2CB3C	E
𬭄	U+2CB44	E
𬭋	U+2CB4B	E
𬭐	U+2CB50	E
𬭒	U+2CB52	E
𬭘	U+2CB58	E
𬭙	U+2CB59	E
𬭧	U+2CB67	E
𬭮	U+2CB6E	E
𬭱	U+2CB71	E
𬭵	U+2CB75	E
𬭹	U+2CB79	E
𬭾	U+2CB7E	E
𬮀	U+2CB80	E
𬮂	U+2CB82	E
𬮅	U+2CB85	E
𬮆	U+2CB86	E
𬮈	U+2CB88	E
𬮊	U+2CB8A	E
𬮋	U+2CB8B	E
𬮌	U+2CB8C	E
𬮍	U+2CB8D	E
𬮎	U+2CB8E	E
𬮏	U+2CB8F	E
𬮐	U+2CB90	E
𬮑	U+2CB91	E
𬮓	U+2CB93	E
𬮔	U+2CB94	E
𬮖	U+2CB96	E
𬮗	U+2CB97	E
𬮙	U+2CB99	E
𬮚	U+2CB9A	E
𬮛	U+2CB9B	E
𬮜	U+2CB9C	E
𬮝	U+2CB9D	E
𬮞	U+2CB9E	E
𬮧	U+2CBA7	E
𬮫	U+2CBAB	E
𬮬	U+2CBAC	E
𬮮	U+2CBAE	E
𬮶	U+2CBB6	E
𬮷	U+2CBB7	E
𬮸	U+2CBB8	E
𬮼	U+2CBBC	E
𬯁	U+2CBC1	E
𬯂	U+2CBC2	E
𬯃	U+2CBC3	E
𬯄	U+2CBC4	E
𬯇	U+2CBC7	E
𬯉	U+2CBC9	E
𬯊	U+2CBCA	E
𬯋	U+2CBCB	E
𬯌	U+2CBCC	E
𬯐	U+2CBD0	E
𬯓	U+2CBD3	E
𬯔	U+2CBD4	E
𬯕	U+2CBD5	E
𬯖	U+2CBD6	E
𬯗	U+2CBD7	E
𬯘	U+2CBD8	E
𬯙	U+2CBD9	E
𬯚	U+2CBDA	E
𬯛	U+2CBDB	E
𬯜	U+2CBDC	E
𬯝	U+2CBDD	E
𬯞	U+2CBDE	E
𬯟	U+2CBDF	E
𬯢	U+2CBE2	E
𬯣	U+2CBE3	E
𬯤	U+2CBE4	E
𬯥	U+2CBE5	E
𬯦	U+2CBE6	E
𬯧	U+2CBE7	E
𬯨	U+2CBE8	E
𬯩	U+2CBE9	E
𬯪	U+2CBEA	E
𬯫	U+2CBEB	E
𬯭	U+2CBED	E
𬯯	U+2CBEF	E
𬯰	U+2CBF0	E
𬯲	U+2CBF2	E
𬯳	U+2CBF3	E
𬯴	U+2CBF4	E
𬯶	U+2CBF6	E
𬯷	U+2CBF7	E
𬯸	U+2CBF8	E
𬯹	U+2CBF9	E
𬯽	U+2CBFD	E
𬰄	U+2CC04	E
𬰅	U+2CC05	E
𬰆	U+2CC06	E
𬰇	U+2CC07	E
𬰈	U+2CC08	E
𬰉	U+2CC09	E
𬰊	U+2CC0A	E
𬰌	U+2CC0C	E
𬰎	U+2CC0E	E
𬰐	U+2CC10	E
𬰑	U+2CC11	E
𬰒	U+2CC12	E
𬰓	U+2CC13	E
𬰖	U+2CC16	E
𬰗	U+2CC17	E
𬰘	U+2CC18	E
𬰚	U+2CC1A	E
𬰝	U+2CC1D	E
𬰟	U+2CC1F	E
𬰠	U+2CC20	E
𬰢	U+2CC22	E
𬰦	U+2CC26	E
𬰧	U+2CC27	E
𬰨	U+2CC28	E
𬰪	U+2CC2A	E
𬰫	U+2CC2B	E
𬰬	U+2CC2C	E
𬰭	U+2CC2D	E
𬰯	U+2CC2F	E
𬰰	U+2CC30	E
𬰲	U+2CC32	E
𬰴	U+2CC34	E
𬰵	U+2CC35	E
𬰹	U+2CC39	E
𬰻	U+2CC3B	E
𬰽	U+2CC3D	E
𬰾	U+2CC3E	E
𬰿	U+2CC3F	E
𬱂	U+2CC42	E
𬱃	U+2CC43	E
𬱅	U+2CC45	E
𬱆	U+2CC46	E
𬱇	U+2CC47	E
𬱈	U+2CC48	E
𬱉	U+2CC49	E
𬱊	U+2CC4A	E
𬱋	U+2CC4B	E
𬱌	U+2CC4C	E
𬱍	U+2CC4D	E
𬱎	U+2CC4E	E
𬱏	U+2CC4F	E
𬱐	U+2CC50	E
𬱑	U+2CC51	E
𬱒	U+2CC52	E
𬱘	U+2CC58	E
𬱚	U+2CC5A	E
𬱞	U+2CC5E	E
𬱡	U+2CC61	E
𬱤	U+2CC64	E
𬱧	U+2CC67	E
𬱨	U+2CC68	E
𬱩	U+2CC69	E
𬱲	U+2CC72	E
𬱴	U+2CC74	E
𬱶	U+2CC76	E
𬱹	U+2CC79	E
𬱺	U+2CC7A	E
𬱻	U+2CC7B	E
𬱾	U+2CC7E	E
𬲁	U+2CC81	E
𬲂	U+2CC82	E
𬲃	U+2CC83	E
𬲄	U+2CC84	E
𬲇	U+2CC87	E
𬲈	U+2CC88	E
𬲉	U+2CC89	E
𬲊	U+2CC8A	E
𬲋	U+2CC8B	E
𬲌	U+2CC8C	E
𬲎	U+2CC8E	E
𬲏	U+2CC8F	E
𬲐	U+2CC90	E
𬲑	U+2CC91	E
𬲒	U+2CC92	E
𬲓	U+2CC93	E
𬲔	U+2CC94	E
𬲖	U+2CC96	E
𬲙	U+2CC99	E
𬲚	U+2CC9A	E
𬲛	U+2CC9B	E
𬲝	U+2CC9D	E
𬲞	U+2CC9E	E
𬲟	U+2CC9F	E
𬲠	U+2CCA0	E
𬲡	U+2CCA1	E
𬲢	U+2CCA2	E
𬲣	U+2CCA3	E
𬲤	U+2CCA4	E
𬲥	U+2CCA5	E
𬲧	U+2CCA7	E
𬲨	U+2CCA8	E
𬲩	U+2CCA9	E
𬲬	U+2CCAC	E
𬲱	U+2CCB1	E
𬲵	U+2CCB5	E
𬲽	U+2CCBD	E
𬲿	U+2CCBF	E
𬳄	U+2CCC4	E
𬳇	U+2CCC7	E
𬳈	U+2CCC8	E
𬳎	U+2CCCE	E
𬳏	U+2CCCF	E
𬳕	U+2CCD5	E
𬳖	U+2CCD6	E
𬳗	U+2CCD7	E
𬳘	U+2CCD8	E
𬳙	U+2CCD9	E
𬳚	U+2CCDA	E
𬳛	U+2CCDB	E
𬳜	U+2CCDC	E
𬳝	U+2CCDD	E
𬳠	U+2CCE0	E
𬳤	U+2CCE4	E
𬳦	U+2CCE6	E
𬳨	U+2CCE8	E
𬳩	U+2CCE9	E
𬳪	U+2CCEA	E
𬳫	U+2CCEB	E
𬳬	U+2CCEC	E
𬳭	U+2CCED	E
𬳮	U+2CCEE	E
𬳰	U+2CCF0	E
𬳹	U+2CCF9	E
𬳺	U+2CCFA	E
𬳼	U+2CCFC	E
𬴄	U+2CD04	E
𬴈	U+2CD08	E
𬴉	U+2CD09	E
𬴑	U+2CD11	E
𬴒	U+2CD12	E
𬴓	U+2CD13	E
𬴔	U+2CD14	E
𬴕	U+2CD15	E
𬴖	U+2CD16	E
𬴗	U+2CD17	E
𬴘	U+2CD18	E
𬴚	U+2CD1A	E
𬴜	U+2CD1C	E
𬴝	U+2CD1D	E
𬴞	U+2CD1E	E
𬴟	U+2CD1F	E
𬴠	U+2CD20	E
𬴡	U+2CD21	E
𬴢	U+2CD22	E
𬴣	U+2CD23	E
𬴤	U+2CD24	E
𬴥	U+2CD25	E
𬴦	U+2CD26	E
𬴧	U+2CD27	E
𬴫	U+2CD2B	E
𬴬	U+2CD2C	E
𬴭	U+2CD2D	E
𬴯	U+2CD2F	E
𬴰	U+2CD30	E
𬴱	U+2CD31	E
𬴲	U+2CD32	E
𬴳	U+2CD33	E
𬴵	U+2CD35	E
𬴶	U+2CD36	E
𬴷	U+2CD37	E
𬴸	U+2CD38	E
𬴹	U+2CD39	E
𬴺	U+2CD3A	E
𬴻	U+2CD3B	E
𬴼	U+2CD3C	E
𬴽	U+2CD3D	E
𬴾	U+2CD3E	E
𬴿	U+2CD3F	E
𬵁	U+2CD41	E
𬵂	U+2CD42	E
𬵃	U+2CD43	E
𬵄	U+2CD44	E
𬵅	U+2CD45	E
𬵆	U+2CD46	E
𬵇	U+2CD47	E
𬵈	U+2CD48	E
𬵉	U+2CD49	E
𬵊	U+2CD4A	E
𬵋	U+2CD4B	E
𬵌	U+2CD4C	E
𬵍	U+2CD4D	E
𬵎	U+2CD4E	E
𬵏	U+2CD4F	E
𬵐	U+2CD50	E
𬵑	U+2CD51	E
𬵒	U+2CD52	E
𬵔	U+2CD54	E
𬵕	U+2CD55	E
𬵖	U+2CD56	E
𬵗	U+2CD57	E
𬵘	U+2CD58	E
𬵚	U+2CD5A	E
𬵜	U+2CD5C	E
𬵝	U+2CD5D	E
𬵞	U+2CD5E	E
𬵟	U+2CD5F	E
𬵠	U+2CD60	E
𬵡	U+2CD61	E
𬵢	U+2CD62	E
𬵣	U+2CD63	E
𬵤	U+2CD64	E
𬵦	U+2CD66	E
𬵧	U+2CD67	E
𬵩	U+2CD69	E
𬵪	U+2CD6A	E
𬵫	U+2CD6B	E
𬵬	U+2CD6C	E
𬵭	U+2CD6D	E
𬵮	U+2CD6E	E
𬵯	U+2CD6F	E
𬵰	U+2CD70	E
𬵱	U+2CD71	E
𬵲	U+2CD72	E
𬵳	U+2CD73	E
𬵴	U+2CD74	E
𬵵	U+2CD75	E
𬵶	U+2CD76	E
𬵷	U+2CD77	E
𬵹	U+2CD79	E
𬵺	U+2CD7A	E
𬵻	U+2CD7B	E
𬵼	U+2CD7C	E
𬵽	U+2CD7D	E
𬵾	U+2CD7E	E
𬵿	U+2CD7F	E
𬶃	U+2CD83	E
𬶅	U+2CD85	E
𬶈	U+2CD88	E
𬶑	U+2CD91	E
𬶒	U+2CD92	E
𬶖	U+2CD96	E
𬶘	U+2CD98	E
𬶙	U+2CD99	E
𬶚	U+2CD9A	E
𬶜	U+2CD9C	E
𬶝	U+2CD9D	E
𬶡	U+2CDA1	E
𬶥	U+2CDA5	E
𬶩	U+2CDA9	E
𬶰	U+2CDB0	E
𬶳	U+2CDB3	E
𬶶	U+2CDB6	E
𬶷	U+2CDB7	E
𬶸	U+2CDB8	E
𬶹	U+2CDB9	E
𬶼	U+2CDBC	E
𬶽	U+2CDBD	E
𬶾	U+2CDBE	E
𬶿	U+2CDBF	E
𬷀	U+2CDC0	E
𬷁	U+2CDC1	E
𬷄	U+2CDC4	E
𬷆	U+2CDC6	E
𬷇	U+2CDC7	E
𬷉	U+2CDC9	E
𬷊	U+2CDCA	E
𬷋	U+2CDCB	E
𬷌	U+2CDCC	E
𬷍	U+2CDCD	E
𬷎	U+2CDCE	E
𬷐	U+2CDD0	E
𬷑	U+2CDD1	E
𬷒	U+2CDD2	E
𬷓	U+2CDD3	E
𬷔	U+2CDD4	E
𬷗	U+2CDD7	E
𬷘	U+2CDD8	E
𬷙	U+2CDD9	E
𬷝	U+2CDDD	E
𬷞	U+2CDDE	E
𬷟	U+2CDDF	E
𬷠	U+2CDE0	E
𬷡	U+2CDE1	E
𬷢	U+2CDE2	E
𬷤	U+2CDE4	E
𬷥	U+2CDE5	E
𬷦	U+2CDE6	E
𬷧	U+2CDE7	E
𬷨	U+2CDE8	E
𬷩	U+2CDE9	E
𬷪	U+2CDEA	E
𬷫	U+2CDEB	E
𬷬	U+2CDEC	E
𬷯	U+2CDEF	E
𬷰	U+2CDF0	E
𬷱	U+2CDF1	E
𬷲	U+2CDF2	E
𬷳	U+2CDF3	E
𬷴	U+2CDF4	E
𬷵	U+2CDF5	E
𬷶	U+2CDF6	E
𬷷	U+2CDF7	E
𬷸	U+2CDF8	E
𬷺	U+2CDFA	E
𬷻	U+2CDFB	E
𬷿	U+2CDFF	E
𬸃	U+2CE03	E
𬸄	U+2CE04	E
𬸇	U+2CE07	E
𬸋	U+2CE0B	E
𬸓	U+2CE13	E
𬸔	U+2CE14	E
𬸗	U+2CE17	E
𬸟	U+2CE1F	E
𬸫	U+2CE2B	E
𬸲	U+2CE32	E
𬸳	U+2CE33	E
𬸴	U+2CE34	E
𬸺	U+2CE3A	E
𬸼	U+2CE3C	E
𬸽	U+2CE3D	E
𬸿	U+2CE3F	E
𬹀	U+2CE40	E
𬹂	U+2CE42	E
𬹆	U+2CE46	E
𬹈	U+2CE48	E
𬹊	U+2CE4A	E
𬹏	U+2CE4F	E
𬹑	U+2CE51	E
𬹒	U+2CE52	E
𬹓	U+2CE53	E
𬹔	U+2CE54	E
𬹙	U+2CE59	E
𬹚	U+2CE5A	E
𬹛	U+2CE5B	E
𬹜	U+2CE5C	E
𬹞	U+2CE5E	E
𬹟	U+2CE5F	E
𬹠	U+2CE60	E
𬹡	U+2CE61	E
𬹢	U+2CE62	E
𬹤	U+2CE64	E
𬹥	U+2CE65	E
𬹦	U+2CE66	E
𬹧	U+2CE67	E
𬹨	U+2CE68	E
𬹩	U+2CE69	E
𬹪	U+2CE6A	E
𬹫	U+2CE6B	E
𬹬	U+2CE6C	E
𬹭	U+2CE6D	E
𬹮	U+2CE6E	E
𬹯	U+2CE6F	E
𬹰	U+2CE70	E
𬹲	U+2CE72	E
𬹳	U+2CE73	E
𬹵	U+2CE75	E
𬹶	U+2CE76	E
𬹷	U+2CE77	E
𬹸	U+2CE78	E
𬹹	U+2CE79	E
𬹾	U+2CE7E	E
𬹿	U+2CE7F	E
𬺆	U+2CE86	E
𬺐	U+2CE90	E
𬺑	U+2CE91	E
𬺗	U+2CE97	E
𬺘	U+2CE98	E
𬺙	U+2CE99	E
𬺚	U+2CE9A	E
𬺛	U+2CE9B	E
𬺝	U+2CE9D	E
𬺠	U+2CEA0	E
𬺡	U+2CEA1	E
𬺰	U+2CEB0	F
𬺱	U+2CEB1	F
𬺲	U+2CEB2	F
𬺳	U+2CEB3	F
𬺴	U+2CEB4	F
𬺵	U+2CEB5	F
𬺶	U+2CEB6	F
𬺷	U+2CEB7	F
𬺸	U+2CEB8	F
𬺹	U+2CEB9	F
𬺺	U+2CEBA	F
𬺻	U+2CEBB	F
𬺼	U+2CEBC	F
𬺽	U+2CEBD	F
𬺾	U+2CEBE	F
𬺿	U+2CEBF	F
𬻀	U+2CEC0	F
𬻁	U+2CEC1	F
𬻂	U+2CEC2	F
𬻃	U+2CEC3	F
𬻄	U+2CEC4	F
𬻅	U+2CEC5	F
𬻆	U+2CEC6	F
𬻇	U+2CEC7	F
𬻈	U+2CEC8	F
𬻉	U+2CEC9	F
𬻊	U+2CECA	F
𬻋	U+2CECB	F
𬻌	U+2CECC	F
𬻍	U+2CECD	F
𬻎	U+2CECE	F
𬻏	U+2CECF	F
𬻐	U+2CED0	F
𬻑	U+2CED1	F
𬻒	U+2CED2	F
𬻓	U+2CED3	F
𬻔	U+2CED4	F
𬻕	U+2CED5	F
𬻖	U+2CED6	F
𬻗	U+2CED7	F
𬻘	U+2CED8	F
𬻙	U+2CED9	F
𬻚	U+2CEDA	F
𬻛	U+2CEDB	F
𬻜	U+2CEDC	F
𬻝	U+2CEDD	F
𬻞	U+2CEDE	F
𬻟	U+2CEDF	F
𬻠	U+2CEE0	F
𬻡	U+2CEE1	F
𬻢	U+2CEE2	F
𬻣	U+2CEE3	F
𬻤	U+2CEE4	F
𬻥	U+2CEE5	F
𬻦	U+2CEE6	F
𬻧	U+2CEE7	F
𬻨	U+2CEE8	F
𬻩	U+2CEE9	F
𬻪	U+2CEEA	F
𬻫	U+2CEEB	F
𬻬	U+2CEEC	F
𬻭	U+2CEED	F
𬻮	U+2CEEE	F
𬻯	U+2CEEF	F
𬻰	U+2CEF0	F
𬻱	U+2CEF1	F
𬻲	U+2CEF2	F
𬻳	U+2CEF3	F
𬻴	U+2CEF4	F
𬻵	U+2CEF5	F
𬻶	U+2CEF6	F
𬻷	U+2CEF7	F
𬻸	U+2CEF8	F
𬻹	U+2CEF9	F
𬻺	U+2CEFA	F
𬻻	U+2CEFB	F
𬻼	U+2CEFC	F
𬻽	U+2CEFD	F
𬻾	U+2CEFE	F
𬻿	U+2CEFF	F
𬼀	U+2CF00	F
𬼁	U+2CF01	F
𬼂	U+2CF02	F
𬼃	U+2CF03	F
𬼄	U+2CF04	F
𬼅	U+2CF05	F
𬼆	U+2CF06	F
𬼇	U+2CF07	F
𬼈	U+2CF08	F
𬼉	U+2CF09	F
𬼊	U+2CF0A	F
𬼋	U+2CF0B	F
𬼌	U+2CF0C	F
𬼍	U+2CF0D	F
𬼎	U+2CF0E	F
𬼏	U+2CF0F	F
𬼐	U+2CF10	F
𬼑	U+2CF11	F
𬼒	U+2CF12	F
𬼓	U+2CF13	F
𬼔	U+2CF14	F
𬼕	U+2CF15	F
𬼖	U+2CF16	F
𬼗	U+2CF17	F
𬼘	U+2CF18	F
𬼙	U+2CF19	F
𬼚	U+2CF1A	F
𬼛	U+2CF1B	F
𬼜	U+2CF1C	F
𬼝	U+2CF1D	F
𬼞	U+2CF1E	F
𬼟	U+2CF1F	F
𬼠	U+2CF20	F
𬼡	U+2CF21	F
𬼢	U+2CF22	F
𬼣	U+2CF23	F
𬼤	U+2CF24	F
𬼥	U+2CF25	F
𬼦	U+2CF26	F
𬼧	U+2CF27	F
𬼨	U+2CF28	F
𬼩	U+2CF29	F
𬼪	U+2CF2A	F
𬼫	U+2CF2B	F
𬼬	U+2CF2C	F
𬼭	U+2CF2D	F
𬼮	U+2CF2E	F
𬼯	U+2CF2F	F
𬼰	U+2CF30	F
𬼱	U+2CF31	F
𬼲	U+2CF32	F
𬼳	U+2CF33	F
𬼴	U+2CF34	F
𬼵	U+2CF35	F
𬼶	U+2CF36	F
𬼷	U+2CF37	F
𬼸	U+2CF38	F
𬼹	U+2CF39	F
𬼺	U+2CF3A	F
𬼻	U+2CF3B	F
𬼼	U+2CF3C	F
𬼽	U+2CF3D	F
𬼾	U+2CF3E	F
𬼿	U+2CF3F	F
𬽀	U+2CF40	F
𬽁	U+2CF41	F
𬽂	U+2CF42	F
𬽃	U+2CF43	F
𬽄	U+2CF44	F
𬽅	U+2CF45	F
𬽆	U+2CF46	F
𬽇	U+2CF47	F
𬽈	U+2CF48	F
𬽉	U+2CF49	F
𬽊	U+2CF4A	F
𬽋	U+2CF4B	F
𬽌	U+2CF4C	F
𬽍	U+2CF4D	F
𬽎	U+2CF4E	F
𬽏	U+2CF4F	F
𬽐	U+2CF50	F
𬽑	U+2CF51	F
𬽒	U+2CF52	F
𬽓	U+2CF53	F
𬽔	U+2CF54	F
𬽕	U+2CF55	F
𬽖	U+2CF56	F
𬽗	U+2CF57	F
𬽘	U+2CF58	F
𬽙	U+2CF59	F
𬽚	U+2CF5A	F
𬽛	U+2CF5B	F
𬽜	U+2CF5C	F
𬽝	U+2CF5D	F
𬽞	U+2CF5E	F
𬽟	U+2CF5F	F
𬽠	U+2CF60	F
𬽡	U+2CF61	F
𬽢	U+2CF62	F
𬽣	U+2CF63	F
𬽤	U+2CF64	F
𬽥	U+2CF65	F
𬽦	U+2CF66	F
𬽧	U+2CF67	F
𬽨	U+2CF68	F
𬽩	U+2CF69	F
𬽪	U+2CF6A	F
𬽫	U+2CF6B	F
𬽬	U+2CF6C	F
𬽭	U+2CF6D	F
𬽮	U+2CF6E	F
𬽯	U+2CF6F	F
𬽰	U+2CF70	F
𬽱	U+2CF71	F
𬽲	U+2CF72	F
𬽳	U+2CF73	F
𬽴	U+2CF74	F
𬽵	U+2CF75	F
𬽶	U+2CF76	F
𬽷	U+2CF77	F
𬽸	U+2CF78	F
𬽹	U+2CF79	F
𬽺	U+2CF7A	F
𬽻	U+2CF7B	F
𬽼	U+2CF7C	F
𬽽	U+2CF7D	F
𬽾	U+2CF7E	F
𬽿	U+2CF7F	F
𬾀	U+2CF80	F
𬾁	U+2CF81	F
𬾂	U+2CF82	F
𬾃	U+2CF83	F
𬾄	U+2CF84	F
𬾅	U+2CF85	F
𬾆	U+2CF86	F
𬾇	U+2CF87	F
𬾈	U+2CF88	F
𬾉	U+2CF89	F
𬾊	U+2CF8A	F
𬾋	U+2CF8B	F
𬾌	U+2CF8C	F
𬾍	U+2CF8D	F
𬾎	U+2CF8E	F
𬾏	U+2CF8F	F
𬾐	U+2CF90	F
𬾑	U+2CF91	F
𬾒	U+2CF92	F
𬾓	U+2CF93	F
𬾔	U+2CF94	F
𬾕	U+2CF95	F
𬾖	U+2CF96	F
𬾗	U+2CF97	F
𬾘	U+2CF98	F
𬾙	U+2CF99	F
𬾚	U+2CF9A	F
𬾛	U+2CF9B	F
𬾜	U+2CF9C	F
𬾝	U+2CF9D	F
𬾞	U+2CF9E	F
𬾟	U+2CF9F	F
𬾠	U+2CFA0	F
𬾡	U+2CFA1	F
𬾢	U+2CFA2	F
𬾣	U+2CFA3	F
𬾤	U+2CFA4	F
𬾥	U+2CFA5	F
𬾦	U+2CFA6	F
𬾧	U+2CFA7	F
𬾨	U+2CFA8	F
𬾩	U+2CFA9	F
𬾪	U+2CFAA	F
𬾫	U+2CFAB	F
𬾬	U+2CFAC	F
𬾭	U+2CFAD	F
𬾮	U+2CFAE	F
𬾯	U+2CFAF	F
𬾰	U+2CFB0	F
𬾱	U+2CFB1	F
𬾲	U+2CFB2	F
𬾳	U+2CFB3	F
𬾴	U+2CFB4	F
𬾵	U+2CFB5	F
𬾶	U+2CFB6	F
𬾷	U+2CFB7	F
𬾸	U+2CFB8	F
𬾹	U+2CFB9	F
𬾺	U+2CFBA	F
𬾻	U+2CFBB	F
𬾼	U+2CFBC	F
𬾽	U+2CFBD	F
𬾾	U+2CFBE	F
𬾿	U+2CFBF	F
𬿀	U+2CFC0	F
𬿁	U+2CFC1	F
𬿂	U+2CFC2	F
𬿃	U+2CFC3	F
𬿄	U+2CFC4	F
𬿅	U+2CFC5	F
𬿆	U+2CFC6	F
𬿇	U+2CFC7	F
𬿈	U+2CFC8	F
𬿉	U+2CFC9	F
𬿊	U+2CFCA	F
𬿋	U+2CFCB	F
𬿌	U+2CFCC	F
𬿍	U+2CFCD	F
𬿎	U+2CFCE	F
𬿏	U+2CFCF	F
𬿐	U+2CFD0	F
𬿑	U+2CFD1	F
𬿒	U+2CFD2	F
𬿓	U+2CFD3	F
𬿔	U+2CFD4	F
𬿕	U+2CFD5	F
𬿖	U+2CFD6	F
𬿗	U+2CFD7	F
𬿘	U+2CFD8	F
𬿙	U+2CFD9	F
𬿚	U+2CFDA	F
𬿛	U+2CFDB	F
𬿜	U+2CFDC	F
𬿝	U+2CFDD	F
𬿞	U+2CFDE	F
𬿟	U+2CFDF	F
𬿠	U+2CFE0	F
𬿡	U+2CFE1	F
𬿢	U+2CFE2	F
𬿣	U+2CFE3	F
𬿤	U+2CFE4	F
𬿥	U+2CFE5	F
𬿦	U+2CFE6	F
𬿧	U+2CFE7	F
𬿨	U+2CFE8	F
𬿩	U+2CFE9	F
𬿪	U+2CFEA	F
𬿫	U+2CFEB	F
𬿬	U+2CFEC	F
𬿭	U+2CFED	F
𬿮	U+2CFEE	F
𬿯	U+2CFEF	F
𬿰	U+2CFF0	F
𬿱	U+2CFF1	F
𬿲	U+2CFF2	F
𬿳	U+2CFF3	F
𬿴	U+2CFF4	F
𬿵	U+2CFF5	F
𬿶	U+2CFF6	F
𬿷	U+2CFF7	F
𬿸	U+2CFF8	F
𬿹	U+2CFF9	F
𬿺	U+2CFFA	F
𬿻	U+2CFFB	F
𬿼	U+2CFFC	F
𬿽	U+2CFFD	F
𬿾	U+2CFFE	F
𬿿	U+2CFFF	F
𭀀	U+2D000	F
𭀁	U+2D001	F
𭀂	U+2D002	F
𭀃	U+2D003	F
𭀄	U+2D004	F
𭀅	U+2D005	F
𭀆	U+2D006	F
𭀇	U+2D007	F
𭀈	U+2D008	F
𭀉	U+2D009	F
𭀊	U+2D00A	F
𭀋	U+2D00B	F
𭀌	U+2D00C	F
𭀍	U+2D00D	F
𭀎	U+2D00E	F
𭀏	U+2D00F	F
𭀐	U+2D010	F
𭀑	U+2D011	F
𭀒	U+2D012	F
𭀓	U+2D013	F
𭀔	U+2D014	F
𭀕	U+2D015	F
𭀗	U+2D017	F
𭀘	U+2D018	F
𭀙	U+2D019	F
𭀚	U+2D01A	F
𭀛	U+2D01B	F
𭀜	U+2D01C	F
𭀝	U+2D01D	F
𭀞	U+2D01E	F
𭀟	U+2D01F	F
𭀠	U+2D020	F
𭀡	U+2D021	F
𭀢	U+2D022	F
𭀣	U+2D023	F
𭀤	U+2D024	F
𭀥	U+2D025	F
𭀦	U+2D026	F
𭀧	U+2D027	F
𭀨	U+2D028	F
𭀩	U+2D029	F
𭀪	U+2D02A	F
𭀫	U+2D02B	F
𭀬	U+2D02C	F
𭀭	U+2D02D	F
𭀮	U+2D02E	F
𭀯	U+2D02F	F
𭀰	U+2D030	F
𭀱	U+2D031	F
𭀲	U+2D032	F
𭀳	U+2D033	F
𭀴	U+2D034	F
𭀵	U+2D035	F
𭀶	U+2D036	F
𭀷	U+2D037	F
𭀸	U+2D038	F
𭀹	U+2D039	F
𭀺	U+2D03A	F
𭀻	U+2D03B	F
𭀼	U+2D03C	F
𭀽	U+2D03D	F
𭀾	U+2D03E	F
𭀿	U+2D03F	F
𭁀	U+2D040	F
𭁁	U+2D041	F
𭁂	U+2D042	F
𭁃	U+2D043	F
𭁄	U+2D044	F
𭁅	U+2D045	F
𭁆	U+2D046	F
𭁇	U+2D047	F
𭁈	U+2D048	F
𭁉	U+2D049	F
𭁊	U+2D04A	F
𭁋	U+2D04B	F
𭁌	U+2D04C	F
𭁍	U+2D04D	F
𭁎	U+2D04E	F
𭁏	U+2D04F	F
𭁐	U+2D050	F
𭁑	U+2D051	F
𭁒	U+2D052	F
𭁓	U+2D053	F
𭁔	U+2D054	F
𭁕	U+2D055	F
𭁖	U+2D056	F
𭁗	U+2D057	F
𭁘	U+2D058	F
𭁙	U+2D059	F
𭁚	U+2D05A	F
𭁛	U+2D05B	F
𭁜	U+2D05C	F
𭁝	U+2D05D	F
𭁞	U+2D05E	F
𭁟	U+2D05F	F
𭁠	U+2D060	F
𭁡	U+2D061	F
𭁢	U+2D062	F
𭁣	U+2D063	F
𭁤	U+2D064	F
𭁥	U+2D065	F
𭁦	U+2D066	F
𭁧	U+2D067	F
𭁨	U+2D068	F
𭁩	U+2D069	F
𭁪	U+2D06A	F
𭁫	U+2D06B	F
𭁬	U+2D06C	F
𭁭	U+2D06D	F
𭁮	U+2D06E	F
𭁯	U+2D06F	F
𭁰	U+2D070	F
𭁱	U+2D071	F
𭁲	U+2D072	F
𭁳	U+2D073	F
𭁴	U+2D074	F
𭁵	U+2D075	F
𭁶	U+2D076	F
𭁷	U+2D077	F
𭁸	U+2D078	F
𭁹	U+2D079	F
𭁺	U+2D07A	F
𭁻	U+2D07B	F
𭁼	U+2D07C	F
𭁽	U+2D07D	F
𭁾	U+2D07E	F
𭁿	U+2D07F	F
𭂀	U+2D080	F
𭂁	U+2D081	F
𭂂	U+2D082	F
𭂃	U+2D083	F
𭂄	U+2D084	F
𭂅	U+2D085	F
𭂆	U+2D086	F
𭂇	U+2D087	F
𭂈	U+2D088	F
𭂉	U+2D089	F
𭂊	U+2D08A	F
𭂋	U+2D08B	F
𭂌	U+2D08C	F
𭂍	U+2D08D	F
𭂎	U+2D08E	F
𭂏	U+2D08F	F
𭂐	U+2D090	F
𭂑	U+2D091	F
𭂒	U+2D092	F
𭂓	U+2D093	F
𭂔	U+2D094	F
𭂕	U+2D095	F
𭂖	U+2D096	F
𭂗	U+2D097	F
𭂘	U+2D098	F
𭂙	U+2D099	F
𭂚	U+2D09A	F
𭂛	U+2D09B	F
𭂜	U+2D09C	F
𭂝	U+2D09D	F
𭂞	U+2D09E	F
𭂟	U+2D09F	F
𭂠	U+2D0A0	F
𭂡	U+2D0A1	F
𭂢	U+2D0A2	F
𭂣	U+2D0A3	F
𭂤	U+2D0A4	F
𭂥	U+2D0A5	F
𭂦	U+2D0A6	F
𭂧	U+2D0A7	F
𭂨	U+2D0A8	F
𭂩	U+2D0A9	F
𭂪	U+2D0AA	F
𭂫	U+2D0AB	F
𭂬	U+2D0AC	F
𭂭	U+2D0AD	F
𭂮	U+2D0AE	F
𭂯	U+2D0AF	F
𭂰	U+2D0B0	F
𭂱	U+2D0B1	F
𭂲	U+2D0B2	F
𭂳	U+2D0B3	F
𭂴	U+2D0B4	F
𭂵	U+2D0B5	F
𭂶	U+2D0B6	F
𭂷	U+2D0B7	F
𭂸	U+2D0B8	F
𭂹	U+2D0B9	F
𭂺	U+2D0BA	F
𭂻	U+2D0BB	F
𭂼	U+2D0BC	F
𭂽	U+2D0BD	F
𭂾	U+2D0BE	F
𭂿	U+2D0BF	F
𭃀	U+2D0C0	F
𭃁	U+2D0C1	F
𭃂	U+2D0C2	F
𭃃	U+2D0C3	F
𭃄	U+2D0C4	F
𭃅	U+2D0C5	F
𭃆	U+2D0C6	F
𭃇	U+2D0C7	F
𭃈	U+2D0C8	F
𭃉	U+2D0C9	F
𭃊	U+2D0CA	F
𭃋	U+2D0CB	F
𭃌	U+2D0CC	F
𭃍	U+2D0CD	F
𭃎	U+2D0CE	F
𭃏	U+2D0CF	F
𭃐	U+2D0D0	F
𭃑	U+2D0D1	F
𭃒	U+2D0D2	F
𭃓	U+2D0D3	F
𭃔	U+2D0D4	F
𭃕	U+2D0D5	F
𭃖	U+2D0D6	F
𭃗	U+2D0D7	F
𭃘	U+2D0D8	F
𭃙	U+2D0D9	F
𭃚	U+2D0DA	F
𭃛	U+2D0DB	F
𭃜	U+2D0DC	F
𭃝	U+2D0DD	F
𭃞	U+2D0DE	F
𭃟	U+2D0DF	F
𭃠	U+2D0E0	F
𭃡	U+2D0E1	F
𭃢	U+2D0E2	F
𭃣	U+2D0E3	F
𭃤	U+2D0E4	F
𭃥	U+2D0E5	F
𭃦	U+2D0E6	F
𭃧	U+2D0E7	F
𭃨	U+2D0E8	F
𭃩	U+2D0E9	F
𭃪	U+2D0EA	F
𭃫	U+2D0EB	F
𭃬	U+2D0EC	F
𭃭	U+2D0ED	F
𭃮	U+2D0EE	F
𭃯	U+2D0EF	F
𭃰	U+2D0F0	F
𭃱	U+2D0F1	F
𭃲	U+2D0F2	F
𭃳	U+2D0F3	F
𭃴	U+2D0F4	F
𭃵	U+2D0F5	F
𭃶	U+2D0F6	F
𭃷	U+2D0F7	F
𭃸	U+2D0F8	F
𭃹	U+2D0F9	F
𭃺	U+2D0FA	F
𭃻	U+2D0FB	F
𭃼	U+2D0FC	F
𭃽	U+2D0FD	F
𭃾	U+2D0FE	F
𭃿	U+2D0FF	F
𭄀	U+2D100	F
𭄁	U+2D101	F
𭄂	U+2D102	F
𭄃	U+2D103	F
𭄄	U+2D104	F
𭄅	U+2D105	F
𭄆	U+2D106	F
𭄇	U+2D107	F
𭄈	U+2D108	F
𭄉	U+2D109	F
𭄊	U+2D10A	F
𭄋	U+2D10B	F
𭄌	U+2D10C	F
𭄍	U+2D10D	F
𭄎	U+2D10E	F
𭄏	U+2D10F	F
𭄐	U+2D110	F
𭄑	U+2D111	F
𭄒	U+2D112	F
𭄓	U+2D113	F
𭄔	U+2D114	F
𭄕	U+2D115	F
𭄖	U+2D116	F
𭄗	U+2D117	F
𭄘	U+2D118	F
𭄙	U+2D119	F
𭄚	U+2D11A	F
𭄜	U+2D11C	F
𭄝	U+2D11D	F
𭄞	U+2D11E	F
𭄟	U+2D11F	F
𭄠	U+2D120	F
𭄡	U+2D121	F
𭄢	U+2D122	F
𭄣	U+2D123	F
𭄤	U+2D124	F
𭄦	U+2D126	F
𭄧	U+2D127	F
𭄨	U+2D128	F
𭄩	U+2D129	F
𭄪	U+2D12A	F
𭄫	U+2D12B	F
𭄬	U+2D12C	F
𭄭	U+2D12D	F
𭄮	U+2D12E	F
𭄯	U+2D12F	F
𭄰	U+2D130	F
𭄱	U+2D131	F
𭄲	U+2D132	F
𭄳	U+2D133	F
𭄴	U+2D134	F
𭄵	U+2D135	F
𭄶	U+2D136	F
𭄷	U+2D137	F
𭄸	U+2D138	F
𭄹	U+2D139	F
𭄺	U+2D13A	F
𭄻	U+2D13B	F
𭄼	U+2D13C	F
𭄽	U+2D13D	F
𭄾	U+2D13E	F
𭄿	U+2D13F	F
𭅀	U+2D140	F
𭅁	U+2D141	F
𭅂	U+2D142	F
𭅃	U+2D143	F
𭅄	U+2D144	F
𭅅	U+2D145	F
𭅆	U+2D146	F
𭅇	U+2D147	F
𭅈	U+2D148	F
𭅉	U+2D149	F
𭅊	U+2D14A	F
𭅋	U+2D14B	F
𭅌	U+2D14C	F
𭅍	U+2D14D	F
𭅎	U+2D14E	F
𭅏	U+2D14F	F
𭅐	U+2D150	F
𭅑	U+2D151	F
𭅒	U+2D152	F
𭅓	U+2D153	F
𭅔	U+2D154	F
𭅕	U+2D155	F
𭅖	U+2D156	F
𭅗	U+2D157	F
𭅘	U+2D158	F
𭅙	U+2D159	F
𭅚	U+2D15A	F
𭅛	U+2D15B	F
𭅜	U+2D15C	F
𭅝	U+2D15D	F
𭅞	U+2D15E	F
𭅟	U+2D15F	F
𭅠	U+2D160	F
𭅢	U+2D162	F
𭅣	U+2D163	F
𭅤	U+2D164	F
𭅥	U+2D165	F
𭅦	U+2D166	F
𭅧	U+2D167	F
𭅨	U+2D168	F
𭅩	U+2D169	F
𭅪	U+2D16A	F
𭅫	U+2D16B	F
𭅬	U+2D16C	F
𭅭	U+2D16D	F
𭅮	U+2D16E	F
𭅯	U+2D16F	F
𭅰	U+2D170	F
𭅱	U+2D171	F
𭅲	U+2D172	F
𭅳	U+2D173	F
𭅴	U+2D174	F
𭅵	U+2D175	F
𭅶	U+2D176	F
𭅷	U+2D177	F
𭅸	U+2D178	F
𭅹	U+2D179	F
𭅺	U+2D17A	F
𭅻	U+2D17B	F
𭅼	U+2D17C	F
𭅽	U+2D17D	F
𭅾	U+2D17E	F
𭅿	U+2D17F	F
𭆀	U+2D180	F
𭆁	U+2D181	F
𭆂	U+2D182	F
𭆃	U+2D183	F
𭆄	U+2D184	F
𭆅	U+2D185	F
𭆆	U+2D186	F
𭆇	U+2D187	F
𭆈	U+2D188	F
𭆉	U+2D189	F
𭆊	U+2D18A	F
𭆋	U+2D18B	F
𭆌	U+2D18C	F
𭆍	U+2D18D	F
𭆎	U+2D18E	F
𭆏	U+2D18F	F
𭆐	U+2D190	F
𭆑	U+2D191	F
𭆒	U+2D192	F
𭆓	U+2D193	F
𭆔	U+2D194	F
𭆕	U+2D195	F
𭆖	U+2D196	F
𭆗	U+2D197	F
𭆘	U+2D198	F
𭆙	U+2D199	F
𭆚	U+2D19A	F
𭆛	U+2D19B	F
𭆜	U+2D19C	F
𭆝	U+2D19D	F
𭆞	U+2D19E	F
𭆟	U+2D19F	F
𭆠	U+2D1A0	F
𭆡	U+2D1A1	F
𭆢	U+2D1A2	F
𭆣	U+2D1A3	F
𭆤	U+2D1A4	F
𭆥	U+2D1A5	F
𭆦	U+2D1A6	F
𭆧	U+2D1A7	F
𭆨	U+2D1A8	F
𭆩	U+2D1A9	F
𭆪	U+2D1AA	F
𭆫	U+2D1AB	F
𭆬	U+2D1AC	F
𭆭	U+2D1AD	F
𭆮	U+2D1AE	F
𭆯	U+2D1AF	F
𭆰	U+2D1B0	F
𭆱	U+2D1B1	F
𭆲	U+2D1B2	F
𭆳	U+2D1B3	F
𭆴	U+2D1B4	F
𭆵	U+2D1B5	F
𭆶	U+2D1B6	F
𭆷	U+2D1B7	F
𭆸	U+2D1B8	F
𭆹	U+2D1B9	F
𭆺	U+2D1BA	F
𭆻	U+2D1BB	F
𭆼	U+2D1BC	F
𭆽	U+2D1BD	F
𭆾	U+2D1BE	F
𭆿	U+2D1BF	F
𭇀	U+2D1C0	F
𭇁	U+2D1C1	F
𭇂	U+2D1C2	F
𭇃	U+2D1C3	F
𭇄	U+2D1C4	F
𭇅	U+2D1C5	F
𭇆	U+2D1C6	F
𭇇	U+2D1C7	F
𭇈	U+2D1C8	F
𭇉	U+2D1C9	F
𭇊	U+2D1CA	F
𭇋	U+2D1CB	F
𭇌	U+2D1CC	F
𭇍	U+2D1CD	F
𭇎	U+2D1CE	F
𭇏	U+2D1CF	F
𭇐	U+2D1D0	F
𭇑	U+2D1D1	F
𭇓	U+2D1D3	F
𭇔	U+2D1D4	F
𭇕	U+2D1D5	F
𭇖	U+2D1D6	F
𭇗	U+2D1D7	F
𭇘	U+2D1D8	F
𭇙	U+2D1D9	F
𭇚	U+2D1DA	F
𭇛	U+2D1DB	F
𭇝	U+2D1DD	F
𭇞	U+2D1DE	F
𭇟	U+2D1DF	F
𭇠	U+2D1E0	F
𭇡	U+2D1E1	F
𭇢	U+2D1E2	F
𭇣	U+2D1E3	F
𭇤	U+2D1E4	F
𭇥	U+2D1E5	F
𭇦	U+2D1E6	F
𭇧	U+2D1E7	F
𭇨	U+2D1E8	F
𭇩	U+2D1E9	F
𭇪	U+2D1EA	F
𭇫	U+2D1EB	F
𭇬	U+2D1EC	F
𭇭	U+2D1ED	F
𭇮	U+2D1EE	F
𭇰	U+2D1F0	F
𭇱	U+2D1F1	F
𭇲	U+2D1F2	F
𭇳	U+2D1F3	F
𭇴	U+2D1F4	F
𭇵	U+2D1F5	F
𭇶	U+2D1F6	F
𭇷	U+2D1F7	F
𭇸	U+2D1F8	F
𭇹	U+2D1F9	F
𭇺	U+2D1FA	F
𭇻	U+2D1FB	F
𭇼	U+2D1FC	F
𭇽	U+2D1FD	F
𭇾	U+2D1FE	F
𭇿	U+2D1FF	F
𭈀	U+2D200	F
𭈁	U+2D201	F
𭈂	U+2D202	F
𭈃	U+2D203	F
𭈄	U+2D204	F
𭈅	U+2D205	F
𭈆	U+2D206	F
𭈇	U+2D207	F
𭈊	U+2D20A	F
𭈋	U+2D20B	F
𭈌	U+2D20C	F
𭈍	U+2D20D	F
𭈎	U+2D20E	F
𭈏	U+2D20F	F
𭈐	U+2D210	F
𭈑	U+2D211	F
𭈒	U+2D212	F
𭈓	U+2D213	F
𭈔	U+2D214	F
𭈕	U+2D215	F
𭈖	U+2D216	F
𭈗	U+2D217	F
𭈘	U+2D218	F
𭈙	U+2D219	F
𭈚	U+2D21A	F
𭈛	U+2D21B	F
𭈜	U+2D21C	F
𭈝	U+2D21D	F
𭈞	U+2D21E	F
𭈟	U+2D21F	F
𭈠	U+2D220	F
𭈡	U+2D221	F
𭈢	U+2D222	F
𭈣	U+2D223	F
𭈤	U+2D224	F
𭈥	U+2D225	F
𭈦	U+2D226	F
𭈧	U+2D227	F
𭈨	U+2D228	F
𭈩	U+2D229	F
𭈪	U+2D22A	F
𭈫	U+2D22B	F
𭈬	U+2D22C	F
𭈭	U+2D22D	F
𭈯	U+2D22F	F
𭈰	U+2D230	F
𭈱	U+2D231	F
𭈲	U+2D232	F
𭈳	U+2D233	F
𭈴	U+2D234	F
𭈵	U+2D235	F
𭈶	U+2D236	F
𭈷	U+2D237	F
𭈸	U+2D238	F
𭈹	U+2D239	F
𭈺	U+2D23A	F
𭈻	U+2D23B	F
𭈼	U+2D23C	F
𭈽	U+2D23D	F
𭈾	U+2D23E	F
𭈿	U+2D23F	F
𭉀	U+2D240	F
𭉁	U+2D241	F
𭉂	U+2D242	F
𭉃	U+2D243	F
𭉄	U+2D244	F
𭉅	U+2D245	F
𭉆	U+2D246	F
𭉇	U+2D247	F
𭉈	U+2D248	F
𭉉	U+2D249	F
𭉊	U+2D24A	F
𭉋	U+2D24B	F
𭉌	U+2D24C	F
𭉍	U+2D24D	F
𭉎	U+2D24E	F
𭉏	U+2D24F	F
𭉐	U+2D250	F
𭉑	U+2D251	F
𭉒	U+2D252	F
𭉓	U+2D253	F
𭉔	U+2D254	F
𭉕	U+2D255	F
𭉖	U+2D256	F
𭉗	U+2D257	F
𭉘	U+2D258	F
𭉙	U+2D259	F
𭉚	U+2D25A	F
𭉛	U+2D25B	F
𭉜	U+2D25C	F
𭉝	U+2D25D	F
𭉞	U+2D25E	F
𭉟	U+2D25F	F
𭉠	U+2D260	F
𭉡	U+2D261	F
𭉢	U+2D262	F
𭉣	U+2D263	F
𭉤	U+2D264	F
𭉥	U+2D265	F
𭉦	U+2D266	F
𭉧	U+2D267	F
𭉩	U+2D269	F
𭉪	U+2D26A	F
𭉫	U+2D26B	F
𭉬	U+2D26C	F
𭉭	U+2D26D	F
𭉮	U+2D26E	F
𭉯	U+2D26F	F
𭉰	U+2D270	F
𭉱	U+2D271	F
𭉲	U+2D272	F
𭉳	U+2D273	F
𭉴	U+2D274	F
𭉵	U+2D275	F
𭉶	U+2D276	F
𭉷	U+2D277	F
𭉸	U+2D278	F
𭉹	U+2D279	F
𭉺	U+2D27A	F
𭉻	U+2D27B	F
𭉼	U+2D27C	F
𭉽	U+2D27D	F
𭉾	U+2D27E	F
𭉿	U+2D27F	F
𭊀	U+2D280	F
𭊁	U+2D281	F
𭊂	U+2D282	F
𭊃	U+2D283	F
𭊄	U+2D284	F
𭊅	U+2D285	F
𭊆	U+2D286	F
𭊇	U+2D287	F
𭊈	U+2D288	F
𭊉	U+2D289	F
𭊊	U+2D28A	F
𭊋	U+2D28B	F
𭊌	U+2D28C	F
𭊍	U+2D28D	F
𭊎	U+2D28E	F
𭊏	U+2D28F	F
𭊐	U+2D290	F
𭊑	U+2D291	F
𭊒	U+2D292	F
𭊓	U+2D293	F
𭊔	U+2D294	F
𭊕	U+2D295	F
𭊖	U+2D296	F
𭊗	U+2D297	F
𭊘	U+2D298	F
𭊙	U+2D299	F
𭊚	U+2D29A	F
𭊛	U+2D29B	F
𭊜	U+2D29C	F
𭊝	U+2D29D	F
𭊞	U+2D29E	F
𭊟	U+2D29F	F
𭊠	U+2D2A0	F
𭊡	U+2D2A1	F
𭊢	U+2D2A2	F
𭊣	U+2D2A3	F
𭊤	U+2D2A4	F
𭊥	U+2D2A5	F
𭊦	U+2D2A6	F
𭊧	U+2D2A7	F
𭊨	U+2D2A8	F
𭊩	U+2D2A9	F
𭊪	U+2D2AA	F
𭊫	U+2D2AB	F
𭊬	U+2D2AC	F
𭊭	U+2D2AD	F
𭊮	U+2D2AE	F
𭊯	U+2D2AF	F
𭊰	U+2D2B0	F
𭊱	U+2D2B1	F
𭊲	U+2D2B2	F
𭊳	U+2D2B3	F
𭊴	U+2D2B4	F
𭊵	U+2D2B5	F
𭊶	U+2D2B6	F
𭊷	U+2D2B7	F
𭊹	U+2D2B9	F
𭊺	U+2D2BA	F
𭊻	U+2D2BB	F
𭊼	U+2D2BC	F
𭊽	U+2D2BD	F
𭊾	U+2D2BE	F
𭊿	U+2D2BF	F
𭋀	U+2D2C0	F
𭋁	U+2D2C1	F
𭋂	U+2D2C2	F
𭋃	U+2D2C3	F
𭋄	U+2D2C4	F
𭋅	U+2D2C5	F
𭋆	U+2D2C6	F
𭋇	U+2D2C7	F
𭋈	U+2D2C8	F
𭋉	U+2D2C9	F
𭋊	U+2D2CA	F
𭋋	U+2D2CB	F
𭋌	U+2D2CC	F
𭋍	U+2D2CD	F
𭋎	U+2D2CE	F
𭋏	U+2D2CF	F
𭋐	U+2D2D0	F
𭋑	U+2D2D1	F
𭋒	U+2D2D2	F
𭋓	U+2D2D3	F
𭋔	U+2D2D4	F
𭋕	U+2D2D5	F
𭋖	U+2D2D6	F
𭋗	U+2D2D7	F
𭋘	U+2D2D8	F
𭋙	U+2D2D9	F
𭋚	U+2D2DA	F
𭋛	U+2D2DB	F
𭋜	U+2D2DC	F
𭋝	U+2D2DD	F
𭋞	U+2D2DE	F
𭋟	U+2D2DF	F
𭋠	U+2D2E0	F
𭋡	U+2D2E1	F
𭋢	U+2D2E2	F
𭋣	U+2D2E3	F
𭋤	U+2D2E4	F
𭋥	U+2D2E5	F
𭋦	U+2D2E6	F
𭋧	U+2D2E7	F
𭋨	U+2D2E8	F
𭋩	U+2D2E9	F
𭋪	U+2D2EA	F
𭋫	U+2D2EB	F
𭋬	U+2D2EC	F
𭋭	U+2D2ED	F
𭋮	U+2D2EE	F
𭋯	U+2D2EF	F
𭋰	U+2D2F0	F
𭋱	U+2D2F1	F
𭋲	U+2D2F2	F
𭋳	U+2D2F3	F
𭋴	U+2D2F4	F
𭋵	U+2D2F5	F
𭋶	U+2D2F6	F
𭋷	U+2D2F7	F
𭋸	U+2D2F8	F
𭋹	U+2D2F9	F
𭋺	U+2D2FA	F
𭋻	U+2D2FB	F
𭋼	U+2D2FC	F
𭋽	U+2D2FD	F
𭋾	U+2D2FE	F
𭋿	U+2D2FF	F
𭌀	U+2D300	F
𭌁	U+2D301	F
𭌂	U+2D302	F
𭌃	U+2D303	F
𭌄	U+2D304	F
𭌅	U+2D305	F
𭌆	U+2D306	F
𭌇	U+2D307	F
𭌈	U+2D308	F
𭌉	U+2D309	F
𭌊	U+2D30A	F
𭌋	U+2D30B	F
𭌌	U+2D30C	F
𭌍	U+2D30D	F
𭌎	U+2D30E	F
𭌏	U+2D30F	F
𭌐	U+2D310	F
𭌑	U+2D311	F
𭌒	U+2D312	F
𭌓	U+2D313	F
𭌔	U+2D314	F
𭌕	U+2D315	F
𭌖	U+2D316	F
𭌗	U+2D317	F
𭌘	U+2D318	F
𭌙	U+2D319	F
𭌚	U+2D31A	F
𭌛	U+2D31B	F
𭌜	U+2D31C	F
𭌝	U+2D31D	F
𭌞	U+2D31E	F
𭌟	U+2D31F	F
𭌠	U+2D320	F
𭌡	U+2D321	F
𭌢	U+2D322	F
𭌣	U+2D323	F
𭌤	U+2D324	F
𭌥	U+2D325	F
𭌦	U+2D326	F
𭌧	U+2D327	F
𭌨	U+2D328	F
𭌩	U+2D329	F
𭌪	U+2D32A	F
𭌫	U+2D32B	F
𭌬	U+2D32C	F
𭌭	U+2D32D	F
𭌮	U+2D32E	F
𭌯	U+2D32F	F
𭌰	U+2D330	F
𭌱	U+2D331	F
𭌲	U+2D332	F
𭌳	U+2D333	F
𭌴	U+2D334	F
𭌵	U+2D335	F
𭌶	U+2D336	F
𭌷	U+2D337	F
𭌸	U+2D338	F
𭌹	U+2D339	F
𭌺	U+2D33A	F
𭌻	U+2D33B	F
𭌼	U+2D33C	F
𭌽	U+2D33D	F
𭌾	U+2D33E	F
𭌿	U+2D33F	F
𭍀	U+2D340	F
𭍁	U+2D341	F
𭍂	U+2D342	F
𭍃	U+2D343	F
𭍄	U+2D344	F
𭍅	U+2D345	F
𭍆	U+2D346	F
𭍇	U+2D347	F
𭍈	U+2D348	F
𭍉	U+2D349	F
𭍊	U+2D34A	F
𭍋	U+2D34B	F
𭍌	U+2D34C	F
𭍍	U+2D34D	F
𭍎	U+2D34E	F
𭍏	U+2D34F	F
𭍐	U+2D350	F
𭍑	U+2D351	F
𭍒	U+2D352	F
𭍓	U+2D353	F
𭍔	U+2D354	F
𭍕	U+2D355	F
𭍖	U+2D356	F
𭍗	U+2D357	F
𭍘	U+2D358	F
𭍙	U+2D359	F
𭍚	U+2D35A	F
𭍛	U+2D35B	F
𭍜	U+2D35C	F
𭍝	U+2D35D	F
𭍞	U+2D35E	F
𭍟	U+2D35F	F
𭍠	U+2D360	F
𭍡	U+2D361	F
𭍢	U+2D362	F
𭍣	U+2D363	F
𭍤	U+2D364	F
𭍥	U+2D365	F
𭍦	U+2D366	F
𭍧	U+2D367	F
𭍨	U+2D368	F
𭍩	U+2D369	F
𭍪	U+2D36A	F
𭍫	U+2D36B	F
𭍬	U+2D36C	F
𭍭	U+2D36D	F
𭍮	U+2D36E	F
𭍯	U+2D36F	F
𭍰	U+2D370	F
𭍱	U+2D371	F
𭍲	U+2D372	F
𭍳	U+2D373	F
𭍴	U+2D374	F
𭍵	U+2D375	F
𭍶	U+2D376	F
𭍷	U+2D377	F
𭍸	U+2D378	F
𭍹	U+2D379	F
𭍺	U+2D37A	F
𭍻	U+2D37B	F
𭍼	U+2D37C	F
𭍽	U+2D37D	F
𭍾	U+2D37E	F
𭍿	U+2D37F	F
𭎀	U+2D380	F
𭎁	U+2D381	F
𭎃	U+2D383	F
𭎄	U+2D384	F
𭎅	U+2D385	F
𭎆	U+2D386	F
𭎇	U+2D387	F
𭎈	U+2D388	F
𭎉	U+2D389	F
𭎊	U+2D38A	F
𭎋	U+2D38B	F
𭎌	U+2D38C	F
𭎍	U+2D38D	F
𭎎	U+2D38E	F
𭎏	U+2D38F	F
𭎐	U+2D390	F
𭎑	U+2D391	F
𭎒	U+2D392	F
𭎓	U+2D393	F
𭎔	U+2D394	F
𭎕	U+2D395	F
𭎖	U+2D396	F
𭎗	U+2D397	F
𭎘	U+2D398	F
𭎙	U+2D399	F
𭎚	U+2D39A	F
𭎛	U+2D39B	F
𭎝	U+2D39D	F
𭎞	U+2D39E	F
𭎟	U+2D39F	F
𭎠	U+2D3A0	F
𭎡	U+2D3A1	F
𭎢	U+2D3A2	F
𭎣	U+2D3A3	F
𭎤	U+2D3A4	F
𭎥	U+2D3A5	F
𭎦	U+2D3A6	F
𭎧	U+2D3A7	F
𭎨	U+2D3A8	F
𭎩	U+2D3A9	F
𭎪	U+2D3AA	F
𭎫	U+2D3AB	F
𭎬	U+2D3AC	F
𭎭	U+2D3AD	F
𭎮	U+2D3AE	F
𭎯	U+2D3AF	F
𭎰	U+2D3B0	F
𭎱	U+2D3B1	F
𭎲	U+2D3B2	F
𭎳	U+2D3B3	F
𭎴	U+2D3B4	F
𭎵	U+2D3B5	F
𭎶	U+2D3B6	F
𭎷	U+2D3B7	F
𭎸	U+2D3B8	F
𭎹	U+2D3B9	F
𭎺	U+2D3BA	F
𭎻	U+2D3BB	F
𭎼	U+2D3BC	F
𭎽	U+2D3BD	F
𭎾	U+2D3BE	F
𭎿	U+2D3BF	F
𭏀	U+2D3C0	F
𭏁	U+2D3C1	F
𭏂	U+2D3C2	F
𭏃	U+2D3C3	F
𭏄	U+2D3C4	F
𭏅	U+2D3C5	F
𭏆	U+2D3C6	F
𭏇	U+2D3C7	F
𭏈	U+2D3C8	F
𭏉	U+2D3C9	F
𭏊	U+2D3CA	F
𭏋	U+2D3CB	F
𭏌	U+2D3CC	F
𭏍	U+2D3CD	F
𭏎	U+2D3CE	F
𭏏	U+2D3CF	F
𭏐	U+2D3D0	F
𭏑	U+2D3D1	F
𭏒	U+2D3D2	F
𭏓	U+2D3D3	F
𭏔	U+2D3D4	F
𭏕	U+2D3D5	F
𭏖	U+2D3D6	F
𭏗	U+2D3D7	F
𭏘	U+2D3D8	F
𭏙	U+2D3D9	F
𭏚	U+2D3DA	F
𭏛	U+2D3DB	F
𭏝	U+2D3DD	F
𭏞	U+2D3DE	F
𭏟	U+2D3DF	F
𭏠	U+2D3E0	F
𭏡	U+2D3E1	F
𭏢	U+2D3E2	F
𭏣	U+2D3E3	F
𭏤	U+2D3E4	F
𭏥	U+2D3E5	F
𭏧	U+2D3E7	F
𭏨	U+2D3E8	F
𭏩	U+2D3E9	F
𭏪	U+2D3EA	F
𭏫	U+2D3EB	F
𭏬	U+2D3EC	F
𭏭	U+2D3ED	F
𭏮	U+2D3EE	F
𭏯	U+2D3EF	F
𭏰	U+2D3F0	F
𭏱	U+2D3F1	F
𭏲	U+2D3F2	F
𭏳	U+2D3F3	F
𭏴	U+2D3F4	F
𭏵	U+2D3F5	F
𭏶	U+2D3F6	F
𭏷	U+2D3F7	F
𭏹	U+2D3F9	F
𭏺	U+2D3FA	F
𭏻	U+2D3FB	F
𭏼	U+2D3FC	F
𭏽	U+2D3FD	F
𭏾	U+2D3FE	F
𭏿	U+2D3FF	F
𭐀	U+2D400	F
𭐁	U+2D401	F
𭐂	U+2D402	F
𭐃	U+2D403	F
𭐄	U+2D404	F
𭐅	U+2D405	F
𭐆	U+2D406	F
𭐇	U+2D407	F
𭐈	U+2D408	F
𭐉	U+2D409	F
𭐊	U+2D40A	F
𭐋	U+2D40B	F
𭐌	U+2D40C	F
𭐍	U+2D40D	F
𭐎	U+2D40E	F
𭐏	U+2D40F	F
𭐐	U+2D410	F
𭐑	U+2D411	F
𭐒	U+2D412	F
𭐓	U+2D413	F
𭐔	U+2D414	F
𭐕	U+2D415	F
𭐖	U+2D416	F
𭐗	U+2D417	F
𭐘	U+2D418	F
𭐙	U+2D419	F
𭐚	U+2D41A	F
𭐛	U+2D41B	F
𭐜	U+2D41C	F
𭐝	U+2D41D	F
𭐞	U+2D41E	F
𭐟	U+2D41F	F
𭐠	U+2D420	F
𭐡	U+2D421	F
𭐢	U+2D422	F
𭐣	U+2D423	F
𭐤	U+2D424	F
𭐥	U+2D425	F
𭐦	U+2D426	F
𭐧	U+2D427	F
𭐨	U+2D428	F
𭐩	U+2D429	F
𭐪	U+2D42A	F
𭐫	U+2D42B	F
𭐬	U+2D42C	F
𭐭	U+2D42D	F
𭐮	U+2D42E	F
𭐯	U+2D42F	F
𭐰	U+2D430	F
𭐱	U+2D431	F
𭐲	U+2D432	F
𭐳	U+2D433	F
𭐴	U+2D434	F
𭐵	U+2D435	F
𭐶	U+2D436	F
𭐷	U+2D437	F
𭐸	U+2D438	F
𭐹	U+2D439	F
𭐺	U+2D43A	F
𭐻	U+2D43B	F
𭐼	U+2D43C	F
𭐽	U+2D43D	F
𭐾	U+2D43E	F
𭐿	U+2D43F	F
𭑀	U+2D440	F
𭑁	U+2D441	F
𭑂	U+2D442	F
𭑃	U+2D443	F
𭑄	U+2D444	F
𭑅	U+2D445	F
𭑆	U+2D446	F
𭑇	U+2D447	F
𭑈	U+2D448	F
𭑉	U+2D449	F
𭑊	U+2D44A	F
𭑋	U+2D44B	F
𭑌	U+2D44C	F
𭑍	U+2D44D	F
𭑎	U+2D44E	F
𭑏	U+2D44F	F
𭑐	U+2D450	F
𭑑	U+2D451	F
𭑒	U+2D452	F
𭑓	U+2D453	F
𭑔	U+2D454	F
𭑕	U+2D455	F
𭑖	U+2D456	F
𭑗	U+2D457	F
𭑘	U+2D458	F
𭑙	U+2D459	F
𭑚	U+2D45A	F
𭑛	U+2D45B	F
𭑜	U+2D45C	F
𭑝	U+2D45D	F
𭑞	U+2D45E	F
𭑟	U+2D45F	F
𭑠	U+2D460	F
𭑡	U+2D461	F
𭑢	U+2D462	F
𭑣	U+2D463	F
𭑤	U+2D464	F
𭑥	U+2D465	F
𭑦	U+2D466	F
𭑧	U+2D467	F
𭑨	U+2D468	F
𭑩	U+2D469	F
𭑪	U+2D46A	F
𭑫	U+2D46B	F
𭑬	U+2D46C	F
𭑭	U+2D46D	F
𭑮	U+2D46E	F
𭑯	U+2D46F	F
𭑰	U+2D470	F
𭑱	U+2D471	F
𭑲	U+2D472	F
𭑳	U+2D473	F
𭑴	U+2D474	F
𭑵	U+2D475	F
𭑶	U+2D476	F
𭑷	U+2D477	F
𭑸	U+2D478	F
𭑹	U+2D479	F
𭑺	U+2D47A	F
𭑻	U+2D47B	F
𭑼	U+2D47C	F
𭑽	U+2D47D	F
𭑾	U+2D47E	F
𭑿	U+2D47F	F
𭒀	U+2D480	F
𭒁	U+2D481	F
𭒂	U+2D482	F
𭒃	U+2D483	F
𭒄	U+2D484	F
𭒅	U+2D485	F
𭒆	U+2D486	F
𭒇	U+2D487	F
𭒈	U+2D488	F
𭒉	U+2D489	F
𭒊	U+2D48A	F
𭒋	U+2D48B	F
𭒌	U+2D48C	F
𭒍	U+2D48D	F
𭒎	U+2D48E	F
𭒏	U+2D48F	F
𭒐	U+2D490	F
𭒑	U+2D491	F
𭒒	U+2D492	F
𭒓	U+2D493	F
𭒔	U+2D494	F
𭒕	U+2D495	F
𭒖	U+2D496	F
𭒗	U+2D497	F
𭒘	U+2D498	F
𭒙	U+2D499	F
𭒚	U+2D49A	F
𭒛	U+2D49B	F
𭒜	U+2D49C	F
𭒝	U+2D49D	F
𭒞	U+2D49E	F
𭒟	U+2D49F	F
𭒠	U+2D4A0	F
𭒡	U+2D4A1	F
𭒢	U+2D4A2	F
𭒣	U+2D4A3	F
𭒤	U+2D4A4	F
𭒥	U+2D4A5	F
𭒦	U+2D4A6	F
𭒧	U+2D4A7	F
𭒨	U+2D4A8	F
𭒩	U+2D4A9	F
𭒪	U+2D4AA	F
𭒫	U+2D4AB	F
𭒬	U+2D4AC	F
𭒭	U+2D4AD	F
𭒮	U+2D4AE	F
𭒯	U+2D4AF	F
𭒰	U+2D4B0	F
𭒱	U+2D4B1	F
𭒲	U+2D4B2	F
𭒳	U+2D4B3	F
𭒴	U+2D4B4	F
𭒵	U+2D4B5	F
𭒶	U+2D4B6	F
𭒷	U+2D4B7	F
𭒸	U+2D4B8	F
𭒹	U+2D4B9	F
𭒺	U+2D4BA	F
𭒻	U+2D4BB	F
𭒼	U+2D4BC	F
𭒽	U+2D4BD	F
𭒾	U+2D4BE	F
𭒿	U+2D4BF	F
𭓀	U+2D4C0	F
𭓁	U+2D4C1	F
𭓂	U+2D4C2	F
𭓃	U+2D4C3	F
𭓄	U+2D4C4	F
𭓅	U+2D4C5	F
𭓆	U+2D4C6	F
𭓇	U+2D4C7	F
𭓈	U+2D4C8	F
𭓉	U+2D4C9	F
𭓊	U+2D4CA	F
𭓋	U+2D4CB	F
𭓌	U+2D4CC	F
𭓍	U+2D4CD	F
𭓎	U+2D4CE	F
𭓏	U+2D4CF	F
𭓐	U+2D4D0	F
𭓑	U+2D4D1	F
𭓒	U+2D4D2	F
𭓓	U+2D4D3	F
𭓔	U+2D4D4	F
𭓕	U+2D4D5	F
𭓖	U+2D4D6	F
𭓗	U+2D4D7	F
𭓘	U+2D4D8	F
𭓙	U+2D4D9	F
𭓚	U+2D4DA	F
𭓛	U+2D4DB	F
𭓜	U+2D4DC	F
𭓝	U+2D4DD	F
𭓞	U+2D4DE	F
𭓟	U+2D4DF	F
𭓠	U+2D4E0	F
𭓡	U+2D4E1	F
𭓢	U+2D4E2	F
𭓣	U+2D4E3	F
𭓤	U+2D4E4	F
𭓥	U+2D4E5	F
𭓦	U+2D4E6	F
𭓧	U+2D4E7	F
𭓨	U+2D4E8	F
𭓩	U+2D4E9	F
𭓪	U+2D4EA	F
𭓫	U+2D4EB	F
𭓬	U+2D4EC	F
𭓭	U+2D4ED	F
𭓮	U+2D4EE	F
𭓯	U+2D4EF	F
𭓰	U+2D4F0	F
𭓱	U+2D4F1	F
𭓲	U+2D4F2	F
𭓳	U+2D4F3	F
𭓴	U+2D4F4	F
𭓵	U+2D4F5	F
𭓶	U+2D4F6	F
𭓷	U+2D4F7	F
𭓸	U+2D4F8	F
𭓹	U+2D4F9	F
𭓺	U+2D4FA	F
𭓻	U+2D4FB	F
𭓼	U+2D4FC	F
𭓽	U+2D4FD	F
𭓾	U+2D4FE	F
𭓿	U+2D4FF	F
𭔀	U+2D500	F
𭔁	U+2D501	F
𭔂	U+2D502	F
𭔃	U+2D503	F
𭔄	U+2D504	F
𭔅	U+2D505	F
𭔆	U+2D506	F
𭔇	U+2D507	F
𭔈	U+2D508	F
𭔉	U+2D509	F
𭔊	U+2D50A	F
𭔋	U+2D50B	F
𭔌	U+2D50C	F
𭔍	U+2D50D	F
𭔎	U+2D50E	F
𭔏	U+2D50F	F
𭔐	U+2D510	F
𭔑	U+2D511	F
𭔒	U+2D512	F
𭔓	U+2D513	F
𭔔	U+2D514	F
𭔕	U+2D515	F
𭔖	U+2D516	F
𭔗	U+2D517	F
𭔘	U+2D518	F
𭔙	U+2D519	F
𭔚	U+2D51A	F
𭔛	U+2D51B	F
𭔜	U+2D51C	F
𭔝	U+2D51D	F
𭔞	U+2D51E	F
𭔟	U+2D51F	F
𭔠	U+2D520	F
𭔡	U+2D521	F
𭔢	U+2D522	F
𭔣	U+2D523	F
𭔤	U+2D524	F
𭔥	U+2D525	F
𭔦	U+2D526	F
𭔧	U+2D527	F
𭔨	U+2D528	F
𭔩	U+2D529	F
𭔪	U+2D52A	F
𭔫	U+2D52B	F
𭔬	U+2D52C	F
𭔭	U+2D52D	F
𭔮	U+2D52E	F
𭔯	U+2D52F	F
𭔰	U+2D530	F
𭔱	U+2D531	F
𭔲	U+2D532	F
𭔳	U+2D533	F
𭔴	U+2D534	F
𭔵	U+2D535	F
𭔶	U+2D536	F
𭔷	U+2D537	F
𭔸	U+2D538	F
𭔹	U+2D539	F
𭔺	U+2D53A	F
𭔻	U+2D53B	F
𭔼	U+2D53C	F
𭔽	U+2D53D	F
𭔾	U+2D53E	F
𭔿	U+2D53F	F
𭕀	U+2D540	F
𭕁	U+2D541	F
𭕂	U+2D542	F
𭕃	U+2D543	F
𭕄	U+2D544	F
𭕅	U+2D545	F
𭕇	U+2D547	F
𭕈	U+2D548	F
𭕉	U+2D549	F
𭕊	U+2D54A	F
𭕋	U+2D54B	F
𭕌	U+2D54C	F
𭕍	U+2D54D	F
𭕎	U+2D54E	F
𭕏	U+2D54F	F
𭕐	U+2D550	F
𭕑	U+2D551	F
𭕒	U+2D552	F
𭕓	U+2D553	F
𭕔	U+2D554	F
𭕕	U+2D555	F
𭕖	U+2D556	F
𭕗	U+2D557	F
𭕘	U+2D558	F
𭕙	U+2D559	F
𭕚	U+2D55A	F
𭕛	U+2D55B	F
𭕜	U+2D55C	F
𭕝	U+2D55D	F
𭕞	U+2D55E	F
𭕟	U+2D55F	F
𭕠	U+2D560	F
𭕡	U+2D561	F
𭕢	U+2D562	F
𭕣	U+2D563	F
𭕤	U+2D564	F
𭕥	U+2D565	F
𭕦	U+2D566	F
𭕧	U+2D567	F
𭕨	U+2D568	F
𭕩	U+2D569	F
𭕪	U+2D56A	F
𭕫	U+2D56B	F
𭕬	U+2D56C	F
𭕭	U+2D56D	F
𭕮	U+2D56E	F
𭕯	U+2D56F	F
𭕰	U+2D570	F
𭕱	U+2D571	F
𭕲	U+2D572	F
𭕳	U+2D573	F
𭕴	U+2D574	F
𭕵	U+2D575	F
𭕶	U+2D576	F
𭕷	U+2D577	F
𭕸	U+2D578	F
𭕹	U+2D579	F
𭕺	U+2D57A	F
𭕻	U+2D57B	F
𭕼	U+2D57C	F
𭕽	U+2D57D	F
𭕾	U+2D57E	F
𭕿	U+2D57F	F
𭖀	U+2D580	F
𭖁	U+2D581	F
𭖂	U+2D582	F
𭖃	U+2D583	F
𭖄	U+2D584	F
𭖅	U+2D585	F
𭖆	U+2D586	F
𭖇	U+2D587	F
𭖈	U+2D588	F
𭖉	U+2D589	F
𭖊	U+2D58A	F
𭖋	U+2D58B	F
𭖌	U+2D58C	F
𭖍	U+2D58D	F
𭖎	U+2D58E	F
𭖏	U+2D58F	F
𭖐	U+2D590	F
𭖑	U+2D591	F
𭖒	U+2D592	F
𭖓	U+2D593	F
𭖔	U+2D594	F
𭖕	U+2D595	F
𭖖	U+2D596	F
𭖗	U+2D597	F
𭖘	U+2D598	F
𭖙	U+2D599	F
𭖚	U+2D59A	F
𭖛	U+2D59B	F
𭖜	U+2D59C	F
𭖝	U+2D59D	F
𭖞	U+2D59E	F
𭖟	U+2D59F	F
𭖠	U+2D5A0	F
𭖡	U+2D5A1	F
𭖢	U+2D5A2	F
𭖣	U+2D5A3	F
𭖤	U+2D5A4	F
𭖥	U+2D5A5	F
𭖦	U+2D5A6	F
𭖧	U+2D5A7	F
𭖨	U+2D5A8	F
𭖩	U+2D5A9	F
𭖪	U+2D5AA	F
𭖫	U+2D5AB	F
𭖬	U+2D5AC	F
𭖭	U+2D5AD	F
𭖮	U+2D5AE	F
𭖯	U+2D5AF	F
𭖰	U+2D5B0	F
𭖱	U+2D5B1	F
𭖲	U+2D5B2	F
𭖳	U+2D5B3	F
𭖴	U+2D5B4	F
𭖵	U+2D5B5	F
𭖶	U+2D5B6	F
𭖷	U+2D5B7	F
𭖸	U+2D5B8	F
𭖹	U+2D5B9	F
𭖺	U+2D5BA	F
𭖻	U+2D5BB	F
𭖼	U+2D5BC	F
𭖽	U+2D5BD	F
𭖾	U+2D5BE	F
𭖿	U+2D5BF	F
𭗀	U+2D5C0	F
𭗁	U+2D5C1	F
𭗂	U+2D5C2	F
𭗃	U+2D5C3	F
𭗄	U+2D5C4	F
𭗅	U+2D5C5	F
𭗆	U+2D5C6	F
𭗇	U+2D5C7	F
𭗈	U+2D5C8	F
𭗉	U+2D5C9	F
𭗊	U+2D5CA	F
𭗋	U+2D5CB	F
𭗌	U+2D5CC	F
𭗍	U+2D5CD	F
𭗎	U+2D5CE	F
𭗏	U+2D5CF	F
𭗐	U+2D5D0	F
𭗑	U+2D5D1	F
𭗒	U+2D5D2	F
𭗓	U+2D5D3	F
𭗔	U+2D5D4	F
𭗕	U+2D5D5	F
𭗖	U+2D5D6	F
𭗗	U+2D5D7	F
𭗘	U+2D5D8	F
𭗙	U+2D5D9	F
𭗚	U+2D5DA	F
𭗛	U+2D5DB	F
𭗜	U+2D5DC	F
𭗝	U+2D5DD	F
𭗞	U+2D5DE	F
𭗟	U+2D5DF	F
𭗠	U+2D5E0	F
𭗢	U+2D5E2	F
𭗣	U+2D5E3	F
𭗤	U+2D5E4	F
𭗥	U+2D5E5	F
𭗦	U+2D5E6	F
𭗧	U+2D5E7	F
𭗨	U+2D5E8	F
𭗩	U+2D5E9	F
𭗪	U+2D5EA	F
𭗫	U+2D5EB	F
𭗬	U+2D5EC	F
𭗭	U+2D5ED	F
𭗮	U+2D5EE	F
𭗯	U+2D5EF	F
𭗰	U+2D5F0	F
𭗱	U+2D5F1	F
𭗲	U+2D5F2	F
𭗳	U+2D5F3	F
𭗴	U+2D5F4	F
𭗵	U+2D5F5	F
𭗶	U+2D5F6	F
𭗷	U+2D5F7	F
𭗸	U+2D5F8	F
𭗹	U+2D5F9	F
𭗺	U+2D5FA	F
𭗻	U+2D5FB	F
𭗼	U+2D5FC	F
𭗽	U+2D5FD	F
𭗾	U+2D5FE	F
𭗿	U+2D5FF	F
𭘀	U+2D600	F
𭘁	U+2D601	F
𭘂	U+2D602	F
𭘃	U+2D603	F
𭘄	U+2D604	F
𭘅	U+2D605	F
𭘆	U+2D606	F
𭘇	U+2D607	F
𭘈	U+2D608	F
𭘉	U+2D609	F
𭘊	U+2D60A	F
𭘋	U+2D60B	F
𭘌	U+2D60C	F
𭘍	U+2D60D	F
𭘎	U+2D60E	F
𭘏	U+2D60F	F
𭘐	U+2D610	F
𭘑	U+2D611	F
𭘒	U+2D612	F
𭘔	U+2D614	F
𭘕	U+2D615	F
𭘖	U+2D616	F
𭘗	U+2D617	F
𭘘	U+2D618	F
𭘙	U+2D619	F
𭘚	U+2D61A	F
𭘛	U+2D61B	F
𭘜	U+2D61C	F
𭘝	U+2D61D	F
𭘞	U+2D61E	F
𭘟	U+2D61F	F
𭘠	U+2D620	F
𭘡	U+2D621	F
𭘢	U+2D622	F
𭘣	U+2D623	F
𭘤	U+2D624	F
𭘥	U+2D625	F
𭘦	U+2D626	F
𭘧	U+2D627	F
𭘨	U+2D628	F
𭘩	U+2D629	F
𭘪	U+2D62A	F
𭘫	U+2D62B	F
𭘬	U+2D62C	F
𭘭	U+2D62D	F
𭘮	U+2D62E	F
𭘯	U+2D62F	F
𭘰	U+2D630	F
𭘱	U+2D631	F
𭘲	U+2D632	F
𭘳	U+2D633	F
𭘴	U+2D634	F
𭘵	U+2D635	F
𭘶	U+2D636	F
𭘷	U+2D637	F
𭘸	U+2D638	F
𭘹	U+2D639	F
𭘺	U+2D63A	F
𭘻	U+2D63B	F
𭘼	U+2D63C	F
𭘽	U+2D63D	F
𭘾	U+2D63E	F
𭘿	U+2D63F	F
𭙀	U+2D640	F
𭙁	U+2D641	F
𭙂	U+2D642	F
𭙃	U+2D643	F
𭙄	U+2D644	F
𭙅	U+2D645	F
𭙆	U+2D646	F
𭙇	U+2D647	F
𭙈	U+2D648	F
𭙉	U+2D649	F
𭙊	U+2D64A	F
𭙋	U+2D64B	F
𭙌	U+2D64C	F
𭙍	U+2D64D	F
𭙎	U+2D64E	F
𭙏	U+2D64F	F
𭙐	U+2D650	F
𭙑	U+2D651	F
𭙒	U+2D652	F
𭙓	U+2D653	F
𭙔	U+2D654	F
𭙕	U+2D655	F
𭙖	U+2D656	F
𭙗	U+2D657	F
𭙘	U+2D658	F
𭙙	U+2D659	F
𭙚	U+2D65A	F
𭙛	U+2D65B	F
𭙜	U+2D65C	F
𭙝	U+2D65D	F
𭙞	U+2D65E	F
𭙟	U+2D65F	F
𭙠	U+2D660	F
𭙡	U+2D661	F
𭙢	U+2D662	F
𭙣	U+2D663	F
𭙤	U+2D664	F
𭙥	U+2D665	F
𭙦	U+2D666	F
𭙧	U+2D667	F
𭙨	U+2D668	F
𭙩	U+2D669	F
𭙪	U+2D66A	F
𭙫	U+2D66B	F
𭙬	U+2D66C	F
𭙭	U+2D66D	F
𭙮	U+2D66E	F
𭙯	U+2D66F	F
𭙰	U+2D670	F
𭙱	U+2D671	F
𭙲	U+2D672	F
𭙳	U+2D673	F
𭙴	U+2D674	F
𭙵	U+2D675	F
𭙶	U+2D676	F
𭙷	U+2D677	F
𭙸	U+2D678	F
𭙹	U+2D679	F
𭙺	U+2D67A	F
𭙻	U+2D67B	F
𭙼	U+2D67C	F
𭙽	U+2D67D	F
𭙾	U+2D67E	F
𭙿	U+2D67F	F
𭚀	U+2D680	F
𭚁	U+2D681	F
𭚂	U+2D682	F
𭚃	U+2D683	F
𭚄	U+2D684	F
𭚅	U+2D685	F
𭚆	U+2D686	F
𭚇	U+2D687	F
𭚈	U+2D688	F
𭚉	U+2D689	F
𭚊	U+2D68A	F
𭚋	U+2D68B	F
𭚌	U+2D68C	F
𭚍	U+2D68D	F
𭚎	U+2D68E	F
𭚏	U+2D68F	F
𭚐	U+2D690	F
𭚑	U+2D691	F
𭚒	U+2D692	F
𭚓	U+2D693	F
𭚔	U+2D694	F
𭚕	U+2D695	F
𭚖	U+2D696	F
𭚗	U+2D697	F
𭚘	U+2D698	F
𭚙	U+2D699	F
𭚚	U+2D69A	F
𭚛	U+2D69B	F
𭚜	U+2D69C	F
𭚝	U+2D69D	F
𭚞	U+2D69E	F
𭚟	U+2D69F	F
𭚠	U+2D6A0	F
𭚡	U+2D6A1	F
𭚢	U+2D6A2	F
𭚣	U+2D6A3	F
𭚤	U+2D6A4	F
𭚥	U+2D6A5	F
𭚧	U+2D6A7	F
𭚨	U+2D6A8	F
𭚩	U+2D6A9	F
𭚪	U+2D6AA	F
𭚫	U+2D6AB	F
𭚬	U+2D6AC	F
𭚭	U+2D6AD	F
𭚮	U+2D6AE	F
𭚯	U+2D6AF	F
𭚰	U+2D6B0	F
𭚱	U+2D6B1	F
𭚲	U+2D6B2	F
𭚳	U+2D6B3	F
𭚴	U+2D6B4	F
𭚵	U+2D6B5	F
𭚶	U+2D6B6	F
𭚷	U+2D6B7	F
𭚸	U+2D6B8	F
𭚹	U+2D6B9	F
𭚺	U+2D6BA	F
𭚻	U+2D6BB	F
𭚼	U+2D6BC	F
𭚽	U+2D6BD	F
𭚾	U+2D6BE	F
𭚿	U+2D6BF	F
𭛀	U+2D6C0	F
𭛁	U+2D6C1	F
𭛂	U+2D6C2	F
𭛃	U+2D6C3	F
𭛄	U+2D6C4	F
𭛅	U+2D6C5	F
𭛆	U+2D6C6	F
𭛇	U+2D6C7	F
𭛈	U+2D6C8	F
𭛉	U+2D6C9	F
𭛊	U+2D6CA	F
𭛋	U+2D6CB	F
𭛌	U+2D6CC	F
𭛍	U+2D6CD	F
𭛎	U+2D6CE	F
𭛏	U+2D6CF	F
𭛐	U+2D6D0	F
𭛑	U+2D6D1	F
𭛒	U+2D6D2	F
𭛓	U+2D6D3	F
𭛔	U+2D6D4	F
𭛕	U+2D6D5	F
𭛖	U+2D6D6	F
𭛗	U+2D6D7	F
𭛘	U+2D6D8	F
𭛙	U+2D6D9	F
𭛚	U+2D6DA	F
𭛛	U+2D6DB	F
𭛜	U+2D6DC	F
𭛝	U+2D6DD	F
𭛞	U+2D6DE	F
𭛟	U+2D6DF	F
𭛠	U+2D6E0	F
𭛡	U+2D6E1	F
𭛢	U+2D6E2	F
𭛣	U+2D6E3	F
𭛤	U+2D6E4	F
𭛥	U+2D6E5	F
𭛦	U+2D6E6	F
𭛧	U+2D6E7	F
𭛨	U+2D6E8	F
𭛩	U+2D6E9	F
𭛪	U+2D6EA	F
𭛫	U+2D6EB	F
𭛬	U+2D6EC	F
𭛭	U+2D6ED	F
𭛮	U+2D6EE	F
𭛯	U+2D6EF	F
𭛰	U+2D6F0	F
𭛱	U+2D6F1	F
𭛲	U+2D6F2	F
𭛳	U+2D6F3	F
𭛴	U+2D6F4	F
𭛵	U+2D6F5	F
𭛶	U+2D6F6	F
𭛷	U+2D6F7	F
𭛸	U+2D6F8	F
𭛹	U+2D6F9	F
𭛺	U+2D6FA	F
𭛻	U+2D6FB	F
𭛼	U+2D6FC	F
𭛽	U+2D6FD	F
𭛾	U+2D6FE	F
𭛿	U+2D6FF	F
𭜀	U+2D700	F
𭜁	U+2D701	F
𭜂	U+2D702	F
𭜃	U+2D703	F
𭜄	U+2D704	F
𭜅	U+2D705	F
𭜆	U+2D706	F
𭜇	U+2D707	F
𭜈	U+2D708	F
𭜉	U+2D709	F
𭜊	U+2D70A	F
𭜋	U+2D70B	F
𭜌	U+2D70C	F
𭜍	U+2D70D	F
𭜎	U+2D70E	F
𭜏	U+2D70F	F
𭜐	U+2D710	F
𭜑	U+2D711	F
𭜒	U+2D712	F
𭜓	U+2D713	F
𭜔	U+2D714	F
𭜕	U+2D715	F
𭜖	U+2D716	F
𭜗	U+2D717	F
𭜘	U+2D718	F
𭜙	U+2D719	F
𭜚	U+2D71A	F
𭜛	U+2D71B	F
𭜜	U+2D71C	F
𭜝	U+2D71D	F
𭜞	U+2D71E	F
𭜟	U+2D71F	F
𭜠	U+2D720	F
𭜡	U+2D721	F
𭜢	U+2D722	F
𭜣	U+2D723	F
𭜤	U+2D724	F
𭜥	U+2D725	F
𭜦	U+2D726	F
𭜧	U+2D727	F
𭜨	U+2D728	F
𭜩	U+2D729	F
𭜪	U+2D72A	F
𭜫	U+2D72B	F
𭜬	U+2D72C	F
𭜭	U+2D72D	F
𭜮	U+2D72E	F
𭜯	U+2D72F	F
𭜰	U+2D730	F
𭜱	U+2D731	F
𭜲	U+2D732	F
𭜳	U+2D733	F
𭜴	U+2D734	F
𭜵	U+2D735	F
𭜶	U+2D736	F
𭜷	U+2D737	F
𭜸	U+2D738	F
𭜹	U+2D739	F
𭜺	U+2D73A	F
𭜻	U+2D73B	F
𭜼	U+2D73C	F
𭜽	U+2D73D	F
𭜾	U+2D73E	F
𭜿	U+2D73F	F
𭝀	U+2D740	F
𭝁	U+2D741	F
𭝂	U+2D742	F
𭝃	U+2D743	F
𭝄	U+2D744	F
𭝅	U+2D745	F
𭝆	U+2D746	F
𭝇	U+2D747	F
𭝈	U+2D748	F
𭝉	U+2D749	F
𭝊	U+2D74A	F
𭝌	U+2D74C	F
𭝍	U+2D74D	F
𭝎	U+2D74E	F
𭝏	U+2D74F	F
𭝐	U+2D750	F
𭝑	U+2D751	F
𭝒	U+2D752	F
𭝓	U+2D753	F
𭝔	U+2D754	F
𭝕	U+2D755	F
𭝖	U+2D756	F
𭝗	U+2D757	F
𭝘	U+2D758	F
𭝙	U+2D759	F
𭝚	U+2D75A	F
𭝛	U+2D75B	F
𭝜	U+2D75C	F
𭝝	U+2D75D	F
𭝞	U+2D75E	F
𭝟	U+2D75F	F
𭝠	U+2D760	F
𭝡	U+2D761	F
𭝢	U+2D762	F
𭝣	U+2D763	F
𭝤	U+2D764	F
𭝥	U+2D765	F
𭝦	U+2D766	F
𭝧	U+2D767	F
𭝨	U+2D768	F
𭝩	U+2D769	F
𭝪	U+2D76A	F
𭝫	U+2D76B	F
𭝬	U+2D76C	F
𭝭	U+2D76D	F
𭝮	U+2D76E	F
𭝯	U+2D76F	F
𭝰	U+2D770	F
𭝱	U+2D771	F
𭝲	U+2D772	F
𭝳	U+2D773	F
𭝴	U+2D774	F
𭝵	U+2D775	F
𭝶	U+2D776	F
𭝷	U+2D777	F
𭝸	U+2D778	F
𭝹	U+2D779	F
𭝺	U+2D77A	F
𭝻	U+2D77B	F
𭝼	U+2D77C	F
𭝽	U+2D77D	F
𭝾	U+2D77E	F
𭝿	U+2D77F	F
𭞀	U+2D780	F
𭞁	U+2D781	F
𭞂	U+2D782	F
𭞃	U+2D783	F
𭞅	U+2D785	F
𭞆	U+2D786	F
𭞇	U+2D787	F
𭞈	U+2D788	F
𭞉	U+2D789	F
𭞊	U+2D78A	F
𭞋	U+2D78B	F
𭞌	U+2D78C	F
𭞍	U+2D78D	F
𭞎	U+2D78E	F
𭞏	U+2D78F	F
𭞐	U+2D790	F
𭞑	U+2D791	F
𭞒	U+2D792	F
𭞓	U+2D793	F
𭞔	U+2D794	F
𭞕	U+2D795	F
𭞖	U+2D796	F
𭞗	U+2D797	F
𭞘	U+2D798	F
𭞙	U+2D799	F
𭞚	U+2D79A	F
𭞛	U+2D79B	F
𭞜	U+2D79C	F
𭞝	U+2D79D	F
𭞞	U+2D79E	F
𭞟	U+2D79F	F
𭞠	U+2D7A0	F
𭞡	U+2D7A1	F
𭞢	U+2D7A2	F
𭞣	U+2D7A3	F
𭞤	U+2D7A4	F
𭞥	U+2D7A5	F
𭞦	U+2D7A6	F
𭞧	U+2D7A7	F
𭞨	U+2D7A8	F
𭞩	U+2D7A9	F
𭞪	U+2D7AA	F
𭞫	U+2D7AB	F
𭞬	U+2D7AC	F
𭞭	U+2D7AD	F
𭞮	U+2D7AE	F
𭞯	U+2D7AF	F
𭞰	U+2D7B0	F
𭞱	U+2D7B1	F
𭞲	U+2D7B2	F
𭞳	U+2D7B3	F
𭞴	U+2D7B4	F
𭞵	U+2D7B5	F
𭞶	U+2D7B6	F
𭞷	U+2D7B7	F
𭞸	U+2D7B8	F
𭞹	U+2D7B9	F
𭞺	U+2D7BA	F
𭞻	U+2D7BB	F
𭞼	U+2D7BC	F
𭞽	U+2D7BD	F
𭞾	U+2D7BE	F
𭞿	U+2D7BF	F
𭟀	U+2D7C0	F
𭟁	U+2D7C1	F
𭟂	U+2D7C2	F
𭟃	U+2D7C3	F
𭟄	U+2D7C4	F
𭟅	U+2D7C5	F
𭟆	U+2D7C6	F
𭟇	U+2D7C7	F
𭟈	U+2D7C8	F
𭟉	U+2D7C9	F
𭟊	U+2D7CA	F
𭟋	U+2D7CB	F
𭟌	U+2D7CC	F
𭟍	U+2D7CD	F
𭟎	U+2D7CE	F
𭟏	U+2D7CF	F
𭟐	U+2D7D0	F
𭟑	U+2D7D1	F
𭟒	U+2D7D2	F
𭟓	U+2D7D3	F
𭟔	U+2D7D4	F
𭟕	U+2D7D5	F
𭟖	U+2D7D6	F
𭟗	U+2D7D7	F
𭟘	U+2D7D8	F
𭟙	U+2D7D9	F
𭟚	U+2D7DA	F
𭟛	U+2D7DB	F
𭟜	U+2D7DC	F
𭟝	U+2D7DD	F
𭟞	U+2D7DE	F
𭟟	U+2D7DF	F
𭟠	U+2D7E0	F
𭟡	U+2D7E1	F
𭟢	U+2D7E2	F
𭟣	U+2D7E3	F
𭟤	U+2D7E4	F
𭟥	U+2D7E5	F
𭟦	U+2D7E6	F
𭟧	U+2D7E7	F
𭟨	U+2D7E8	F
𭟩	U+2D7E9	F
𭟪	U+2D7EA	F
𭟫	U+2D7EB	F
𭟬	U+2D7EC	F
𭟭	U+2D7ED	F
𭟮	U+2D7EE	F
𭟯	U+2D7EF	F
𭟰	U+2D7F0	F
𭟱	U+2D7F1	F
𭟲	U+2D7F2	F
𭟳	U+2D7F3	F
𭟴	U+2D7F4	F
𭟵	U+2D7F5	F
𭟶	U+2D7F6	F
𭟷	U+2D7F7	F
𭟸	U+2D7F8	F
𭟹	U+2D7F9	F
𭟺	U+2D7FA	F
𭟻	U+2D7FB	F
𭟼	U+2D7FC	F
𭟽	U+2D7FD	F
𭟾	U+2D7FE	F
𭟿	U+2D7FF	F
𭠀	U+2D800	F
𭠁	U+2D801	F
𭠂	U+2D802	F
𭠃	U+2D803	F
𭠄	U+2D804	F
𭠅	U+2D805	F
𭠆	U+2D806	F
𭠇	U+2D807	F
𭠈	U+2D808	F
𭠉	U+2D809	F
𭠊	U+2D80A	F
𭠋	U+2D80B	F
𭠌	U+2D80C	F
𭠍	U+2D80D	F
𭠎	U+2D80E	F
𭠏	U+2D80F	F
𭠐	U+2D810	F
𭠑	U+2D811	F
𭠒	U+2D812	F
𭠓	U+2D813	F
𭠔	U+2D814	F
𭠕	U+2D815	F
𭠖	U+2D816	F
𭠗	U+2D817	F
𭠘	U+2D818	F
𭠚	U+2D81A	F
𭠛	U+2D81B	F
𭠜	U+2D81C	F
𭠝	U+2D81D	F
𭠞	U+2D81E	F
𭠟	U+2D81F	F
𭠠	U+2D820	F
𭠡	U+2D821	F
𭠢	U+2D822	F
𭠣	U+2D823	F
𭠤	U+2D824	F
𭠥	U+2D825	F
𭠦	U+2D826	F
𭠧	U+2D827	F
𭠨	U+2D828	F
𭠩	U+2D829	F
𭠪	U+2D82A	F
𭠫	U+2D82B	F
𭠬	U+2D82C	F
𭠭	U+2D82D	F
𭠮	U+2D82E	F
𭠯	U+2D82F	F
𭠰	U+2D830	F
𭠱	U+2D831	F
𭠲	U+2D832	F
𭠳	U+2D833	F
𭠴	U+2D834	F
𭠵	U+2D835	F
𭠶	U+2D836	F
𭠷	U+2D837	F
𭠸	U+2D838	F
𭠹	U+2D839	F
𭠺	U+2D83A	F
𭠻	U+2D83B	F
𭠼	U+2D83C	F
𭠽	U+2D83D	F
𭠾	U+2D83E	F
𭠿	U+2D83F	F
𭡀	U+2D840	F
𭡁	U+2D841	F
𭡂	U+2D842	F
𭡃	U+2D843	F
𭡄	U+2D844	F
𭡅	U+2D845	F
𭡆	U+2D846	F
𭡇	U+2D847	F
𭡈	U+2D848	F
𭡉	U+2D849	F
𭡊	U+2D84A	F
𭡋	U+2D84B	F
𭡌	U+2D84C	F
𭡍	U+2D84D	F
𭡎	U+2D84E	F
𭡏	U+2D84F	F
𭡐	U+2D850	F
𭡑	U+2D851	F
𭡒	U+2D852	F
𭡓	U+2D853	F
𭡔	U+2D854	F
𭡕	U+2D855	F
𭡖	U+2D856	F
𭡗	U+2D857	F
𭡘	U+2D858	F
𭡙	U+2D859	F
𭡚	U+2D85A	F
𭡛	U+2D85B	F
𭡝	U+2D85D	F
𭡞	U+2D85E	F
𭡟	U+2D85F	F
𭡠	U+2D860	F
𭡡	U+2D861	F
𭡢	U+2D862	F
𭡣	U+2D863	F
𭡤	U+2D864	F
𭡥	U+2D865	F
𭡦	U+2D866	F
𭡧	U+2D867	F
𭡨	U+2D868	F
𭡩	U+2D869	F
𭡪	U+2D86A	F
𭡫	U+2D86B	F
𭡬	U+2D86C	F
𭡭	U+2D86D	F
𭡮	U+2D86E	F
𭡯	U+2D86F	F
𭡰	U+2D870	F
𭡱	U+2D871	F
𭡲	U+2D872	F
𭡳	U+2D873	F
𭡴	U+2D874	F
𭡵	U+2D875	F
𭡶	U+2D876	F
𭡷	U+2D877	F
𭡸	U+2D878	F
𭡹	U+2D879	F
𭡺	U+2D87A	F
𭡻	U+2D87B	F
𭡼	U+2D87C	F
𭡽	U+2D87D	F
𭡾	U+2D87E	F
𭡿	U+2D87F	F
𭢀	U+2D880	F
𭢁	U+2D881	F
𭢂	U+2D882	F
𭢃	U+2D883	F
𭢄	U+2D884	F
𭢅	U+2D885	F
𭢆	U+2D886	F
𭢇	U+2D887	F
𭢈	U+2D888	F
𭢉	U+2D889	F
𭢊	U+2D88A	F
𭢋	U+2D88B	F
𭢌	U+2D88C	F
𭢍	U+2D88D	F
𭢎	U+2D88E	F
𭢏	U+2D88F	F
𭢐	U+2D890	F
𭢑	U+2D891	F
𭢒	U+2D892	F
𭢓	U+2D893	F
𭢔	U+2D894	F
𭢕	U+2D895	F
𭢖	U+2D896	F
𭢗	U+2D897	F
𭢘	U+2D898	F
𭢙	U+2D899	F
𭢚	U+2D89A	F
𭢛	U+2D89B	F
𭢜	U+2D89C	F
𭢝	U+2D89D	F
𭢞	U+2D89E	F
𭢟	U+2D89F	F
𭢠	U+2D8A0	F
𭢡	U+2D8A1	F
𭢢	U+2D8A2	F
𭢣	U+2D8A3	F
𭢤	U+2D8A4	F
𭢥	U+2D8A5	F
𭢦	U+2D8A6	F
𭢧	U+2D8A7	F
𭢨	U+2D8A8	F
𭢩	U+2D8A9	F
𭢪	U+2D8AA	F
𭢫	U+2D8AB	F
𭢬	U+2D8AC	F
𭢭	U+2D8AD	F
𭢮	U+2D8AE	F
𭢯	U+2D8AF	F
𭢰	U+2D8B0	F
𭢱	U+2D8B1	F
𭢲	U+2D8B2	F
𭢳	U+2D8B3	F
𭢴	U+2D8B4	F
𭢵	U+2D8B5	F
𭢶	U+2D8B6	F
𭢷	U+2D8B7	F
𭢸	U+2D8B8	F
𭢹	U+2D8B9	F
𭢺	U+2D8BA	F
𭢻	U+2D8BB	F
𭢼	U+2D8BC	F
𭢽	U+2D8BD	F
𭢾	U+2D8BE	F
𭢿	U+2D8BF	F
𭣀	U+2D8C0	F
𭣁	U+2D8C1	F
𭣂	U+2D8C2	F
𭣃	U+2D8C3	F
𭣄	U+2D8C4	F
𭣅	U+2D8C5	F
𭣆	U+2D8C6	F
𭣈	U+2D8C8	F
𭣉	U+2D8C9	F
𭣊	U+2D8CA	F
𭣋	U+2D8CB	F
𭣌	U+2D8CC	F
𭣍	U+2D8CD	F
𭣎	U+2D8CE	F
𭣏	U+2D8CF	F
𭣐	U+2D8D0	F
𭣑	U+2D8D1	F
𭣒	U+2D8D2	F
𭣓	U+2D8D3	F
𭣔	U+2D8D4	F
𭣕	U+2D8D5	F
𭣖	U+2D8D6	F
𭣗	U+2D8D7	F
𭣘	U+2D8D8	F
𭣙	U+2D8D9	F
𭣚	U+2D8DA	F
𭣛	U+2D8DB	F
𭣜	U+2D8DC	F
𭣝	U+2D8DD	F
𭣞	U+2D8DE	F
𭣟	U+2D8DF	F
𭣠	U+2D8E0	F
𭣡	U+2D8E1	F
𭣢	U+2D8E2	F
𭣣	U+2D8E3	F
𭣤	U+2D8E4	F
𭣥	U+2D8E5	F
𭣦	U+2D8E6	F
𭣨	U+2D8E8	F
𭣩	U+2D8E9	F
𭣪	U+2D8EA	F
𭣫	U+2D8EB	F
𭣬	U+2D8EC	F
𭣭	U+2D8ED	F
𭣮	U+2D8EE	F
𭣯	U+2D8EF	F
𭣰	U+2D8F0	F
𭣱	U+2D8F1	F
𭣲	U+2D8F2	F
𭣳	U+2D8F3	F
𭣴	U+2D8F4	F
𭣵	U+2D8F5	F
𭣶	U+2D8F6	F
𭣷	U+2D8F7	F
𭣸	U+2D8F8	F
𭣹	U+2D8F9	F
𭣺	U+2D8FA	F
𭣻	U+2D8FB	F
𭣼	U+2D8FC	F
𭣽	U+2D8FD	F
𭣾	U+2D8FE	F
𭣿	U+2D8FF	F
𭤀	U+2D900	F
𭤁	U+2D901	F
𭤂	U+2D902	F
𭤃	U+2D903	F
𭤄	U+2D904	F
𭤅	U+2D905	F
𭤆	U+2D906	F
𭤇	U+2D907	F
𭤈	U+2D908	F
𭤉	U+2D909	F
𭤊	U+2D90A	F
𭤋	U+2D90B	F
𭤌	U+2D90C	F
𭤍	U+2D90D	F
𭤏	U+2D90F	F
𭤐	U+2D910	F
𭤑	U+2D911	F
𭤒	U+2D912	F
𭤓	U+2D913	F
𭤔	U+2D914	F
𭤕	U+2D915	F
𭤖	U+2D916	F
𭤗	U+2D917	F
𭤘	U+2D918	F
𭤙	U+2D919	F
𭤚	U+2D91A	F
𭤛	U+2D91B	F
𭤜	U+2D91C	F
𭤝	U+2D91D	F
𭤞	U+2D91E	F
𭤟	U+2D91F	F
𭤠	U+2D920	F
𭤡	U+2D921	F
𭤢	U+2D922	F
𭤣	U+2D923	F
𭤤	U+2D924	F
𭤥	U+2D925	F
𭤦	U+2D926	F
𭤧	U+2D927	F
𭤨	U+2D928	F
𭤩	U+2D929	F
𭤪	U+2D92A	F
𭤫	U+2D92B	F
𭤬	U+2D92C	F
𭤭	U+2D92D	F
𭤮	U+2D92E	F
𭤯	U+2D92F	F
𭤱	U+2D931	F
𭤲	U+2D932	F
𭤳	U+2D933	F
𭤴	U+2D934	F
𭤵	U+2D935	F
𭤶	U+2D936	F
𭤷	U+2D937	F
𭤸	U+2D938	F
𭤹	U+2D939	F
𭤺	U+2D93A	F
𭤻	U+2D93B	F
𭤼	U+2D93C	F
𭤽	U+2D93D	F
𭤾	U+2D93E	F
𭤿	U+2D93F	F
𭥀	U+2D940	F
𭥁	U+2D941	F
𭥂	U+2D942	F
𭥃	U+2D943	F
𭥄	U+2D944	F
𭥅	U+2D945	F
𭥆	U+2D946	F
𭥇	U+2D947	F
𭥈	U+2D948	F
𭥉	U+2D949	F
𭥊	U+2D94A	F
𭥋	U+2D94B	F
𭥌	U+2D94C	F
𭥍	U+2D94D	F
𭥎	U+2D94E	F
𭥏	U+2D94F	F
𭥐	U+2D950	F
𭥑	U+2D951	F
𭥒	U+2D952	F
𭥓	U+2D953	F
𭥔	U+2D954	F
𭥕	U+2D955	F
𭥖	U+2D956	F
𭥗	U+2D957	F
𭥘	U+2D958	F
𭥙	U+2D959	F
𭥚	U+2D95A	F
𭥛	U+2D95B	F
𭥜	U+2D95C	F
𭥝	U+2D95D	F
𭥞	U+2D95E	F
𭥟	U+2D95F	F
𭥠	U+2D960	F
𭥡	U+2D961	F
𭥢	U+2D962	F
𭥣	U+2D963	F
𭥤	U+2D964	F
𭥥	U+2D965	F
𭥦	U+2D966	F
𭥧	U+2D967	F
𭥨	U+2D968	F
𭥩	U+2D969	F
𭥪	U+2D96A	F
𭥫	U+2D96B	F
𭥬	U+2D96C	F
𭥭	U+2D96D	F
𭥮	U+2D96E	F
𭥯	U+2D96F	F
𭥰	U+2D970	F
𭥱	U+2D971	F
𭥲	U+2D972	F
𭥳	U+2D973	F
𭥴	U+2D974	F
𭥵	U+2D975	F
𭥶	U+2D976	F
𭥷	U+2D977	F
𭥸	U+2D978	F
𭥹	U+2D979	F
𭥺	U+2D97A	F
𭥻	U+2D97B	F
𭥼	U+2D97C	F
𭥽	U+2D97D	F
𭥾	U+2D97E	F
𭥿	U+2D97F	F
𭦀	U+2D980	F
𭦁	U+2D981	F
𭦂	U+2D982	F
𭦃	U+2D983	F
𭦄	U+2D984	F
𭦅	U+2D985	F
𭦆	U+2D986	F
𭦇	U+2D987	F
𭦈	U+2D988	F
𭦉	U+2D989	F
𭦊	U+2D98A	F
𭦋	U+2D98B	F
𭦌	U+2D98C	F
𭦍	U+2D98D	F
𭦎	U+2D98E	F
𭦏	U+2D98F	F
𭦐	U+2D990	F
𭦑	U+2D991	F
𭦒	U+2D992	F
𭦓	U+2D993	F
𭦔	U+2D994	F
𭦕	U+2D995	F
𭦖	U+2D996	F
𭦗	U+2D997	F
𭦘	U+2D998	F
𭦙	U+2D999	F
𭦚	U+2D99A	F
𭦛	U+2D99B	F
𭦜	U+2D99C	F
𭦝	U+2D99D	F
𭦞	U+2D99E	F
𭦟	U+2D99F	F
𭦠	U+2D9A0	F
𭦡	U+2D9A1	F
𭦢	U+2D9A2	F
𭦣	U+2D9A3	F
𭦤	U+2D9A4	F
𭦥	U+2D9A5	F
𭦦	U+2D9A6	F
𭦧	U+2D9A7	F
𭦨	U+2D9A8	F
𭦩	U+2D9A9	F
𭦪	U+2D9AA	F
𭦫	U+2D9AB	F
𭦬	U+2D9AC	F
𭦭	U+2D9AD	F
𭦮	U+2D9AE	F
𭦯	U+2D9AF	F
𭦰	U+2D9B0	F
𭦱	U+2D9B1	F
𭦲	U+2D9B2	F
𭦳	U+2D9B3	F
𭦴	U+2D9B4	F
𭦵	U+2D9B5	F
𭦶	U+2D9B6	F
𭦷	U+2D9B7	F
𭦸	U+2D9B8	F
𭦹	U+2D9B9	F
𭦺	U+2D9BA	F
𭦻	U+2D9BB	F
𭦼	U+2D9BC	F
𭦽	U+2D9BD	F
𭦾	U+2D9BE	F
𭦿	U+2D9BF	F
𭧀	U+2D9C0	F
𭧁	U+2D9C1	F
𭧂	U+2D9C2	F
𭧃	U+2D9C3	F
𭧄	U+2D9C4	F
𭧅	U+2D9C5	F
𭧆	U+2D9C6	F
𭧇	U+2D9C7	F
𭧈	U+2D9C8	F
𭧉	U+2D9C9	F
𭧊	U+2D9CA	F
𭧌	U+2D9CC	F
𭧍	U+2D9CD	F
𭧎	U+2D9CE	F
𭧏	U+2D9CF	F
𭧐	U+2D9D0	F
𭧑	U+2D9D1	F
𭧒	U+2D9D2	F
𭧓	U+2D9D3	F
𭧔	U+2D9D4	F
𭧕	U+2D9D5	F
𭧖	U+2D9D6	F
𭧗	U+2D9D7	F
𭧘	U+2D9D8	F
𭧙	U+2D9D9	F
𭧚	U+2D9DA	F
𭧛	U+2D9DB	F
𭧜	U+2D9DC	F
𭧝	U+2D9DD	F
𭧞	U+2D9DE	F
𭧟	U+2D9DF	F
𭧠	U+2D9E0	F
𭧡	U+2D9E1	F
𭧢	U+2D9E2	F
𭧣	U+2D9E3	F
𭧤	U+2D9E4	F
𭧥	U+2D9E5	F
𭧦	U+2D9E6	F
𭧧	U+2D9E7	F
𭧨	U+2D9E8	F
𭧩	U+2D9E9	F
𭧪	U+2D9EA	F
𭧫	U+2D9EB	F
𭧬	U+2D9EC	F
𭧭	U+2D9ED	F
𭧮	U+2D9EE	F
𭧯	U+2D9EF	F
𭧰	U+2D9F0	F
𭧱	U+2D9F1	F
𭧲	U+2D9F2	F
𭧳	U+2D9F3	F
𭧴	U+2D9F4	F
𭧵	U+2D9F5	F
𭧶	U+2D9F6	F
𭧷	U+2D9F7	F
𭧸	U+2D9F8	F
𭧹	U+2D9F9	F
𭧺	U+2D9FA	F
𭧻	U+2D9FB	F
𭧼	U+2D9FC	F
𭧽	U+2D9FD	F
𭧾	U+2D9FE	F
𭧿	U+2D9FF	F
𭨀	U+2DA00	F
𭨁	U+2DA01	F
𭨂	U+2DA02	F
𭨃	U+2DA03	F
𭨄	U+2DA04	F
𭨅	U+2DA05	F
𭨆	U+2DA06	F
𭨇	U+2DA07	F
𭨈	U+2DA08	F
𭨉	U+2DA09	F
𭨊	U+2DA0A	F
𭨋	U+2DA0B	F
𭨌	U+2DA0C	F
𭨍	U+2DA0D	F
𭨎	U+2DA0E	F
𭨏	U+2DA0F	F
𭨐	U+2DA10	F
𭨑	U+2DA11	F
𭨒	U+2DA12	F
𭨓	U+2DA13	F
𭨔	U+2DA14	F
𭨕	U+2DA15	F
𭨖	U+2DA16	F
𭨗	U+2DA17	F
𭨘	U+2DA18	F
𭨙	U+2DA19	F
𭨚	U+2DA1A	F
𭨛	U+2DA1B	F
𭨜	U+2DA1C	F
𭨝	U+2DA1D	F
𭨞	U+2DA1E	F
𭨟	U+2DA1F	F
𭨠	U+2DA20	F
𭨡	U+2DA21	F
𭨢	U+2DA22	F
𭨣	U+2DA23	F
𭨤	U+2DA24	F
𭨥	U+2DA25	F
𭨦	U+2DA26	F
𭨧	U+2DA27	F
𭨨	U+2DA28	F
𭨩	U+2DA29	F
𭨪	U+2DA2A	F
𭨫	U+2DA2B	F
𭨬	U+2DA2C	F
𭨭	U+2DA2D	F
𭨮	U+2DA2E	F
𭨯	U+2DA2F	F
𭨰	U+2DA30	F
𭨱	U+2DA31	F
𭨲	U+2DA32	F
𭨳	U+2DA33	F
𭨴	U+2DA34	F
𭨵	U+2DA35	F
𭨶	U+2DA36	F
𭨷	U+2DA37	F
𭨸	U+2DA38	F
𭨹	U+2DA39	F
𭨺	U+2DA3A	F
𭨻	U+2DA3B	F
𭨼	U+2DA3C	F
𭨽	U+2DA3D	F
𭨾	U+2DA3E	F
𭨿	U+2DA3F	F
𭩀	U+2DA40	F
𭩁	U+2DA41	F
𭩂	U+2DA42	F
𭩃	U+2DA43	F
𭩄	U+2DA44	F
𭩅	U+2DA45	F
𭩆	U+2DA46	F
𭩇	U+2DA47	F
𭩈	U+2DA48	F
𭩉	U+2DA49	F
𭩊	U+2DA4A	F
𭩋	U+2DA4B	F
𭩌	U+2DA4C	F
𭩍	U+2DA4D	F
𭩎	U+2DA4E	F
𭩏	U+2DA4F	F
𭩐	U+2DA50	F
𭩑	U+2DA51	F
𭩒	U+2DA52	F
𭩓	U+2DA53	F
𭩔	U+2DA54	F
𭩕	U+2DA55	F
𭩖	U+2DA56	F
𭩗	U+2DA57	F
𭩘	U+2DA58	F
𭩙	U+2DA59	F
𭩜	U+2DA5C	F
𭩝	U+2DA5D	F
𭩞	U+2DA5E	F
𭩟	U+2DA5F	F
𭩠	U+2DA60	F
𭩡	U+2DA61	F
𭩢	U+2DA62	F
𭩣	U+2DA63	F
𭩤	U+2DA64	F
𭩥	U+2DA65	F
𭩦	U+2DA66	F
𭩧	U+2DA67	F
𭩨	U+2DA68	F
𭩩	U+2DA69	F
𭩪	U+2DA6A	F
𭩫	U+2DA6B	F
𭩬	U+2DA6C	F
𭩭	U+2DA6D	F
𭩮	U+2DA6E	F
𭩯	U+2DA6F	F
𭩱	U+2DA71	F
𭩲	U+2DA72	F
𭩳	U+2DA73	F
𭩴	U+2DA74	F
𭩵	U+2DA75	F
𭩶	U+2DA76	F
𭩷	U+2DA77	F
𭩸	U+2DA78	F
𭩹	U+2DA79	F
𭩺	U+2DA7A	F
𭩻	U+2DA7B	F
𭩼	U+2DA7C	F
𭩽	U+2DA7D	F
𭩾	U+2DA7E	F
𭩿	U+2DA7F	F
𭪀	U+2DA80	F
𭪁	U+2DA81	F
𭪂	U+2DA82	F
𭪃	U+2DA83	F
𭪄	U+2DA84	F
𭪅	U+2DA85	F
𭪇	U+2DA87	F
𭪈	U+2DA88	F
𭪉	U+2DA89	F
𭪊	U+2DA8A	F
𭪋	U+2DA8B	F
𭪌	U+2DA8C	F
𭪍	U+2DA8D	F
𭪎	U+2DA8E	F
𭪏	U+2DA8F	F
𭪐	U+2DA90	F
𭪑	U+2DA91	F
𭪒	U+2DA92	F
𭪓	U+2DA93	F
𭪔	U+2DA94	F
𭪕	U+2DA95	F
𭪖	U+2DA96	F
𭪗	U+2DA97	F
𭪘	U+2DA98	F
𭪙	U+2DA99	F
𭪚	U+2DA9A	F
𭪛	U+2DA9B	F
𭪜	U+2DA9C	F
𭪝	U+2DA9D	F
𭪞	U+2DA9E	F
𭪟	U+2DA9F	F
𭪠	U+2DAA0	F
𭪡	U+2DAA1	F
𭪢	U+2DAA2	F
𭪣	U+2DAA3	F
𭪤	U+2DAA4	F
𭪥	U+2DAA5	F
𭪦	U+2DAA6	F
𭪧	U+2DAA7	F
𭪨	U+2DAA8	F
𭪩	U+2DAA9	F
𭪪	U+2DAAA	F
𭪫	U+2DAAB	F
𭪬	U+2DAAC	F
𭪭	U+2DAAD	F
𭪮	U+2DAAE	F
𭪯	U+2DAAF	F
𭪰	U+2DAB0	F
𭪱	U+2DAB1	F
𭪲	U+2DAB2	F
𭪳	U+2DAB3	F
𭪴	U+2DAB4	F
𭪵	U+2DAB5	F
𭪶	U+2DAB6	F
𭪷	U+2DAB7	F
𭪸	U+2DAB8	F
𭪹	U+2DAB9	F
𭪺	U+2DABA	F
𭪻	U+2DABB	F
𭪼	U+2DABC	F
𭪽	U+2DABD	F
𭪾	U+2DABE	F
𭪿	U+2DABF	F
𭫁	U+2DAC1	F
𭫂	U+2DAC2	F
𭫃	U+2DAC3	F
𭫄	U+2DAC4	F
𭫅	U+2DAC5	F
𭫆	U+2DAC6	F
𭫇	U+2DAC7	F
𭫈	U+2DAC8	F
𭫉	U+2DAC9	F
𭫊	U+2DACA	F
𭫋	U+2DACB	F
𭫌	U+2DACC	F
𭫍	U+2DACD	F
𭫎	U+2DACE	F
𭫏	U+2DACF	F
𭫐	U+2DAD0	F
𭫑	U+2DAD1	F
𭫒	U+2DAD2	F
𭫓	U+2DAD3	F
𭫔	U+2DAD4	F
𭫕	U+2DAD5	F
𭫖	U+2DAD6	F
𭫗	U+2DAD7	F
𭫘	U+2DAD8	F
𭫚	U+2DADA	F
𭫛	U+2DADB	F
𭫜	U+2DADC	F
𭫝	U+2DADD	F
𭫞	U+2DADE	F
𭫟	U+2DADF	F
𭫠	U+2DAE0	F
𭫡	U+2DAE1	F
𭫢	U+2DAE2	F
𭫣	U+2DAE3	F
𭫤	U+2DAE4	F
𭫥	U+2DAE5	F
𭫦	U+2DAE6	F
𭫧	U+2DAE7	F
𭫨	U+2DAE8	F
𭫩	U+2DAE9	F
𭫪	U+2DAEA	F
𭫫	U+2DAEB	F
𭫬	U+2DAEC	F
𭫭	U+2DAED	F
𭫮	U+2DAEE	F
𭫯	U+2DAEF	F
𭫰	U+2DAF0	F
𭫱	U+2DAF1	F
𭫲	U+2DAF2	F
𭫳	U+2DAF3	F
𭫴	U+2DAF4	F
𭫵	U+2DAF5	F
𭫶	U+2DAF6	F
𭫷	U+2DAF7	F
𭫸	U+2DAF8	F
𭫹	U+2DAF9	F
𭫺	U+2DAFA	F
𭫻	U+2DAFB	F
𭫼	U+2DAFC	F
𭫽	U+2DAFD	F
𭫾	U+2DAFE	F
𭫿	U+2DAFF	F
𭬀	U+2DB00	F
𭬁	U+2DB01	F
𭬂	U+2DB02	F
𭬃	U+2DB03	F
𭬄	U+2DB04	F
𭬅	U+2DB05	F
𭬆	U+2DB06	F
𭬇	U+2DB07	F
𭬈	U+2DB08	F
𭬉	U+2DB09	F
𭬊	U+2DB0A	F
𭬋	U+2DB0B	F
𭬌	U+2DB0C	F
𭬍	U+2DB0D	F
𭬎	U+2DB0E	F
𭬏	U+2DB0F	F
𭬐	U+2DB10	F
𭬑	U+2DB11	F
𭬒	U+2DB12	F
𭬓	U+2DB13	F
𭬔	U+2DB14	F
𭬕	U+2DB15	F
𭬖	U+2DB16	F
𭬗	U+2DB17	F
𭬘	U+2DB18	F
𭬙	U+2DB19	F
𭬚	U+2DB1A	F
𭬛	U+2DB1B	F
𭬜	U+2DB1C	F
𭬝	U+2DB1D	F
𭬞	U+2DB1E	F
𭬟	U+2DB1F	F
𭬠	U+2DB20	F
𭬡	U+2DB21	F
𭬢	U+2DB22	F
𭬣	U+2DB23	F
𭬤	U+2DB24	F
𭬥	U+2DB25	F
𭬦	U+2DB26	F
𭬧	U+2DB27	F
𭬨	U+2DB28	F
𭬩	U+2DB29	F
𭬪	U+2DB2A	F
𭬫	U+2DB2B	F
𭬬	U+2DB2C	F
𭬭	U+2DB2D	F
𭬮	U+2DB2E	F
𭬯	U+2DB2F	F
𭬰	U+2DB30	F
𭬱	U+2DB31	F
𭬲	U+2DB32	F
𭬳	U+2DB33	F
𭬴	U+2DB34	F
𭬵	U+2DB35	F
𭬶	U+2DB36	F
𭬷	U+2DB37	F
𭬸	U+2DB38	F
𭬹	U+2DB39	F
𭬺	U+2DB3A	F
𭬻	U+2DB3B	F
𭬼	U+2DB3C	F
𭬽	U+2DB3D	F
𭬾	U+2DB3E	F
𭬿	U+2DB3F	F
𭭀	U+2DB40	F
𭭁	U+2DB41	F
𭭂	U+2DB42	F
𭭃	U+2DB43	F
𭭄	U+2DB44	F
𭭅	U+2DB45	F
𭭆	U+2DB46	F
𭭇	U+2DB47	F
𭭉	U+2DB49	F
𭭊	U+2DB4A	F
𭭋	U+2DB4B	F
𭭌	U+2DB4C	F
𭭍	U+2DB4D	F
𭭎	U+2DB4E	F
𭭏	U+2DB4F	F
𭭐	U+2DB50	F
𭭑	U+2DB51	F
𭭒	U+2DB52	F
𭭓	U+2DB53	F
𭭔	U+2DB54	F
𭭕	U+2DB55	F
𭭖	U+2DB56	F
𭭗	U+2DB57	F
𭭘	U+2DB58	F
𭭙	U+2DB59	F
𭭚	U+2DB5A	F
𭭛	U+2DB5B	F
𭭜	U+2DB5C	F
𭭝	U+2DB5D	F
𭭞	U+2DB5E	F
𭭟	U+2DB5F	F
𭭠	U+2DB60	F
𭭡	U+2DB61	F
𭭢	U+2DB62	F
𭭣	U+2DB63	F
𭭤	U+2DB64	F
𭭥	U+2DB65	F
𭭦	U+2DB66	F
𭭧	U+2DB67	F
𭭨	U+2DB68	F
𭭩	U+2DB69	F
𭭪	U+2DB6A	F
𭭫	U+2DB6B	F
𭭬	U+2DB6C	F
𭭭	U+2DB6D	F
𭭮	U+2DB6E	F
𭭯	U+2DB6F	F
𭭰	U+2DB70	F
𭭱	U+2DB71	F
𭭲	U+2DB72	F
𭭳	U+2DB73	F
𭭴	U+2DB74	F
𭭵	U+2DB75	F
𭭶	U+2DB76	F
𭭷	U+2DB77	F
𭭸	U+2DB78	F
𭭹	U+2DB79	F
𭭺	U+2DB7A	F
𭭻	U+2DB7B	F
𭭼	U+2DB7C	F
𭭽	U+2DB7D	F
𭭾	U+2DB7E	F
𭭿	U+2DB7F	F
𭮀	U+2DB80	F
𭮁	U+2DB81	F
𭮂	U+2DB82	F
𭮃	U+2DB83	F
𭮄	U+2DB84	F
𭮅	U+2DB85	F
𭮆	U+2DB86	F
𭮇	U+2DB87	F
𭮈	U+2DB88	F
𭮉	U+2DB89	F
𭮊	U+2DB8A	F
𭮋	U+2DB8B	F
𭮌	U+2DB8C	F
𭮍	U+2DB8D	F
𭮎	U+2DB8E	F
𭮏	U+2DB8F	F
𭮐	U+2DB90	F
𭮑	U+2DB91	F
𭮒	U+2DB92	F
𭮓	U+2DB93	F
𭮔	U+2DB94	F
𭮕	U+2DB95	F
𭮖	U+2DB96	F
𭮗	U+2DB97	F
𭮘	U+2DB98	F
𭮙	U+2DB99	F
𭮚	U+2DB9A	F
𭮛	U+2DB9B	F
𭮜	U+2DB9C	F
𭮝	U+2DB9D	F
𭮞	U+2DB9E	F
𭮟	U+2DB9F	F
𭮠	U+2DBA0	F
𭮡	U+2DBA1	F
𭮢	U+2DBA2	F
𭮣	U+2DBA3	F
𭮤	U+2DBA4	F
𭮥	U+2DBA5	F
𭮦	U+2DBA6	F
𭮧	U+2DBA7	F
𭮨	U+2DBA8	F
𭮩	U+2DBA9	F
𭮪	U+2DBAA	F
𭮫	U+2DBAB	F
𭮬	U+2DBAC	F
𭮭	U+2DBAD	F
𭮮	U+2DBAE	F
𭮯	U+2DBAF	F
𭮰	U+2DBB0	F
𭮱	U+2DBB1	F
𭮲	U+2DBB2	F
𭮳	U+2DBB3	F
𭮴	U+2DBB4	F
𭮵	U+2DBB5	F
𭮶	U+2DBB6	F
𭮷	U+2DBB7	F
𭮸	U+2DBB8	F
𭮹	U+2DBB9	F
𭮺	U+2DBBA	F
𭮻	U+2DBBB	F
𭮼	U+2DBBC	F
𭮽	U+2DBBD	F
𭮾	U+2DBBE	F
𭮿	U+2DBBF	F
𭯀	U+2DBC0	F
𭯁	U+2DBC1	F
𭯂	U+2DBC2	F
𭯃	U+2DBC3	F
𭯄	U+2DBC4	F
𭯅	U+2DBC5	F
𭯆	U+2DBC6	F
𭯇	U+2DBC7	F
𭯈	U+2DBC8	F
𭯉	U+2DBC9	F
𭯊	U+2DBCA	F
𭯋	U+2DBCB	F
𭯌	U+2DBCC	F
𭯍	U+2DBCD	F
𭯎	U+2DBCE	F
𭯏	U+2DBCF	F
𭯐	U+2DBD0	F
𭯑	U+2DBD1	F
𭯒	U+2DBD2	F
𭯓	U+2DBD3	F
𭯔	U+2DBD4	F
𭯕	U+2DBD5	F
𭯖	U+2DBD6	F
𭯗	U+2DBD7	F
𭯘	U+2DBD8	F
𭯙	U+2DBD9	F
𭯚	U+2DBDA	F
𭯛	U+2DBDB	F
𭯜	U+2DBDC	F
𭯝	U+2DBDD	F
𭯞	U+2DBDE	F
𭯟	U+2DBDF	F
𭯠	U+2DBE0	F
𭯡	U+2DBE1	F
𭯢	U+2DBE2	F
𭯣	U+2DBE3	F
𭯤	U+2DBE4	F
𭯥	U+2DBE5	F
𭯦	U+2DBE6	F
𭯧	U+2DBE7	F
𭯨	U+2DBE8	F
𭯩	U+2DBE9	F
𭯪	U+2DBEA	F
𭯫	U+2DBEB	F
𭯬	U+2DBEC	F
𭯭	U+2DBED	F
𭯮	U+2DBEE	F
𭯯	U+2DBEF	F
𭯰	U+2DBF0	F
𭯱	U+2DBF1	F
𭯲	U+2DBF2	F
𭯳	U+2DBF3	F
𭯴	U+2DBF4	F
𭯵	U+2DBF5	F
𭯶	U+2DBF6	F
𭯷	U+2DBF7	F
𭯸	U+2DBF8	F
𭯹	U+2DBF9	F
𭯺	U+2DBFA	F
𭯻	U+2DBFB	F
𭯼	U+2DBFC	F
𭯽	U+2DBFD	F
𭯾	U+2DBFE	F
𭯿	U+2DBFF	F
𭰀	U+2DC00	F
𭰁	U+2DC01	F
𭰂	U+2DC02	F
𭰃	U+2DC03	F
𭰄	U+2DC04	F
𭰅	U+2DC05	F
𭰆	U+2DC06	F
𭰇	U+2DC07	F
𭰈	U+2DC08	F
𭰊	U+2DC0A	F
𭰋	U+2DC0B	F
𭰌	U+2DC0C	F
𭰍	U+2DC0D	F
𭰏	U+2DC0F	F
𭰐	U+2DC10	F
𭰑	U+2DC11	F
𭰓	U+2DC13	F
𭰔	U+2DC14	F
𭰕	U+2DC15	F
𭰖	U+2DC16	F
𭰗	U+2DC17	F
𭰘	U+2DC18	F
𭰙	U+2DC19	F
𭰚	U+2DC1A	F
𭰛	U+2DC1B	F
𭰜	U+2DC1C	F
𭰝	U+2DC1D	F
𭰞	U+2DC1E	F
𭰟	U+2DC1F	F
𭰠	U+2DC20	F
𭰡	U+2DC21	F
𭰢	U+2DC22	F
𭰣	U+2DC23	F
𭰤	U+2DC24	F
𭰥	U+2DC25	F
𭰦	U+2DC26	F
𭰧	U+2DC27	F
𭰨	U+2DC28	F
𭰩	U+2DC29	F
𭰪	U+2DC2A	F
𭰫	U+2DC2B	F
𭰬	U+2DC2C	F
𭰭	U+2DC2D	F
𭰮	U+2DC2E	F
𭰯	U+2DC2F	F
𭰰	U+2DC30	F
𭰱	U+2DC31	F
𭰲	U+2DC32	F
𭰳	U+2DC33	F
𭰴	U+2DC34	F
𭰵	U+2DC35	F
𭰶	U+2DC36	F
𭰷	U+2DC37	F
𭰸	U+2DC38	F
𭰹	U+2DC39	F
𭰺	U+2DC3A	F
𭰻	U+2DC3B	F
𭰼	U+2DC3C	F
𭰽	U+2DC3D	F
𭰾	U+2DC3E	F
𭰿	U+2DC3F	F
𭱀	U+2DC40	F
𭱁	U+2DC41	F
𭱂	U+2DC42	F
𭱃	U+2DC43	F
𭱄	U+2DC44	F
𭱅	U+2DC45	F
𭱆	U+2DC46	F
𭱇	U+2DC47	F
𭱈	U+2DC48	F
𭱉	U+2DC49	F
𭱋	U+2DC4B	F
𭱌	U+2DC4C	F
𭱍	U+2DC4D	F
𭱎	U+2DC4E	F
𭱏	U+2DC4F	F
𭱐	U+2DC50	F
𭱑	U+2DC51	F
𭱒	U+2DC52	F
𭱓	U+2DC53	F
𭱔	U+2DC54	F
𭱕	U+2DC55	F
𭱖	U+2DC56	F
𭱗	U+2DC57	F
𭱘	U+2DC58	F
𭱙	U+2DC59	F
𭱚	U+2DC5A	F
𭱛	U+2DC5B	F
𭱜	U+2DC5C	F
𭱝	U+2DC5D	F
𭱞	U+2DC5E	F
𭱟	U+2DC5F	F
𭱠	U+2DC60	F
𭱡	U+2DC61	F
𭱢	U+2DC62	F
𭱣	U+2DC63	F
𭱤	U+2DC64	F
𭱥	U+2DC65	F
𭱦	U+2DC66	F
𭱧	U+2DC67	F
𭱨	U+2DC68	F
𭱩	U+2DC69	F
𭱪	U+2DC6A	F
𭱫	U+2DC6B	F
𭱬	U+2DC6C	F
𭱭	U+2DC6D	F
𭱮	U+2DC6E	F
𭱯	U+2DC6F	F
𭱰	U+2DC70	F
𭱱	U+2DC71	F
𭱲	U+2DC72	F
𭱳	U+2DC73	F
𭱴	U+2DC74	F
𭱵	U+2DC75	F
𭱶	U+2DC76	F
𭱷	U+2DC77	F
𭱸	U+2DC78	F
𭱹	U+2DC79	F
𭱺	U+2DC7A	F
𭱻	U+2DC7B	F
𭱼	U+2DC7C	F
𭱽	U+2DC7D	F
𭱾	U+2DC7E	F
𭱿	U+2DC7F	F
𭲀	U+2DC80	F
𭲁	U+2DC81	F
𭲂	U+2DC82	F
𭲃	U+2DC83	F
𭲄	U+2DC84	F
𭲅	U+2DC85	F
𭲆	U+2DC86	F
𭲇	U+2DC87	F
𭲈	U+2DC88	F
𭲉	U+2DC89	F
𭲊	U+2DC8A	F
𭲋	U+2DC8B	F
𭲌	U+2DC8C	F
𭲍	U+2DC8D	F
𭲎	U+2DC8E	F
𭲏	U+2DC8F	F
𭲐	U+2DC90	F
𭲑	U+2DC91	F
𭲒	U+2DC92	F
𭲓	U+2DC93	F
𭲔	U+2DC94	F
𭲕	U+2DC95	F
𭲖	U+2DC96	F
𭲗	U+2DC97	F
𭲘	U+2DC98	F
𭲙	U+2DC99	F
𭲚	U+2DC9A	F
𭲛	U+2DC9B	F
𭲜	U+2DC9C	F
𭲝	U+2DC9D	F
𭲞	U+2DC9E	F
𭲟	U+2DC9F	F
𭲠	U+2DCA0	F
𭲡	U+2DCA1	F
𭲢	U+2DCA2	F
𭲣	U+2DCA3	F
𭲤	U+2DCA4	F
𭲥	U+2DCA5	F
𭲦	U+2DCA6	F
𭲧	U+2DCA7	F
𭲨	U+2DCA8	F
𭲩	U+2DCA9	F
𭲪	U+2DCAA	F
𭲬	U+2DCAC	F
𭲭	U+2DCAD	F
𭲮	U+2DCAE	F
𭲯	U+2DCAF	F
𭲰	U+2DCB0	F
𭲱	U+2DCB1	F
𭲲	U+2DCB2	F
𭲳	U+2DCB3	F
𭲴	U+2DCB4	F
𭲵	U+2DCB5	F
𭲶	U+2DCB6	F
𭲷	U+2DCB7	F
𭲸	U+2DCB8	F
𭲹	U+2DCB9	F
𭲺	U+2DCBA	F
𭲻	U+2DCBB	F
𭲼	U+2DCBC	F
𭲽	U+2DCBD	F
𭲾	U+2DCBE	F
𭲿	U+2DCBF	F
𭳀	U+2DCC0	F
𭳁	U+2DCC1	F
𭳂	U+2DCC2	F
𭳃	U+2DCC3	F
𭳄	U+2DCC4	F
𭳅	U+2DCC5	F
𭳆	U+2DCC6	F
𭳇	U+2DCC7	F
𭳈	U+2DCC8	F
𭳉	U+2DCC9	F
𭳊	U+2DCCA	F
𭳋	U+2DCCB	F
𭳌	U+2DCCC	F
𭳍	U+2DCCD	F
𭳎	U+2DCCE	F
𭳏	U+2DCCF	F
𭳐	U+2DCD0	F
𭳑	U+2DCD1	F
𭳒	U+2DCD2	F
𭳓	U+2DCD3	F
𭳔	U+2DCD4	F
𭳕	U+2DCD5	F
𭳖	U+2DCD6	F
𭳗	U+2DCD7	F
𭳘	U+2DCD8	F
𭳙	U+2DCD9	F
𭳚	U+2DCDA	F
𭳛	U+2DCDB	F
𭳜	U+2DCDC	F
𭳝	U+2DCDD	F
𭳞	U+2DCDE	F
𭳟	U+2DCDF	F
𭳠	U+2DCE0	F
𭳡	U+2DCE1	F
𭳢	U+2DCE2	F
𭳣	U+2DCE3	F
𭳤	U+2DCE4	F
𭳥	U+2DCE5	F
𭳦	U+2DCE6	F
𭳧	U+2DCE7	F
𭳨	U+2DCE8	F
𭳩	U+2DCE9	F
𭳪	U+2DCEA	F
𭳫	U+2DCEB	F
𭳬	U+2DCEC	F
𭳭	U+2DCED	F
𭳮	U+2DCEE	F
𭳯	U+2DCEF	F
𭳰	U+2DCF0	F
𭳱	U+2DCF1	F
𭳲	U+2DCF2	F
𭳳	U+2DCF3	F
𭳴	U+2DCF4	F
𭳵	U+2DCF5	F
𭳶	U+2DCF6	F
𭳷	U+2DCF7	F
𭳸	U+2DCF8	F
𭳹	U+2DCF9	F
𭳺	U+2DCFA	F
𭳻	U+2DCFB	F
𭳼	U+2DCFC	F
𭳽	U+2DCFD	F
𭳾	U+2DCFE	F
𭳿	U+2DCFF	F
𭴀	U+2DD00	F
𭴁	U+2DD01	F
𭴂	U+2DD02	F
𭴃	U+2DD03	F
𭴄	U+2DD04	F
𭴅	U+2DD05	F
𭴆	U+2DD06	F
𭴇	U+2DD07	F
𭴈	U+2DD08	F
𭴉	U+2DD09	F
𭴋	U+2DD0B	F
𭴌	U+2DD0C	F
𭴍	U+2DD0D	F
𭴎	U+2DD0E	F
𭴏	U+2DD0F	F
𭴐	U+2DD10	F
𭴑	U+2DD11	F
𭴒	U+2DD12	F
𭴓	U+2DD13	F
𭴔	U+2DD14	F
𭴕	U+2DD15	F
𭴖	U+2DD16	F
𭴗	U+2DD17	F
𭴘	U+2DD18	F
𭴙	U+2DD19	F
𭴚	U+2DD1A	F
𭴛	U+2DD1B	F
𭴜	U+2DD1C	F
𭴝	U+2DD1D	F
𭴞	U+2DD1E	F
𭴟	U+2DD1F	F
𭴠	U+2DD20	F
𭴡	U+2DD21	F
𭴢	U+2DD22	F
𭴣	U+2DD23	F
𭴤	U+2DD24	F
𭴥	U+2DD25	F
𭴦	U+2DD26	F
𭴧	U+2DD27	F
𭴨	U+2DD28	F
𭴩	U+2DD29	F
𭴪	U+2DD2A	F
𭴫	U+2DD2B	F
𭴬	U+2DD2C	F
𭴭	U+2DD2D	F
𭴮	U+2DD2E	F
𭴯	U+2DD2F	F
𭴰	U+2DD30	F
𭴱	U+2DD31	F
𭴲	U+2DD32	F
𭴳	U+2DD33	F
𭴴	U+2DD34	F
𭴵	U+2DD35	F
𭴶	U+2DD36	F
𭴷	U+2DD37	F
𭴸	U+2DD38	F
𭴹	U+2DD39	F
𭴺	U+2DD3A	F
𭴻	U+2DD3B	F
𭴼	U+2DD3C	F
𭴽	U+2DD3D	F
𭴾	U+2DD3E	F
𭴿	U+2DD3F	F
𭵀	U+2DD40	F
𭵁	U+2DD41	F
𭵂	U+2DD42	F
𭵃	U+2DD43	F
𭵄	U+2DD44	F
𭵅	U+2DD45	F
𭵆	U+2DD46	F
𭵇	U+2DD47	F
𭵈	U+2DD48	F
𭵉	U+2DD49	F
𭵊	U+2DD4A	F
𭵋	U+2DD4B	F
𭵌	U+2DD4C	F
𭵍	U+2DD4D	F
𭵎	U+2DD4E	F
𭵏	U+2DD4F	F
𭵐	U+2DD50	F
𭵑	U+2DD51	F
𭵒	U+2DD52	F
𭵓	U+2DD53	F
𭵔	U+2DD54	F
𭵕	U+2DD55	F
𭵖	U+2DD56	F
𭵗	U+2DD57	F
𭵘	U+2DD58	F
𭵙	U+2DD59	F
𭵚	U+2DD5A	F
𭵛	U+2DD5B	F
𭵜	U+2DD5C	F
𭵝	U+2DD5D	F
𭵞	U+2DD5E	F
𭵟	U+2DD5F	F
𭵠	U+2DD60	F
𭵡	U+2DD61	F
𭵢	U+2DD62	F
𭵣	U+2DD63	F
𭵤	U+2DD64	F
𭵥	U+2DD65	F
𭵦	U+2DD66	F
𭵧	U+2DD67	F
𭵨	U+2DD68	F
𭵩	U+2DD69	F
𭵪	U+2DD6A	F
𭵫	U+2DD6B	F
𭵬	U+2DD6C	F
𭵭	U+2DD6D	F
𭵮	U+2DD6E	F
𭵯	U+2DD6F	F
𭵰	U+2DD70	F
𭵱	U+2DD71	F
𭵲	U+2DD72	F
𭵳	U+2DD73	F
𭵴	U+2DD74	F
𭵵	U+2DD75	F
𭵶	U+2DD76	F
𭵷	U+2DD77	F
𭵸	U+2DD78	F
𭵹	U+2DD79	F
𭵺	U+2DD7A	F
𭵻	U+2DD7B	F
𭵼	U+2DD7C	F
𭵽	U+2DD7D	F
𭵾	U+2DD7E	F
𭵿	U+2DD7F	F
𭶀	U+2DD80	F
𭶁	U+2DD81	F
𭶂	U+2DD82	F
𭶃	U+2DD83	F
𭶄	U+2DD84	F
𭶅	U+2DD85	F
𭶆	U+2DD86	F
𭶇	U+2DD87	F
𭶈	U+2DD88	F
𭶉	U+2DD89	F
𭶊	U+2DD8A	F
𭶋	U+2DD8B	F
𭶌	U+2DD8C	F
𭶍	U+2DD8D	F
𭶎	U+2DD8E	F
𭶏	U+2DD8F	F
𭶐	U+2DD90	F
𭶑	U+2DD91	F
𭶒	U+2DD92	F
𭶓	U+2DD93	F
𭶔	U+2DD94	F
𭶕	U+2DD95	F
𭶖	U+2DD96	F
𭶗	U+2DD97	F
𭶘	U+2DD98	F
𭶙	U+2DD99	F
𭶚	U+2DD9A	F
𭶛	U+2DD9B	F
𭶜	U+2DD9C	F
𭶝	U+2DD9D	F
𭶞	U+2DD9E	F
𭶟	U+2DD9F	F
𭶠	U+2DDA0	F
𭶡	U+2DDA1	F
𭶢	U+2DDA2	F
𭶣	U+2DDA3	F
𭶤	U+2DDA4	F
𭶥	U+2DDA5	F
𭶦	U+2DDA6	F
𭶧	U+2DDA7	F
𭶨	U+2DDA8	F
𭶩	U+2DDA9	F
𭶪	U+2DDAA	F
𭶫	U+2DDAB	F
𭶬	U+2DDAC	F
𭶭	U+2DDAD	F
𭶮	U+2DDAE	F
𭶯	U+2DDAF	F
𭶰	U+2DDB0	F
𭶱	U+2DDB1	F
𭶲	U+2DDB2	F
𭶳	U+2DDB3	F
𭶴	U+2DDB4	F
𭶵	U+2DDB5	F
𭶶	U+2DDB6	F
𭶷	U+2DDB7	F
𭶸	U+2DDB8	F
𭶹	U+2DDB9	F
𭶺	U+2DDBA	F
𭶻	U+2DDBB	F
𭶼	U+2DDBC	F
𭶽	U+2DDBD	F
𭶾	U+2DDBE	F
𭶿	U+2DDBF	F
𭷀	U+2DDC0	F
𭷁	U+2DDC1	F
𭷂	U+2DDC2	F
𭷃	U+2DDC3	F
𭷄	U+2DDC4	F
𭷅	U+2DDC5	F
𭷆	U+2DDC6	F
𭷇	U+2DDC7	F
𭷈	U+2DDC8	F
𭷉	U+2DDC9	F
𭷊	U+2DDCA	F
𭷋	U+2DDCB	F
𭷌	U+2DDCC	F
𭷍	U+2DDCD	F
𭷎	U+2DDCE	F
𭷏	U+2DDCF	F
𭷐	U+2DDD0	F
𭷑	U+2DDD1	F
𭷒	U+2DDD2	F
𭷓	U+2DDD3	F
𭷔	U+2DDD4	F
𭷕	U+2DDD5	F
𭷖	U+2DDD6	F
𭷗	U+2DDD7	F
𭷘	U+2DDD8	F
𭷙	U+2DDD9	F
𭷚	U+2DDDA	F
𭷛	U+2DDDB	F
𭷜	U+2DDDC	F
𭷝	U+2DDDD	F
𭷞	U+2DDDE	F
𭷟	U+2DDDF	F
𭷠	U+2DDE0	F
𭷡	U+2DDE1	F
𭷢	U+2DDE2	F
𭷣	U+2DDE3	F
𭷤	U+2DDE4	F
𭷥	U+2DDE5	F
𭷦	U+2DDE6	F
𭷧	U+2DDE7	F
𭷨	U+2DDE8	F
𭷩	U+2DDE9	F
𭷪	U+2DDEA	F
𭷫	U+2DDEB	F
𭷬	U+2DDEC	F
𭷭	U+2DDED	F
𭷮	U+2DDEE	F
𭷯	U+2DDEF	F
𭷰	U+2DDF0	F
𭷱	U+2DDF1	F
𭷲	U+2DDF2	F
𭷳	U+2DDF3	F
𭷴	U+2DDF4	F
𭷵	U+2DDF5	F
𭷶	U+2DDF6	F
𭷷	U+2DDF7	F
𭷸	U+2DDF8	F
𭷹	U+2DDF9	F
𭷺	U+2DDFA	F
𭷻	U+2DDFB	F
𭷼	U+2DDFC	F
𭷽	U+2DDFD	F
𭷾	U+2DDFE	F
𭷿	U+2DDFF	F
𭸀	U+2DE00	F
𭸁	U+2DE01	F
𭸂	U+2DE02	F
𭸃	U+2DE03	F
𭸄	U+2DE04	F
𭸅	U+2DE05	F
𭸆	U+2DE06	F
𭸇	U+2DE07	F
𭸈	U+2DE08	F
𭸉	U+2DE09	F
𭸊	U+2DE0A	F
𭸋	U+2DE0B	F
𭸌	U+2DE0C	F
𭸍	U+2DE0D	F
𭸎	U+2DE0E	F
𭸏	U+2DE0F	F
𭸐	U+2DE10	F
𭸑	U+2DE11	F
𭸒	U+2DE12	F
𭸓	U+2DE13	F
𭸔	U+2DE14	F
𭸕	U+2DE15	F
𭸖	U+2DE16	F
𭸗	U+2DE17	F
𭸘	U+2DE18	F
𭸙	U+2DE19	F
𭸚	U+2DE1A	F
𭸛	U+2DE1B	F
𭸜	U+2DE1C	F
𭸝	U+2DE1D	F
𭸞	U+2DE1E	F
𭸟	U+2DE1F	F
𭸠	U+2DE20	F
𭸡	U+2DE21	F
𭸢	U+2DE22	F
𭸣	U+2DE23	F
𭸤	U+2DE24	F
𭸥	U+2DE25	F
𭸦	U+2DE26	F
𭸧	U+2DE27	F
𭸨	U+2DE28	F
𭸩	U+2DE29	F
𭸪	U+2DE2A	F
𭸫	U+2DE2B	F
𭸬	U+2DE2C	F
𭸭	U+2DE2D	F
𭸮	U+2DE2E	F
𭸯	U+2DE2F	F
𭸰	U+2DE30	F
𭸱	U+2DE31	F
𭸲	U+2DE32	F
𭸳	U+2DE33	F
𭸴	U+2DE34	F
𭸵	U+2DE35	F
𭸶	U+2DE36	F
𭸷	U+2DE37	F
𭸸	U+2DE38	F
𭸹	U+2DE39	F
𭸺	U+2DE3A	F
𭸻	U+2DE3B	F
𭸼	U+2DE3C	F
𭸽	U+2DE3D	F
𭸾	U+2DE3E	F
𭸿	U+2DE3F	F
𭹀	U+2DE40	F
𭹁	U+2DE41	F
𭹂	U+2DE42	F
𭹃	U+2DE43	F
𭹄	U+2DE44	F
𭹅	U+2DE45	F
𭹆	U+2DE46	F
𭹇	U+2DE47	F
𭹈	U+2DE48	F
𭹉	U+2DE49	F
𭹊	U+2DE4A	F
𭹋	U+2DE4B	F
𭹌	U+2DE4C	F
𭹍	U+2DE4D	F
𭹎	U+2DE4E	F
𭹏	U+2DE4F	F
𭹐	U+2DE50	F
𭹑	U+2DE51	F
𭹒	U+2DE52	F
𭹓	U+2DE53	F
𭹔	U+2DE54	F
𭹕	U+2DE55	F
𭹖	U+2DE56	F
𭹗	U+2DE57	F
𭹘	U+2DE58	F
𭹙	U+2DE59	F
𭹚	U+2DE5A	F
𭹛	U+2DE5B	F
𭹝	U+2DE5D	F
𭹞	U+2DE5E	F
𭹟	U+2DE5F	F
𭹠	U+2DE60	F
𭹡	U+2DE61	F
𭹢	U+2DE62	F
𭹣	U+2DE63	F
𭹤	U+2DE64	F
𭹥	U+2DE65	F
𭹦	U+2DE66	F
𭹧	U+2DE67	F
𭹨	U+2DE68	F
𭹩	U+2DE69	F
𭹪	U+2DE6A	F
𭹫	U+2DE6B	F
𭹬	U+2DE6C	F
𭹭	U+2DE6D	F
𭹮	U+2DE6E	F
𭹯	U+2DE6F	F
𭹰	U+2DE70	F
𭹱	U+2DE71	F
𭹲	U+2DE72	F
𭹳	U+2DE73	F
𭹴	U+2DE74	F
𭹵	U+2DE75	F
𭹶	U+2DE76	F
𭹷	U+2DE77	F
𭹸	U+2DE78	F
𭹹	U+2DE79	F
𭹺	U+2DE7A	F
𭹻	U+2DE7B	F
𭹼	U+2DE7C	F
𭹽	U+2DE7D	F
𭹾	U+2DE7E	F
𭹿	U+2DE7F	F
𭺀	U+2DE80	F
𭺁	U+2DE81	F
𭺂	U+2DE82	F
𭺃	U+2DE83	F
𭺄	U+2DE84	F
𭺅	U+2DE85	F
𭺆	U+2DE86	F
𭺇	U+2DE87	F
𭺈	U+2DE88	F
𭺉	U+2DE89	F
𭺊	U+2DE8A	F
𭺋	U+2DE8B	F
𭺌	U+2DE8C	F
𭺍	U+2DE8D	F
𭺎	U+2DE8E	F
𭺏	U+2DE8F	F
𭺐	U+2DE90	F
𭺑	U+2DE91	F
𭺒	U+2DE92	F
𭺓	U+2DE93	F
𭺔	U+2DE94	F
𭺕	U+2DE95	F
𭺖	U+2DE96	F
𭺗	U+2DE97	F
𭺘	U+2DE98	F
𭺙	U+2DE99	F
𭺚	U+2DE9A	F
𭺛	U+2DE9B	F
𭺜	U+2DE9C	F
𭺝	U+2DE9D	F
𭺞	U+2DE9E	F
𭺟	U+2DE9F	F
𭺠	U+2DEA0	F
𭺡	U+2DEA1	F
𭺢	U+2DEA2	F
𭺣	U+2DEA3	F
𭺤	U+2DEA4	F
𭺥	U+2DEA5	F
𭺦	U+2DEA6	F
𭺧	U+2DEA7	F
𭺨	U+2DEA8	F
𭺩	U+2DEA9	F
𭺪	U+2DEAA	F
𭺫	U+2DEAB	F
𭺬	U+2DEAC	F
𭺭	U+2DEAD	F
𭺮	U+2DEAE	F
𭺯	U+2DEAF	F
𭺰	U+2DEB0	F
𭺱	U+2DEB1	F
𭺲	U+2DEB2	F
𭺳	U+2DEB3	F
𭺴	U+2DEB4	F
𭺵	U+2DEB5	F
𭺶	U+2DEB6	F
𭺷	U+2DEB7	F
𭺸	U+2DEB8	F
𭺹	U+2DEB9	F
𭺺	U+2DEBA	F
𭺻	U+2DEBB	F
𭺼	U+2DEBC	F
𭺽	U+2DEBD	F
𭺾	U+2DEBE	F
𭺿	U+2DEBF	F
𭻀	U+2DEC0	F
𭻁	U+2DEC1	F
𭻂	U+2DEC2	F
𭻃	U+2DEC3	F
𭻄	U+2DEC4	F
𭻅	U+2DEC5	F
𭻆	U+2DEC6	F
𭻇	U+2DEC7	F
𭻈	U+2DEC8	F
𭻉	U+2DEC9	F
𭻊	U+2DECA	F
𭻋	U+2DECB	F
𭻌	U+2DECC	F
𭻎	U+2DECE	F
𭻏	U+2DECF	F
𭻐	U+2DED0	F
𭻑	U+2DED1	F
𭻒	U+2DED2	F
𭻓	U+2DED3	F
𭻕	U+2DED5	F
𭻖	U+2DED6	F
𭻗	U+2DED7	F
𭻘	U+2DED8	F
𭻙	U+2DED9	F
𭻚	U+2DEDA	F
𭻛	U+2DEDB	F
𭻜	U+2DEDC	F
𭻝	U+2DEDD	F
𭻞	U+2DEDE	F
𭻟	U+2DEDF	F
𭻠	U+2DEE0	F
𭻡	U+2DEE1	F
𭻢	U+2DEE2	F
𭻣	U+2DEE3	F
𭻤	U+2DEE4	F
𭻥	U+2DEE5	F
𭻦	U+2DEE6	F
𭻧	U+2DEE7	F
𭻨	U+2DEE8	F
𭻩	U+2DEE9	F
𭻪	U+2DEEA	F
𭻫	U+2DEEB	F
𭻬	U+2DEEC	F
𭻭	U+2DEED	F
𭻮	U+2DEEE	F
𭻯	U+2DEEF	F
𭻰	U+2DEF0	F
𭻱	U+2DEF1	F
𭻲	U+2DEF2	F
𭻳	U+2DEF3	F
𭻴	U+2DEF4	F
𭻵	U+2DEF5	F
𭻶	U+2DEF6	F
𭻷	U+2DEF7	F
𭻸	U+2DEF8	F
𭻹	U+2DEF9	F
𭻺	U+2DEFA	F
𭻻	U+2DEFB	F
𭻼	U+2DEFC	F
𭻽	U+2DEFD	F
𭻾	U+2DEFE	F
𭻿	U+2DEFF	F
𭼀	U+2DF00	F
𭼁	U+2DF01	F
𭼂	U+2DF02	F
𭼃	U+2DF03	F
𭼄	U+2DF04	F
𭼅	U+2DF05	F
𭼆	U+2DF06	F
𭼇	U+2DF07	F
𭼈	U+2DF08	F
𭼉	U+2DF09	F
𭼊	U+2DF0A	F
𭼋	U+2DF0B	F
𭼌	U+2DF0C	F
𭼍	U+2DF0D	F
𭼎	U+2DF0E	F
𭼏	U+2DF0F	F
𭼐	U+2DF10	F
𭼑	U+2DF11	F
𭼒	U+2DF12	F
𭼓	U+2DF13	F
𭼔	U+2DF14	F
𭼕	U+2DF15	F
𭼖	U+2DF16	F
𭼗	U+2DF17	F
𭼘	U+2DF18	F
𭼙	U+2DF19	F
𭼚	U+2DF1A	F
𭼛	U+2DF1B	F
𭼜	U+2DF1C	F
𭼝	U+2DF1D	F
𭼞	U+2DF1E	F
𭼟	U+2DF1F	F
𭼠	U+2DF20	F
𭼡	U+2DF21	F
𭼢	U+2DF22	F
𭼣	U+2DF23	F
𭼤	U+2DF24	F
𭼥	U+2DF25	F
𭼦	U+2DF26	F
𭼧	U+2DF27	F
𭼨	U+2DF28	F
𭼩	U+2DF29	F
𭼪	U+2DF2A	F
𭼫	U+2DF2B	F
𭼬	U+2DF2C	F
𭼭	U+2DF2D	F
𭼮	U+2DF2E	F
𭼯	U+2DF2F	F
𭼰	U+2DF30	F
𭼱	U+2DF31	F
𭼲	U+2DF32	F
𭼳	U+2DF33	F
𭼴	U+2DF34	F
𭼵	U+2DF35	F
𭼶	U+2DF36	F
𭼷	U+2DF37	F
𭼸	U+2DF38	F
𭼹	U+2DF39	F
𭼺	U+2DF3A	F
𭼻	U+2DF3B	F
𭼼	U+2DF3C	F
𭼽	U+2DF3D	F
𭼾	U+2DF3E	F
𭼿	U+2DF3F	F
𭽀	U+2DF40	F
𭽁	U+2DF41	F
𭽂	U+2DF42	F
𭽃	U+2DF43	F
𭽄	U+2DF44	F
𭽅	U+2DF45	F
𭽆	U+2DF46	F
𭽇	U+2DF47	F
𭽈	U+2DF48	F
𭽉	U+2DF49	F
𭽊	U+2DF4A	F
𭽋	U+2DF4B	F
𭽌	U+2DF4C	F
𭽍	U+2DF4D	F
𭽎	U+2DF4E	F
𭽏	U+2DF4F	F
𭽐	U+2DF50	F
𭽑	U+2DF51	F
𭽒	U+2DF52	F
𭽓	U+2DF53	F
𭽔	U+2DF54	F
𭽕	U+2DF55	F
𭽖	U+2DF56	F
𭽗	U+2DF57	F
𭽘	U+2DF58	F
𭽙	U+2DF59	F
𭽚	U+2DF5A	F
𭽛	U+2DF5B	F
𭽜	U+2DF5C	F
𭽝	U+2DF5D	F
𭽞	U+2DF5E	F
𭽟	U+2DF5F	F
𭽠	U+2DF60	F
𭽡	U+2DF61	F
𭽢	U+2DF62	F
𭽣	U+2DF63	F
𭽤	U+2DF64	F
𭽥	U+2DF65	F
𭽦	U+2DF66	F
𭽧	U+2DF67	F
𭽨	U+2DF68	F
𭽩	U+2DF69	F
𭽪	U+2DF6A	F
𭽫	U+2DF6B	F
𭽬	U+2DF6C	F
𭽭	U+2DF6D	F
𭽮	U+2DF6E	F
𭽯	U+2DF6F	F
𭽰	U+2DF70	F
𭽱	U+2DF71	F
𭽲	U+2DF72	F
𭽳	U+2DF73	F
𭽴	U+2DF74	F
𭽵	U+2DF75	F
𭽶	U+2DF76	F
𭽷	U+2DF77	F
𭽸	U+2DF78	F
𭽹	U+2DF79	F
𭽺	U+2DF7A	F
𭽻	U+2DF7B	F
𭽼	U+2DF7C	F
𭽽	U+2DF7D	F
𭽾	U+2DF7E	F
𭽿	U+2DF7F	F
𭾀	U+2DF80	F
𭾁	U+2DF81	F
𭾂	U+2DF82	F
𭾃	U+2DF83	F
𭾄	U+2DF84	F
𭾅	U+2DF85	F
𭾆	U+2DF86	F
𭾇	U+2DF87	F
𭾈	U+2DF88	F
𭾉	U+2DF89	F
𭾊	U+2DF8A	F
𭾋	U+2DF8B	F
𭾌	U+2DF8C	F
𭾍	U+2DF8D	F
𭾎	U+2DF8E	F
𭾏	U+2DF8F	F
𭾐	U+2DF90	F
𭾑	U+2DF91	F
𭾒	U+2DF92	F
𭾓	U+2DF93	F
𭾔	U+2DF94	F
𭾕	U+2DF95	F
𭾖	U+2DF96	F
𭾗	U+2DF97	F
𭾘	U+2DF98	F
𭾙	U+2DF99	F
𭾚	U+2DF9A	F
𭾛	U+2DF9B	F
𭾜	U+2DF9C	F
𭾝	U+2DF9D	F
𭾞	U+2DF9E	F
𭾟	U+2DF9F	F
𭾠	U+2DFA0	F
𭾡	U+2DFA1	F
𭾢	U+2DFA2	F
𭾣	U+2DFA3	F
𭾤	U+2DFA4	F
𭾥	U+2DFA5	F
𭾦	U+2DFA6	F
𭾧	U+2DFA7	F
𭾨	U+2DFA8	F
𭾩	U+2DFA9	F
𭾪	U+2DFAA	F
𭾫	U+2DFAB	F
𭾬	U+2DFAC	F
𭾭	U+2DFAD	F
𭾮	U+2DFAE	F
𭾯	U+2DFAF	F
𭾰	U+2DFB0	F
𭾱	U+2DFB1	F
𭾲	U+2DFB2	F
𭾳	U+2DFB3	F
𭾴	U+2DFB4	F
𭾵	U+2DFB5	F
𭾶	U+2DFB6	F
𭾷	U+2DFB7	F
𭾸	U+2DFB8	F
𭾹	U+2DFB9	F
𭾺	U+2DFBA	F
𭾻	U+2DFBB	F
𭾼	U+2DFBC	F
𭾽	U+2DFBD	F
𭾾	U+2DFBE	F
𭾿	U+2DFBF	F
𭿀	U+2DFC0	F
𭿁	U+2DFC1	F
𭿂	U+2DFC2	F
𭿃	U+2DFC3	F
𭿄	U+2DFC4	F
𭿅	U+2DFC5	F
𭿆	U+2DFC6	F
𭿇	U+2DFC7	F
𭿈	U+2DFC8	F
𭿉	U+2DFC9	F
𭿊	U+2DFCA	F
𭿋	U+2DFCB	F
𭿌	U+2DFCC	F
𭿍	U+2DFCD	F
𭿎	U+2DFCE	F
𭿏	U+2DFCF	F
𭿐	U+2DFD0	F
𭿑	U+2DFD1	F
𭿒	U+2DFD2	F
𭿓	U+2DFD3	F
𭿔	U+2DFD4	F
𭿕	U+2DFD5	F
𭿖	U+2DFD6	F
𭿗	U+2DFD7	F
𭿘	U+2DFD8	F
𭿙	U+2DFD9	F
𭿚	U+2DFDA	F
𭿛	U+2DFDB	F
𭿜	U+2DFDC	F
𭿝	U+2DFDD	F
𭿞	U+2DFDE	F
𭿟	U+2DFDF	F
𭿠	U+2DFE0	F
𭿡	U+2DFE1	F
𭿢	U+2DFE2	F
𭿣	U+2DFE3	F
𭿤	U+2DFE4	F
𭿥	U+2DFE5	F
𭿦	U+2DFE6	F
𭿧	U+2DFE7	F
𭿨	U+2DFE8	F
𭿩	U+2DFE9	F
𭿪	U+2DFEA	F
𭿫	U+2DFEB	F
𭿬	U+2DFEC	F
𭿭	U+2DFED	F
𭿮	U+2DFEE	F
𭿯	U+2DFEF	F
𭿰	U+2DFF0	F
𭿱	U+2DFF1	F
𭿲	U+2DFF2	F
𭿳	U+2DFF3	F
𭿴	U+2DFF4	F
𭿵	U+2DFF5	F
𭿶	U+2DFF6	F
𭿷	U+2DFF7	F
𭿸	U+2DFF8	F
𭿹	U+2DFF9	F
𭿺	U+2DFFA	F
𭿻	U+2DFFB	F
𭿼	U+2DFFC	F
𭿽	U+2DFFD	F
𭿾	U+2DFFE	F
𭿿	U+2DFFF	F
𮀀	U+2E000	F
𮀁	U+2E001	F
𮀂	U+2E002	F
𮀃	U+2E003	F
𮀄	U+2E004	F
𮀅	U+2E005	F
𮀆	U+2E006	F
𮀇	U+2E007	F
𮀈	U+2E008	F
𮀉	U+2E009	F
𮀊	U+2E00A	F
𮀋	U+2E00B	F
𮀌	U+2E00C	F
𮀍	U+2E00D	F
𮀎	U+2E00E	F
𮀏	U+2E00F	F
𮀐	U+2E010	F
𮀑	U+2E011	F
𮀒	U+2E012	F
𮀓	U+2E013	F
𮀔	U+2E014	F
𮀕	U+2E015	F
𮀖	U+2E016	F
𮀗	U+2E017	F
𮀘	U+2E018	F
𮀙	U+2E019	F
𮀚	U+2E01A	F
𮀛	U+2E01B	F
𮀜	U+2E01C	F
𮀝	U+2E01D	F
𮀞	U+2E01E	F
𮀟	U+2E01F	F
𮀠	U+2E020	F
𮀡	U+2E021	F
𮀢	U+2E022	F
𮀣	U+2E023	F
𮀥	U+2E025	F
𮀦	U+2E026	F
𮀧	U+2E027	F
𮀨	U+2E028	F
𮀩	U+2E029	F
𮀪	U+2E02A	F
𮀫	U+2E02B	F
𮀬	U+2E02C	F
𮀭	U+2E02D	F
𮀮	U+2E02E	F
𮀯	U+2E02F	F
𮀰	U+2E030	F
𮀱	U+2E031	F
𮀳	U+2E033	F
𮀴	U+2E034	F
𮀵	U+2E035	F
𮀶	U+2E036	F
𮀷	U+2E037	F
𮀸	U+2E038	F
𮀹	U+2E039	F
𮀺	U+2E03A	F
𮀻	U+2E03B	F
𮀼	U+2E03C	F
𮀽	U+2E03D	F
𮀾	U+2E03E	F
𮀿	U+2E03F	F
𮁀	U+2E040	F
𮁁	U+2E041	F
𮁂	U+2E042	F
𮁃	U+2E043	F
𮁄	U+2E044	F
𮁅	U+2E045	F
𮁆	U+2E046	F
𮁇	U+2E047	F
𮁈	U+2E048	F
𮁉	U+2E049	F
𮁊	U+2E04A	F
𮁋	U+2E04B	F
𮁌	U+2E04C	F
𮁍	U+2E04D	F
𮁎	U+2E04E	F
𮁏	U+2E04F	F
𮁐	U+2E050	F
𮁑	U+2E051	F
𮁒	U+2E052	F
𮁓	U+2E053	F
𮁔	U+2E054	F
𮁕	U+2E055	F
𮁖	U+2E056	F
𮁗	U+2E057	F
𮁘	U+2E058	F
𮁙	U+2E059	F
𮁚	U+2E05A	F
𮁛	U+2E05B	F
𮁜	U+2E05C	F
𮁝	U+2E05D	F
𮁞	U+2E05E	F
𮁟	U+2E05F	F
𮁠	U+2E060	F
𮁡	U+2E061	F
𮁢	U+2E062	F
𮁣	U+2E063	F
𮁤	U+2E064	F
𮁥	U+2E065	F
𮁦	U+2E066	F
𮁧	U+2E067	F
𮁨	U+2E068	F
𮁩	U+2E069	F
𮁪	U+2E06A	F
𮁫	U+2E06B	F
𮁬	U+2E06C	F
𮁭	U+2E06D	F
𮁮	U+2E06E	F
𮁯	U+2E06F	F
𮁰	U+2E070	F
𮁱	U+2E071	F
𮁲	U+2E072	F
𮁳	U+2E073	F
𮁴	U+2E074	F
𮁵	U+2E075	F
𮁶	U+2E076	F
𮁷	U+2E077	F
𮁸	U+2E078	F
𮁹	U+2E079	F
𮁺	U+2E07A	F
𮁻	U+2E07B	F
𮁼	U+2E07C	F
𮁽	U+2E07D	F
𮁾	U+2E07E	F
𮁿	U+2E07F	F
𮂀	U+2E080	F
𮂁	U+2E081	F
𮂂	U+2E082	F
𮂃	U+2E083	F
𮂄	U+2E084	F
𮂅	U+2E085	F
𮂆	U+2E086	F
𮂇	U+2E087	F
𮂈	U+2E088	F
𮂉	U+2E089	F
𮂊	U+2E08A	F
𮂋	U+2E08B	F
𮂌	U+2E08C	F
𮂍	U+2E08D	F
𮂎	U+2E08E	F
𮂏	U+2E08F	F
𮂐	U+2E090	F
𮂑	U+2E091	F
𮂒	U+2E092	F
𮂓	U+2E093	F
𮂔	U+2E094	F
𮂕	U+2E095	F
𮂖	U+2E096	F
𮂗	U+2E097	F
𮂘	U+2E098	F
𮂙	U+2E099	F
𮂚	U+2E09A	F
𮂛	U+2E09B	F
𮂜	U+2E09C	F
𮂝	U+2E09D	F
𮂞	U+2E09E	F
𮂟	U+2E09F	F
𮂠	U+2E0A0	F
𮂡	U+2E0A1	F
𮂢	U+2E0A2	F
𮂣	U+2E0A3	F
𮂤	U+2E0A4	F
𮂥	U+2E0A5	F
𮂦	U+2E0A6	F
𮂧	U+2E0A7	F
𮂨	U+2E0A8	F
𮂩	U+2E0A9	F
𮂪	U+2E0AA	F
𮂫	U+2E0AB	F
𮂬	U+2E0AC	F
𮂭	U+2E0AD	F
𮂮	U+2E0AE	F
𮂯	U+2E0AF	F
𮂰	U+2E0B0	F
𮂱	U+2E0B1	F
𮂲	U+2E0B2	F
𮂳	U+2E0B3	F
𮂴	U+2E0B4	F
𮂵	U+2E0B5	F
𮂶	U+2E0B6	F
𮂷	U+2E0B7	F
𮂸	U+2E0B8	F
𮂹	U+2E0B9	F
𮂺	U+2E0BA	F
𮂻	U+2E0BB	F
𮂼	U+2E0BC	F
𮂽	U+2E0BD	F
𮂾	U+2E0BE	F
𮂿	U+2E0BF	F
𮃀	U+2E0C0	F
𮃁	U+2E0C1	F
𮃂	U+2E0C2	F
𮃃	U+2E0C3	F
𮃄	U+2E0C4	F
𮃅	U+2E0C5	F
𮃆	U+2E0C6	F
𮃇	U+2E0C7	F
𮃈	U+2E0C8	F
𮃉	U+2E0C9	F
𮃊	U+2E0CA	F
𮃋	U+2E0CB	F
𮃌	U+2E0CC	F
𮃍	U+2E0CD	F
𮃎	U+2E0CE	F
𮃏	U+2E0CF	F
𮃐	U+2E0D0	F
𮃑	U+2E0D1	F
𮃒	U+2E0D2	F
𮃓	U+2E0D3	F
𮃔	U+2E0D4	F
𮃕	U+2E0D5	F
𮃖	U+2E0D6	F
𮃗	U+2E0D7	F
𮃘	U+2E0D8	F
𮃙	U+2E0D9	F
𮃚	U+2E0DA	F
𮃛	U+2E0DB	F
𮃜	U+2E0DC	F
𮃝	U+2E0DD	F
𮃞	U+2E0DE	F
𮃟	U+2E0DF	F
𮃠	U+2E0E0	F
𮃡	U+2E0E1	F
𮃢	U+2E0E2	F
𮃣	U+2E0E3	F
𮃤	U+2E0E4	F
𮃥	U+2E0E5	F
𮃦	U+2E0E6	F
𮃧	U+2E0E7	F
𮃨	U+2E0E8	F
𮃩	U+2E0E9	F
𮃪	U+2E0EA	F
𮃫	U+2E0EB	F
𮃬	U+2E0EC	F
𮃭	U+2E0ED	F
𮃮	U+2E0EE	F
𮃯	U+2E0EF	F
𮃰	U+2E0F0	F
𮃱	U+2E0F1	F
𮃲	U+2E0F2	F
𮃳	U+2E0F3	F
𮃴	U+2E0F4	F
𮃵	U+2E0F5	F
𮃶	U+2E0F6	F
𮃷	U+2E0F7	F
𮃸	U+2E0F8	F
𮃹	U+2E0F9	F
𮃺	U+2E0FA	F
𮃻	U+2E0FB	F
𮃼	U+2E0FC	F
𮃽	U+2E0FD	F
𮃾	U+2E0FE	F
𮃿	U+2E0FF	F
𮄀	U+2E100	F
𮄁	U+2E101	F
𮄂	U+2E102	F
𮄃	U+2E103	F
𮄄	U+2E104	F
𮄅	U+2E105	F
𮄆	U+2E106	F
𮄇	U+2E107	F
𮄈	U+2E108	F
𮄉	U+2E109	F
𮄊	U+2E10A	F
𮄋	U+2E10B	F
𮄌	U+2E10C	F
𮄍	U+2E10D	F
𮄎	U+2E10E	F
𮄏	U+2E10F	F
𮄐	U+2E110	F
𮄑	U+2E111	F
𮄒	U+2E112	F
𮄓	U+2E113	F
𮄔	U+2E114	F
𮄕	U+2E115	F
𮄖	U+2E116	F
𮄗	U+2E117	F
𮄘	U+2E118	F
𮄙	U+2E119	F
𮄚	U+2E11A	F
𮄛	U+2E11B	F
𮄜	U+2E11C	F
𮄝	U+2E11D	F
𮄞	U+2E11E	F
𮄟	U+2E11F	F
𮄠	U+2E120	F
𮄡	U+2E121	F
𮄢	U+2E122	F
𮄣	U+2E123	F
𮄤	U+2E124	F
𮄥	U+2E125	F
𮄦	U+2E126	F
𮄧	U+2E127	F
𮄨	U+2E128	F
𮄩	U+2E129	F
𮄪	U+2E12A	F
𮄫	U+2E12B	F
𮄬	U+2E12C	F
𮄭	U+2E12D	F
𮄮	U+2E12E	F
𮄯	U+2E12F	F
𮄰	U+2E130	F
𮄱	U+2E131	F
𮄲	U+2E132	F
𮄳	U+2E133	F
𮄴	U+2E134	F
𮄵	U+2E135	F
𮄶	U+2E136	F
𮄷	U+2E137	F
𮄸	U+2E138	F
𮄹	U+2E139	F
𮄺	U+2E13A	F
𮄻	U+2E13B	F
𮄼	U+2E13C	F
𮄽	U+2E13D	F
𮄾	U+2E13E	F
𮄿	U+2E13F	F
𮅀	U+2E140	F
𮅁	U+2E141	F
𮅂	U+2E142	F
𮅃	U+2E143	F
𮅄	U+2E144	F
𮅅	U+2E145	F
𮅆	U+2E146	F
𮅇	U+2E147	F
𮅈	U+2E148	F
𮅉	U+2E149	F
𮅊	U+2E14A	F
𮅋	U+2E14B	F
𮅌	U+2E14C	F
𮅍	U+2E14D	F
𮅎	U+2E14E	F
𮅏	U+2E14F	F
𮅐	U+2E150	F
𮅑	U+2E151	F
𮅒	U+2E152	F
𮅓	U+2E153	F
𮅔	U+2E154	F
𮅕	U+2E155	F
𮅖	U+2E156	F
𮅗	U+2E157	F
𮅘	U+2E158	F
𮅙	U+2E159	F
𮅚	U+2E15A	F
𮅛	U+2E15B	F
𮅜	U+2E15C	F
𮅝	U+2E15D	F
𮅞	U+2E15E	F
𮅟	U+2E15F	F
𮅠	U+2E160	F
𮅡	U+2E161	F
𮅢	U+2E162	F
𮅣	U+2E163	F
𮅤	U+2E164	F
𮅥	U+2E165	F
𮅦	U+2E166	F
𮅧	U+2E167	F
𮅨	U+2E168	F
𮅩	U+2E169	F
𮅪	U+2E16A	F
𮅫	U+2E16B	F
𮅬	U+2E16C	F
𮅭	U+2E16D	F
𮅮	U+2E16E	F
𮅯	U+2E16F	F
𮅰	U+2E170	F
𮅱	U+2E171	F
𮅲	U+2E172	F
𮅳	U+2E173	F
𮅴	U+2E174	F
𮅵	U+2E175	F
𮅶	U+2E176	F
𮅷	U+2E177	F
𮅸	U+2E178	F
𮅹	U+2E179	F
𮅺	U+2E17A	F
𮅻	U+2E17B	F
𮅼	U+2E17C	F
𮅽	U+2E17D	F
𮅾	U+2E17E	F
𮅿	U+2E17F	F
𮆀	U+2E180	F
𮆁	U+2E181	F
𮆂	U+2E182	F
𮆃	U+2E183	F
𮆄	U+2E184	F
𮆅	U+2E185	F
𮆆	U+2E186	F
𮆇	U+2E187	F
𮆈	U+2E188	F
𮆉	U+2E189	F
𮆊	U+2E18A	F
𮆋	U+2E18B	F
𮆌	U+2E18C	F
𮆍	U+2E18D	F
𮆎	U+2E18E	F
𮆐	U+2E190	F
𮆑	U+2E191	F
𮆒	U+2E192	F
𮆓	U+2E193	F
𮆔	U+2E194	F
𮆕	U+2E195	F
𮆖	U+2E196	F
𮆗	U+2E197	F
𮆘	U+2E198	F
𮆙	U+2E199	F
𮆚	U+2E19A	F
𮆛	U+2E19B	F
𮆜	U+2E19C	F
𮆝	U+2E19D	F
𮆞	U+2E19E	F
𮆟	U+2E19F	F
𮆠	U+2E1A0	F
𮆡	U+2E1A1	F
𮆢	U+2E1A2	F
𮆣	U+2E1A3	F
𮆤	U+2E1A4	F
𮆥	U+2E1A5	F
𮆦	U+2E1A6	F
𮆧	U+2E1A7	F
𮆨	U+2E1A8	F
𮆩	U+2E1A9	F
𮆪	U+2E1AA	F
𮆫	U+2E1AB	F
𮆬	U+2E1AC	F
𮆭	U+2E1AD	F
𮆮	U+2E1AE	F
𮆯	U+2E1AF	F
𮆰	U+2E1B0	F
𮆱	U+2E1B1	F
𮆲	U+2E1B2	F
𮆳	U+2E1B3	F
𮆴	U+2E1B4	F
𮆵	U+2E1B5	F
𮆶	U+2E1B6	F
𮆷	U+2E1B7	F
𮆸	U+2E1B8	F
𮆹	U+2E1B9	F
𮆺	U+2E1BA	F
𮆻	U+2E1BB	F
𮆼	U+2E1BC	F
𮆽	U+2E1BD	F
𮆾	U+2E1BE	F
𮆿	U+2E1BF	F
𮇀	U+2E1C0	F
𮇁	U+2E1C1	F
𮇂	U+2E1C2	F
𮇃	U+2E1C3	F
𮇄	U+2E1C4	F
𮇅	U+2E1C5	F
𮇆	U+2E1C6	F
𮇇	U+2E1C7	F
𮇈	U+2E1C8	F
𮇉	U+2E1C9	F
𮇊	U+2E1CA	F
𮇋	U+2E1CB	F
𮇌	U+2E1CC	F
𮇍	U+2E1CD	F
𮇎	U+2E1CE	F
𮇏	U+2E1CF	F
𮇐	U+2E1D0	F
𮇑	U+2E1D1	F
𮇒	U+2E1D2	F
𮇓	U+2E1D3	F
𮇔	U+2E1D4	F
𮇕	U+2E1D5	F
𮇖	U+2E1D6	F
𮇗	U+2E1D7	F
𮇘	U+2E1D8	F
𮇙	U+2E1D9	F
𮇚	U+2E1DA	F
𮇛	U+2E1DB	F
𮇜	U+2E1DC	F
𮇝	U+2E1DD	F
𮇞	U+2E1DE	F
𮇟	U+2E1DF	F
𮇠	U+2E1E0	F
𮇡	U+2E1E1	F
𮇢	U+2E1E2	F
𮇣	U+2E1E3	F
𮇥	U+2E1E5	F
𮇦	U+2E1E6	F
𮇧	U+2E1E7	F
𮇨	U+2E1E8	F
𮇩	U+2E1E9	F
𮇪	U+2E1EA	F
𮇫	U+2E1EB	F
𮇬	U+2E1EC	F
𮇭	U+2E1ED	F
𮇮	U+2E1EE	F
𮇯	U+2E1EF	F
𮇰	U+2E1F0	F
𮇱	U+2E1F1	F
𮇲	U+2E1F2	F
𮇳	U+2E1F3	F
𮇴	U+2E1F4	F
𮇵	U+2E1F5	F
𮇶	U+2E1F6	F
𮇷	U+2E1F7	F
𮇸	U+2E1F8	F
𮇹	U+2E1F9	F
𮇺	U+2E1FA	F
𮇻	U+2E1FB	F
𮇼	U+2E1FC	F
𮇽	U+2E1FD	F
𮇾	U+2E1FE	F
𮇿	U+2E1FF	F
𮈀	U+2E200	F
𮈁	U+2E201	F
𮈂	U+2E202	F
𮈃	U+2E203	F
𮈄	U+2E204	F
𮈅	U+2E205	F
𮈆	U+2E206	F
𮈇	U+2E207	F
𮈈	U+2E208	F
𮈉	U+2E209	F
𮈊	U+2E20A	F
𮈋	U+2E20B	F
𮈌	U+2E20C	F
𮈍	U+2E20D	F
𮈎	U+2E20E	F
𮈏	U+2E20F	F
𮈐	U+2E210	F
𮈑	U+2E211	F
𮈒	U+2E212	F
𮈓	U+2E213	F
𮈔	U+2E214	F
𮈕	U+2E215	F
𮈖	U+2E216	F
𮈗	U+2E217	F
𮈘	U+2E218	F
𮈙	U+2E219	F
𮈚	U+2E21A	F
𮈛	U+2E21B	F
𮈜	U+2E21C	F
𮈝	U+2E21D	F
𮈞	U+2E21E	F
𮈟	U+2E21F	F
𮈠	U+2E220	F
𮈡	U+2E221	F
𮈢	U+2E222	F
𮈣	U+2E223	F
𮈤	U+2E224	F
𮈥	U+2E225	F
𮈦	U+2E226	F
𮈧	U+2E227	F
𮈨	U+2E228	F
𮈩	U+2E229	F
𮈪	U+2E22A	F
𮈫	U+2E22B	F
𮈬	U+2E22C	F
𮈭	U+2E22D	F
𮈮	U+2E22E	F
𮈯	U+2E22F	F
𮈰	U+2E230	F
𮈱	U+2E231	F
𮈲	U+2E232	F
𮈳	U+2E233	F
𮈴	U+2E234	F
𮈵	U+2E235	F
𮈶	U+2E236	F
𮈷	U+2E237	F
𮈸	U+2E238	F
𮈹	U+2E239	F
𮈺	U+2E23A	F
𮈻	U+2E23B	F
𮈼	U+2E23C	F
𮈽	U+2E23D	F
𮈾	U+2E23E	F
𮈿	U+2E23F	F
𮉀	U+2E240	F
𮉁	U+2E241	F
𮉂	U+2E242	F
𮉃	U+2E243	F
𮉄	U+2E244	F
𮉅	U+2E245	F
𮉆	U+2E246	F
𮉇	U+2E247	F
𮉈	U+2E248	F
𮉉	U+2E249	F
𮉊	U+2E24A	F
𮉋	U+2E24B	F
𮉌	U+2E24C	F
𮉍	U+2E24D	F
𮉎	U+2E24E	F
𮉏	U+2E24F	F
𮉐	U+2E250	F
𮉑	U+2E251	F
𮉒	U+2E252	F
𮉓	U+2E253	F
𮉔	U+2E254	F
𮉕	U+2E255	F
𮉖	U+2E256	F
𮉗	U+2E257	F
𮉘	U+2E258	F
𮉙	U+2E259	F
𮉚	U+2E25A	F
𮉛	U+2E25B	F
𮉜	U+2E25C	F
𮉝	U+2E25D	F
𮉞	U+2E25E	F
𮉟	U+2E25F	F
𮉥	U+2E265	F
𮉦	U+2E266	F
𮉩	U+2E269	F
𮉭	U+2E26D	F
𮉰	U+2E270	F
𮉱	U+2E271	F
𮉲	U+2E272	F
𮉳	U+2E273	F
𮉴	U+2E274	F
𮉵	U+2E275	F
𮉶	U+2E276	F
𮉷	U+2E277	F
𮉸	U+2E278	F
𮉹	U+2E279	F
𮉺	U+2E27A	F
𮉻	U+2E27B	F
𮉼	U+2E27C	F
𮉽	U+2E27D	F
𮉾	U+2E27E	F
𮉿	U+2E27F	F
𮊀	U+2E280	F
𮊁	U+2E281	F
𮊂	U+2E282	F
𮊃	U+2E283	F
𮊄	U+2E284	F
𮊅	U+2E285	F
𮊆	U+2E286	F
𮊇	U+2E287	F
𮊈	U+2E288	F
𮊉	U+2E289	F
𮊊	U+2E28A	F
𮊋	U+2E28B	F
𮊌	U+2E28C	F
𮊍	U+2E28D	F
𮊎	U+2E28E	F
𮊏	U+2E28F	F
𮊐	U+2E290	F
𮊑	U+2E291	F
𮊒	U+2E292	F
𮊓	U+2E293	F
𮊔	U+2E294	F
𮊕	U+2E295	F
𮊖	U+2E296	F
𮊗	U+2E297	F
𮊘	U+2E298	F
𮊙	U+2E299	F
𮊚	U+2E29A	F
𮊛	U+2E29B	F
𮊜	U+2E29C	F
𮊝	U+2E29D	F
𮊞	U+2E29E	F
𮊟	U+2E29F	F
𮊠	U+2E2A0	F
𮊡	U+2E2A1	F
𮊢	U+2E2A2	F
𮊣	U+2E2A3	F
𮊤	U+2E2A4	F
𮊥	U+2E2A5	F
𮊦	U+2E2A6	F
𮊧	U+2E2A7	F
𮊨	U+2E2A8	F
𮊩	U+2E2A9	F
𮊪	U+2E2AA	F
𮊫	U+2E2AB	F
𮊬	U+2E2AC	F
𮊭	U+2E2AD	F
𮊮	U+2E2AE	F
𮊯	U+2E2AF	F
𮊰	U+2E2B0	F
𮊱	U+2E2B1	F
𮊲	U+2E2B2	F
𮊳	U+2E2B3	F
𮊴	U+2E2B4	F
𮊵	U+2E2B5	F
𮊶	U+2E2B6	F
𮊷	U+2E2B7	F
𮊸	U+2E2B8	F
𮊹	U+2E2B9	F
𮊺	U+2E2BA	F
𮊻	U+2E2BB	F
𮊼	U+2E2BC	F
𮊽	U+2E2BD	F
𮊾	U+2E2BE	F
𮊿	U+2E2BF	F
𮋀	U+2E2C0	F
𮋁	U+2E2C1	F
𮋂	U+2E2C2	F
𮋃	U+2E2C3	F
𮋄	U+2E2C4	F
𮋅	U+2E2C5	F
𮋆	U+2E2C6	F
𮋇	U+2E2C7	F
𮋈	U+2E2C8	F
𮋉	U+2E2C9	F
𮋊	U+2E2CA	F
𮋋	U+2E2CB	F
𮋌	U+2E2CC	F
𮋍	U+2E2CD	F
𮋎	U+2E2CE	F
𮋏	U+2E2CF	F
𮋐	U+2E2D0	F
𮋑	U+2E2D1	F
𮋒	U+2E2D2	F
𮋓	U+2E2D3	F
𮋔	U+2E2D4	F
𮋕	U+2E2D5	F
𮋖	U+2E2D6	F
𮋗	U+2E2D7	F
𮋘	U+2E2D8	F
𮋙	U+2E2D9	F
𮋚	U+2E2DA	F
𮋛	U+2E2DB	F
𮋜	U+2E2DC	F
𮋝	U+2E2DD	F
𮋞	U+2E2DE	F
𮋟	U+2E2DF	F
𮋠	U+2E2E0	F
𮋡	U+2E2E1	F
𮋢	U+2E2E2	F
𮋣	U+2E2E3	F
𮋤	U+2E2E4	F
𮋥	U+2E2E5	F
𮋦	U+2E2E6	F
𮋧	U+2E2E7	F
𮋨	U+2E2E8	F
𮋩	U+2E2E9	F
𮋪	U+2E2EA	F
𮋫	U+2E2EB	F
𮋬	U+2E2EC	F
𮋭	U+2E2ED	F
𮋮	U+2E2EE	F
𮋯	U+2E2EF	F
𮋰	U+2E2F0	F
𮋱	U+2E2F1	F
𮋲	U+2E2F2	F
𮋳	U+2E2F3	F
𮋴	U+2E2F4	F
𮋵	U+2E2F5	F
𮋶	U+2E2F6	F
𮋷	U+2E2F7	F
𮋸	U+2E2F8	F
𮋹	U+2E2F9	F
𮋺	U+2E2FA	F
𮋻	U+2E2FB	F
𮋼	U+2E2FC	F
𮋽	U+2E2FD	F
𮋾	U+2E2FE	F
𮋿	U+2E2FF	F
𮌀	U+2E300	F
𮌁	U+2E301	F
𮌂	U+2E302	F
𮌃	U+2E303	F
𮌄	U+2E304	F
𮌅	U+2E305	F
𮌆	U+2E306	F
𮌇	U+2E307	F
𮌈	U+2E308	F
𮌉	U+2E309	F
𮌊	U+2E30A	F
𮌋	U+2E30B	F
𮌌	U+2E30C	F
𮌍	U+2E30D	F
𮌎	U+2E30E	F
𮌏	U+2E30F	F
𮌐	U+2E310	F
𮌑	U+2E311	F
𮌒	U+2E312	F
𮌓	U+2E313	F
𮌔	U+2E314	F
𮌕	U+2E315	F
𮌖	U+2E316	F
𮌗	U+2E317	F
𮌘	U+2E318	F
𮌙	U+2E319	F
𮌚	U+2E31A	F
𮌛	U+2E31B	F
𮌜	U+2E31C	F
𮌝	U+2E31D	F
𮌞	U+2E31E	F
𮌟	U+2E31F	F
𮌠	U+2E320	F
𮌡	U+2E321	F
𮌢	U+2E322	F
𮌣	U+2E323	F
𮌤	U+2E324	F
𮌥	U+2E325	F
𮌦	U+2E326	F
𮌧	U+2E327	F
𮌨	U+2E328	F
𮌩	U+2E329	F
𮌪	U+2E32A	F
𮌫	U+2E32B	F
𮌬	U+2E32C	F
𮌭	U+2E32D	F
𮌮	U+2E32E	F
𮌯	U+2E32F	F
𮌰	U+2E330	F
𮌱	U+2E331	F
𮌲	U+2E332	F
𮌳	U+2E333	F
𮌴	U+2E334	F
𮌵	U+2E335	F
𮌶	U+2E336	F
𮌷	U+2E337	F
𮌸	U+2E338	F
𮌹	U+2E339	F
𮌺	U+2E33A	F
𮌻	U+2E33B	F
𮌼	U+2E33C	F
𮌽	U+2E33D	F
𮌾	U+2E33E	F
𮌿	U+2E33F	F
𮍀	U+2E340	F
𮍁	U+2E341	F
𮍂	U+2E342	F
𮍃	U+2E343	F
𮍄	U+2E344	F
𮍅	U+2E345	F
𮍆	U+2E346	F
𮍇	U+2E347	F
𮍈	U+2E348	F
𮍉	U+2E349	F
𮍊	U+2E34A	F
𮍋	U+2E34B	F
𮍌	U+2E34C	F
𮍍	U+2E34D	F
𮍎	U+2E34E	F
𮍏	U+2E34F	F
𮍐	U+2E350	F
𮍑	U+2E351	F
𮍒	U+2E352	F
𮍓	U+2E353	F
𮍔	U+2E354	F
𮍕	U+2E355	F
𮍖	U+2E356	F
𮍗	U+2E357	F
𮍘	U+2E358	F
𮍙	U+2E359	F
𮍚	U+2E35A	F
𮍛	U+2E35B	F
𮍜	U+2E35C	F
𮍝	U+2E35D	F
𮍞	U+2E35E	F
𮍟	U+2E35F	F
𮍠	U+2E360	F
𮍡	U+2E361	F
𮍢	U+2E362	F
𮍣	U+2E363	F
𮍤	U+2E364	F
𮍥	U+2E365	F
𮍦	U+2E366	F
𮍧	U+2E367	F
𮍨	U+2E368	F
𮍩	U+2E369	F
𮍪	U+2E36A	F
𮍫	U+2E36B	F
𮍬	U+2E36C	F
𮍭	U+2E36D	F
𮍮	U+2E36E	F
𮍯	U+2E36F	F
𮍰	U+2E370	F
𮍱	U+2E371	F
𮍲	U+2E372	F
𮍳	U+2E373	F
𮍴	U+2E374	F
𮍵	U+2E375	F
𮍶	U+2E376	F
𮍷	U+2E377	F
𮍸	U+2E378	F
𮍹	U+2E379	F
𮍺	U+2E37A	F
𮍻	U+2E37B	F
𮍼	U+2E37C	F
𮍽	U+2E37D	F
𮍾	U+2E37E	F
𮍿	U+2E37F	F
𮎀	U+2E380	F
𮎁	U+2E381	F
𮎂	U+2E382	F
𮎃	U+2E383	F
𮎄	U+2E384	F
𮎅	U+2E385	F
𮎆	U+2E386	F
𮎇	U+2E387	F
𮎈	U+2E388	F
𮎉	U+2E389	F
𮎊	U+2E38A	F
𮎋	U+2E38B	F
𮎌	U+2E38C	F
𮎍	U+2E38D	F
𮎎	U+2E38E	F
𮎏	U+2E38F	F
𮎐	U+2E390	F
𮎑	U+2E391	F
𮎒	U+2E392	F
𮎓	U+2E393	F
𮎔	U+2E394	F
𮎕	U+2E395	F
𮎖	U+2E396	F
𮎗	U+2E397	F
𮎘	U+2E398	F
𮎙	U+2E399	F
𮎚	U+2E39A	F
𮎛	U+2E39B	F
𮎜	U+2E39C	F
𮎝	U+2E39D	F
𮎞	U+2E39E	F
𮎟	U+2E39F	F
𮎠	U+2E3A0	F
𮎡	U+2E3A1	F
𮎢	U+2E3A2	F
𮎣	U+2E3A3	F
𮎤	U+2E3A4	F
𮎥	U+2E3A5	F
𮎦	U+2E3A6	F
𮎧	U+2E3A7	F
𮎨	U+2E3A8	F
𮎩	U+2E3A9	F
𮎪	U+2E3AA	F
𮎫	U+2E3AB	F
𮎬	U+2E3AC	F
𮎭	U+2E3AD	F
𮎮	U+2E3AE	F
𮎯	U+2E3AF	F
𮎰	U+2E3B0	F
𮎱	U+2E3B1	F
𮎲	U+2E3B2	F
𮎳	U+2E3B3	F
𮎴	U+2E3B4	F
𮎵	U+2E3B5	F
𮎶	U+2E3B6	F
𮎷	U+2E3B7	F
𮎸	U+2E3B8	F
𮎹	U+2E3B9	F
𮎺	U+2E3BA	F
𮎻	U+2E3BB	F
𮎼	U+2E3BC	F
𮎽	U+2E3BD	F
𮎾	U+2E3BE	F
𮎿	U+2E3BF	F
𮏀	U+2E3C0	F
𮏁	U+2E3C1	F
𮏂	U+2E3C2	F
𮏃	U+2E3C3	F
𮏄	U+2E3C4	F
𮏅	U+2E3C5	F
𮏆	U+2E3C6	F
𮏇	U+2E3C7	F
𮏈	U+2E3C8	F
𮏉	U+2E3C9	F
𮏊	U+2E3CA	F
𮏋	U+2E3CB	F
𮏌	U+2E3CC	F
𮏍	U+2E3CD	F
𮏎	U+2E3CE	F
𮏏	U+2E3CF	F
𮏐	U+2E3D0	F
𮏑	U+2E3D1	F
𮏒	U+2E3D2	F
𮏓	U+2E3D3	F
𮏔	U+2E3D4	F
𮏕	U+2E3D5	F
𮏖	U+2E3D6	F
𮏗	U+2E3D7	F
𮏘	U+2E3D8	F
𮏙	U+2E3D9	F
𮏚	U+2E3DA	F
𮏛	U+2E3DB	F
𮏜	U+2E3DC	F
𮏝	U+2E3DD	F
𮏞	U+2E3DE	F
𮏟	U+2E3DF	F
𮏠	U+2E3E0	F
𮏡	U+2E3E1	F
𮏢	U+2E3E2	F
𮏣	U+2E3E3	F
𮏤	U+2E3E4	F
𮏥	U+2E3E5	F
𮏦	U+2E3E6	F
𮏧	U+2E3E7	F
𮏨	U+2E3E8	F
𮏩	U+2E3E9	F
𮏪	U+2E3EA	F
𮏫	U+2E3EB	F
𮏬	U+2E3EC	F
𮏭	U+2E3ED	F
𮏮	U+2E3EE	F
𮏯	U+2E3EF	F
𮏰	U+2E3F0	F
𮏱	U+2E3F1	F
𮏲	U+2E3F2	F
𮏳	U+2E3F3	F
𮏴	U+2E3F4	F
𮏵	U+2E3F5	F
𮏶	U+2E3F6	F
𮏷	U+2E3F7	F
𮏸	U+2E3F8	F
𮏹	U+2E3F9	F
𮏻	U+2E3FB	F
𮏼	U+2E3FC	F
𮏽	U+2E3FD	F
𮏾	U+2E3FE	F
𮏿	U+2E3FF	F
𮐀	U+2E400	F
𮐁	U+2E401	F
𮐂	U+2E402	F
𮐃	U+2E403	F
𮐄	U+2E404	F
𮐅	U+2E405	F
𮐆	U+2E406	F
𮐇	U+2E407	F
𮐈	U+2E408	F
𮐉	U+2E409	F
𮐊	U+2E40A	F
𮐋	U+2E40B	F
𮐌	U+2E40C	F
𮐍	U+2E40D	F
𮐎	U+2E40E	F
𮐏	U+2E40F	F
𮐐	U+2E410	F
𮐑	U+2E411	F
𮐒	U+2E412	F
𮐓	U+2E413	F
𮐔	U+2E414	F
𮐕	U+2E415	F
𮐖	U+2E416	F
𮐗	U+2E417	F
𮐘	U+2E418	F
𮐙	U+2E419	F
𮐛	U+2E41B	F
𮐜	U+2E41C	F
𮐝	U+2E41D	F
𮐞	U+2E41E	F
𮐟	U+2E41F	F
𮐠	U+2E420	F
𮐡	U+2E421	F
𮐢	U+2E422	F
𮐣	U+2E423	F
𮐤	U+2E424	F
𮐥	U+2E425	F
𮐦	U+2E426	F
𮐧	U+2E427	F
𮐩	U+2E429	F
𮐪	U+2E42A	F
𮐫	U+2E42B	F
𮐬	U+2E42C	F
𮐭	U+2E42D	F
𮐮	U+2E42E	F
𮐯	U+2E42F	F
𮐰	U+2E430	F
𮐱	U+2E431	F
𮐲	U+2E432	F
𮐳	U+2E433	F
𮐴	U+2E434	F
𮐵	U+2E435	F
𮐶	U+2E436	F
𮐷	U+2E437	F
𮐸	U+2E438	F
𮐹	U+2E439	F
𮐺	U+2E43A	F
𮐻	U+2E43B	F
𮐼	U+2E43C	F
𮐽	U+2E43D	F
𮐾	U+2E43E	F
𮐿	U+2E43F	F
𮑀	U+2E440	F
𮑁	U+2E441	F
𮑂	U+2E442	F
𮑃	U+2E443	F
𮑄	U+2E444	F
𮑅	U+2E445	F
𮑆	U+2E446	F
𮑇	U+2E447	F
𮑈	U+2E448	F
𮑉	U+2E449	F
𮑊	U+2E44A	F
𮑋	U+2E44B	F
𮑌	U+2E44C	F
𮑍	U+2E44D	F
𮑎	U+2E44E	F
𮑏	U+2E44F	F
𮑐	U+2E450	F
𮑑	U+2E451	F
𮑒	U+2E452	F
𮑓	U+2E453	F
𮑔	U+2E454	F
𮑕	U+2E455	F
𮑖	U+2E456	F
𮑗	U+2E457	F
𮑘	U+2E458	F
𮑙	U+2E459	F
𮑚	U+2E45A	F
𮑛	U+2E45B	F
𮑜	U+2E45C	F
𮑝	U+2E45D	F
𮑞	U+2E45E	F
𮑟	U+2E45F	F
𮑠	U+2E460	F
𮑡	U+2E461	F
𮑢	U+2E462	F
𮑣	U+2E463	F
𮑤	U+2E464	F
𮑥	U+2E465	F
𮑦	U+2E466	F
𮑧	U+2E467	F
𮑨	U+2E468	F
𮑩	U+2E469	F
𮑪	U+2E46A	F
𮑫	U+2E46B	F
𮑬	U+2E46C	F
𮑭	U+2E46D	F
𮑮	U+2E46E	F
𮑯	U+2E46F	F
𮑰	U+2E470	F
𮑱	U+2E471	F
𮑲	U+2E472	F
𮑳	U+2E473	F
𮑴	U+2E474	F
𮑵	U+2E475	F
𮑶	U+2E476	F
𮑷	U+2E477	F
𮑸	U+2E478	F
𮑹	U+2E479	F
𮑺	U+2E47A	F
𮑻	U+2E47B	F
𮑼	U+2E47C	F
𮑽	U+2E47D	F
𮑾	U+2E47E	F
𮑿	U+2E47F	F
𮒀	U+2E480	F
𮒁	U+2E481	F
𮒂	U+2E482	F
𮒃	U+2E483	F
𮒄	U+2E484	F
𮒅	U+2E485	F
𮒆	U+2E486	F
𮒇	U+2E487	F
𮒈	U+2E488	F
𮒉	U+2E489	F
𮒊	U+2E48A	F
𮒋	U+2E48B	F
𮒌	U+2E48C	F
𮒍	U+2E48D	F
𮒎	U+2E48E	F
𮒏	U+2E48F	F
𮒐	U+2E490	F
𮒑	U+2E491	F
𮒒	U+2E492	F
𮒓	U+2E493	F
𮒔	U+2E494	F
𮒕	U+2E495	F
𮒖	U+2E496	F
𮒗	U+2E497	F
𮒘	U+2E498	F
𮒙	U+2E499	F
𮒚	U+2E49A	F
𮒛	U+2E49B	F
𮒜	U+2E49C	F
𮒝	U+2E49D	F
𮒞	U+2E49E	F
𮒟	U+2E49F	F
𮒠	U+2E4A0	F
𮒡	U+2E4A1	F
𮒢	U+2E4A2	F
𮒣	U+2E4A3	F
𮒤	U+2E4A4	F
𮒥	U+2E4A5	F
𮒦	U+2E4A6	F
𮒧	U+2E4A7	F
𮒨	U+2E4A8	F
𮒩	U+2E4A9	F
𮒪	U+2E4AA	F
𮒫	U+2E4AB	F
𮒬	U+2E4AC	F
𮒭	U+2E4AD	F
𮒮	U+2E4AE	F
𮒯	U+2E4AF	F
𮒰	U+2E4B0	F
𮒱	U+2E4B1	F
𮒲	U+2E4B2	F
𮒳	U+2E4B3	F
𮒴	U+2E4B4	F
𮒵	U+2E4B5	F
𮒶	U+2E4B6	F
𮒷	U+2E4B7	F
𮒸	U+2E4B8	F
𮒹	U+2E4B9	F
𮒺	U+2E4BA	F
𮒻	U+2E4BB	F
𮒼	U+2E4BC	F
𮒽	U+2E4BD	F
𮒾	U+2E4BE	F
𮒿	U+2E4BF	F
𮓀	U+2E4C0	F
𮓁	U+2E4C1	F
𮓂	U+2E4C2	F
𮓃	U+2E4C3	F
𮓄	U+2E4C4	F
𮓅	U+2E4C5	F
𮓆	U+2E4C6	F
𮓇	U+2E4C7	F
𮓈	U+2E4C8	F
𮓉	U+2E4C9	F
𮓊	U+2E4CA	F
𮓋	U+2E4CB	F
𮓌	U+2E4CC	F
𮓍	U+2E4CD	F
𮓎	U+2E4CE	F
𮓏	U+2E4CF	F
𮓐	U+2E4D0	F
𮓑	U+2E4D1	F
𮓒	U+2E4D2	F
𮓓	U+2E4D3	F
𮓔	U+2E4D4	F
𮓕	U+2E4D5	F
𮓖	U+2E4D6	F
𮓗	U+2E4D7	F
𮓘	U+2E4D8	F
𮓙	U+2E4D9	F
𮓚	U+2E4DA	F
𮓛	U+2E4DB	F
𮓜	U+2E4DC	F
𮓝	U+2E4DD	F
𮓞	U+2E4DE	F
𮓟	U+2E4DF	F
𮓠	U+2E4E0	F
𮓡	U+2E4E1	F
𮓢	U+2E4E2	F
𮓣	U+2E4E3	F
𮓤	U+2E4E4	F
𮓥	U+2E4E5	F
𮓦	U+2E4E6	F
𮓧	U+2E4E7	F
𮓨	U+2E4E8	F
𮓩	U+2E4E9	F
𮓪	U+2E4EA	F
𮓫	U+2E4EB	F
𮓬	U+2E4EC	F
𮓭	U+2E4ED	F
𮓮	U+2E4EE	F
𮓯	U+2E4EF	F
𮓰	U+2E4F0	F
𮓱	U+2E4F1	F
𮓲	U+2E4F2	F
𮓳	U+2E4F3	F
𮓴	U+2E4F4	F
𮓵	U+2E4F5	F
𮓶	U+2E4F6	F
𮓷	U+2E4F7	F
𮓸	U+2E4F8	F
𮓹	U+2E4F9	F
𮓺	U+2E4FA	F
𮓻	U+2E4FB	F
𮓼	U+2E4FC	F
𮓽	U+2E4FD	F
𮓾	U+2E4FE	F
𮓿	U+2E4FF	F
𮔀	U+2E500	F
𮔁	U+2E501	F
𮔃	U+2E503	F
𮔄	U+2E504	F
𮔆	U+2E506	F
𮔇	U+2E507	F
𮔈	U+2E508	F
𮔉	U+2E509	F
𮔋	U+2E50B	F
𮔌	U+2E50C	F
𮔍	U+2E50D	F
𮔎	U+2E50E	F
𮔏	U+2E50F	F
𮔐	U+2E510	F
𮔑	U+2E511	F
𮔒	U+2E512	F
𮔓	U+2E513	F
𮔔	U+2E514	F
𮔕	U+2E515	F
𮔖	U+2E516	F
𮔗	U+2E517	F
𮔘	U+2E518	F
𮔙	U+2E519	F
𮔚	U+2E51A	F
𮔛	U+2E51B	F
𮔜	U+2E51C	F
𮔝	U+2E51D	F
𮔞	U+2E51E	F
𮔟	U+2E51F	F
𮔠	U+2E520	F
𮔡	U+2E521	F
𮔢	U+2E522	F
𮔣	U+2E523	F
𮔤	U+2E524	F
𮔥	U+2E525	F
𮔦	U+2E526	F
𮔧	U+2E527	F
𮔨	U+2E528	F
𮔩	U+2E529	F
𮔪	U+2E52A	F
𮔫	U+2E52B	F
𮔬	U+2E52C	F
𮔭	U+2E52D	F
𮔮	U+2E52E	F
𮔯	U+2E52F	F
𮔰	U+2E530	F
𮔱	U+2E531	F
𮔲	U+2E532	F
𮔳	U+2E533	F
𮔴	U+2E534	F
𮔵	U+2E535	F
𮔶	U+2E536	F
𮔷	U+2E537	F
𮔸	U+2E538	F
𮔹	U+2E539	F
𮔺	U+2E53A	F
𮔻	U+2E53B	F
𮔼	U+2E53C	F
𮔽	U+2E53D	F
𮔾	U+2E53E	F
𮔿	U+2E53F	F
𮕀	U+2E540	F
𮕁	U+2E541	F
𮕂	U+2E542	F
𮕃	U+2E543	F
𮕄	U+2E544	F
𮕅	U+2E545	F
𮕆	U+2E546	F
𮕇	U+2E547	F
𮕈	U+2E548	F
𮕉	U+2E549	F
𮕊	U+2E54A	F
𮕋	U+2E54B	F
𮕌	U+2E54C	F
𮕍	U+2E54D	F
𮕎	U+2E54E	F
𮕏	U+2E54F	F
𮕐	U+2E550	F
𮕑	U+2E551	F
𮕒	U+2E552	F
𮕓	U+2E553	F
𮕔	U+2E554	F
𮕕	U+2E555	F
𮕖	U+2E556	F
𮕗	U+2E557	F
𮕘	U+2E558	F
𮕙	U+2E559	F
𮕚	U+2E55A	F
𮕛	U+2E55B	F
𮕜	U+2E55C	F
𮕝	U+2E55D	F
𮕞	U+2E55E	F
𮕟	U+2E55F	F
𮕠	U+2E560	F
𮕡	U+2E561	F
𮕢	U+2E562	F
𮕣	U+2E563	F
𮕤	U+2E564	F
𮕥	U+2E565	F
𮕦	U+2E566	F
𮕧	U+2E567	F
𮕨	U+2E568	F
𮕩	U+2E569	F
𮕪	U+2E56A	F
𮕫	U+2E56B	F
𮕬	U+2E56C	F
𮕭	U+2E56D	F
𮕮	U+2E56E	F
𮕯	U+2E56F	F
𮕰	U+2E570	F
𮕱	U+2E571	F
𮕲	U+2E572	F
𮕳	U+2E573	F
𮕴	U+2E574	F
𮕵	U+2E575	F
𮕶	U+2E576	F
𮕷	U+2E577	F
𮕸	U+2E578	F
𮕹	U+2E579	F
𮕺	U+2E57A	F
𮕻	U+2E57B	F
𮕼	U+2E57C	F
𮕽	U+2E57D	F
𮕾	U+2E57E	F
𮕿	U+2E57F	F
𮖀	U+2E580	F
𮖂	U+2E582	F
𮖃	U+2E583	F
𮖄	U+2E584	F
𮖅	U+2E585	F
𮖆	U+2E586	F
𮖇	U+2E587	F
𮖈	U+2E588	F
𮖉	U+2E589	F
𮖊	U+2E58A	F
𮖋	U+2E58B	F
𮖌	U+2E58C	F
𮖍	U+2E58D	F
𮖎	U+2E58E	F
𮖏	U+2E58F	F
𮖐	U+2E590	F
𮖑	U+2E591	F
𮖒	U+2E592	F
𮖓	U+2E593	F
𮖔	U+2E594	F
𮖕	U+2E595	F
𮖖	U+2E596	F
𮖗	U+2E597	F
𮖘	U+2E598	F
𮖙	U+2E599	F
𮖚	U+2E59A	F
𮖛	U+2E59B	F
𮖜	U+2E59C	F
𮖝	U+2E59D	F
𮖞	U+2E59E	F
𮖟	U+2E59F	F
𮖠	U+2E5A0	F
𮖡	U+2E5A1	F
𮖢	U+2E5A2	F
𮖣	U+2E5A3	F
𮖤	U+2E5A4	F
𮖥	U+2E5A5	F
𮖦	U+2E5A6	F
𮖧	U+2E5A7	F
𮖨	U+2E5A8	F
𮖩	U+2E5A9	F
𮖪	U+2E5AA	F
𮖫	U+2E5AB	F
𮖬	U+2E5AC	F
𮖭	U+2E5AD	F
𮖮	U+2E5AE	F
𮖯	U+2E5AF	F
𮖰	U+2E5B0	F
𮖲	U+2E5B2	F
𮖳	U+2E5B3	F
𮖴	U+2E5B4	F
𮖵	U+2E5B5	F
𮖶	U+2E5B6	F
𮖷	U+2E5B7	F
𮖸	U+2E5B8	F
𮖹	U+2E5B9	F
𮖺	U+2E5BA	F
𮖻	U+2E5BB	F
𮖼	U+2E5BC	F
𮖽	U+2E5BD	F
𮖾	U+2E5BE	F
𮖿	U+2E5BF	F
𮗀	U+2E5C0	F
𮗁	U+2E5C1	F
𮗂	U+2E5C2	F
𮗃	U+2E5C3	F
𮗄	U+2E5C4	F
𮗅	U+2E5C5	F
𮗆	U+2E5C6	F
𮗇	U+2E5C7	F
𮗈	U+2E5C8	F
𮗉	U+2E5C9	F
𮗊	U+2E5CA	F
𮗋	U+2E5CB	F
𮗌	U+2E5CC	F
𮗍	U+2E5CD	F
𮗎	U+2E5CE	F
𮗏	U+2E5CF	F
𮗐	U+2E5D0	F
𮗑	U+2E5D1	F
𮗒	U+2E5D2	F
𮗓	U+2E5D3	F
𮗔	U+2E5D4	F
𮗕	U+2E5D5	F
𮗖	U+2E5D6	F
𮗗	U+2E5D7	F
𮗘	U+2E5D8	F
𮗙	U+2E5D9	F
𮗚	U+2E5DA	F
𮗛	U+2E5DB	F
𮗜	U+2E5DC	F
𮗝	U+2E5DD	F
𮗞	U+2E5DE	F
𮗟	U+2E5DF	F
𮗠	U+2E5E0	F
𮗡	U+2E5E1	F
𮗢	U+2E5E2	F
𮗣	U+2E5E3	F
𮗤	U+2E5E4	F
𮗥	U+2E5E5	F
𮗦	U+2E5E6	F
𮗧	U+2E5E7	F
𮗨	U+2E5E8	F
𮗩	U+2E5E9	F
𮗪	U+2E5EA	F
𮗫	U+2E5EB	F
𮗬	U+2E5EC	F
𮗭	U+2E5ED	F
𮗮	U+2E5EE	F
𮗯	U+2E5EF	F
𮗰	U+2E5F0	F
𮗱	U+2E5F1	F
𮗲	U+2E5F2	F
𮗳	U+2E5F3	F
𮗴	U+2E5F4	F
𮗵	U+2E5F5	F
𮗶	U+2E5F6	F
𮗷	U+2E5F7	F
𮗸	U+2E5F8	F
𮗹	U+2E5F9	F
𮗺	U+2E5FA	F
𮗻	U+2E5FB	F
𮗼	U+2E5FC	F
𮗽	U+2E5FD	F
𮗾	U+2E5FE	F
𮗿	U+2E5FF	F
𮘀	U+2E600	F
𮘁	U+2E601	F
𮘂	U+2E602	F
𮘃	U+2E603	F
𮘄	U+2E604	F
𮘅	U+2E605	F
𮘆	U+2E606	F
𮘇	U+2E607	F
𮘈	U+2E608	F
𮘉	U+2E609	F
𮘊	U+2E60A	F
𮘋	U+2E60B	F
𮘌	U+2E60C	F
𮘍	U+2E60D	F
𮘎	U+2E60E	F
𮘏	U+2E60F	F
𮘐	U+2E610	F
𮘑	U+2E611	F
𮘒	U+2E612	F
𮘓	U+2E613	F
𮘔	U+2E614	F
𮘕	U+2E615	F
𮘖	U+2E616	F
𮘗	U+2E617	F
𮘘	U+2E618	F
𮘙	U+2E619	F
𮘚	U+2E61A	F
𮘛	U+2E61B	F
𮘜	U+2E61C	F
𮘝	U+2E61D	F
𮘞	U+2E61E	F
𮘟	U+2E61F	F
𮘠	U+2E620	F
𮘡	U+2E621	F
𮘢	U+2E622	F
𮘣	U+2E623	F
𮘤	U+2E624	F
𮘥	U+2E625	F
𮘦	U+2E626	F
𮘧	U+2E627	F
𮘨	U+2E628	F
𮘩	U+2E629	F
𮘪	U+2E62A	F
𮘫	U+2E62B	F
𮘬	U+2E62C	F
𮘭	U+2E62D	F
𮘮	U+2E62E	F
𮘯	U+2E62F	F
𮘰	U+2E630	F
𮘱	U+2E631	F
𮘲	U+2E632	F
𮘳	U+2E633	F
𮘴	U+2E634	F
𮘵	U+2E635	F
𮘶	U+2E636	F
𮘷	U+2E637	F
𮘸	U+2E638	F
𮘹	U+2E639	F
𮘺	U+2E63A	F
𮘻	U+2E63B	F
𮘼	U+2E63C	F
𮘽	U+2E63D	F
𮘾	U+2E63E	F
𮘿	U+2E63F	F
𮙀	U+2E640	F
𮙁	U+2E641	F
𮙂	U+2E642	F
𮙃	U+2E643	F
𮙄	U+2E644	F
𮙅	U+2E645	F
𮙆	U+2E646	F
𮙇	U+2E647	F
𮙈	U+2E648	F
𮙉	U+2E649	F
𮙌	U+2E64C	F
𮙍	U+2E64D	F
𮙎	U+2E64E	F
𮙏	U+2E64F	F
𮙐	U+2E650	F
𮙑	U+2E651	F
𮙒	U+2E652	F
𮙓	U+2E653	F
𮙔	U+2E654	F
𮙕	U+2E655	F
𮙖	U+2E656	F
𮙗	U+2E657	F
𮙘	U+2E658	F
𮙙	U+2E659	F
𮙚	U+2E65A	F
𮙛	U+2E65B	F
𮙜	U+2E65C	F
𮙝	U+2E65D	F
𮙞	U+2E65E	F
𮙟	U+2E65F	F
𮙠	U+2E660	F
𮙡	U+2E661	F
𮙢	U+2E662	F
𮙣	U+2E663	F
𮙤	U+2E664	F
𮙥	U+2E665	F
𮙦	U+2E666	F
𮙧	U+2E667	F
𮙨	U+2E668	F
𮙩	U+2E669	F
𮙪	U+2E66A	F
𮙫	U+2E66B	F
𮙬	U+2E66C	F
𮙭	U+2E66D	F
𮙮	U+2E66E	F
𮙯	U+2E66F	F
𮙰	U+2E670	F
𮙱	U+2E671	F
𮙲	U+2E672	F
𮙳	U+2E673	F
𮙴	U+2E674	F
𮙵	U+2E675	F
𮙶	U+2E676	F
𮙷	U+2E677	F
𮙸	U+2E678	F
𮙹	U+2E679	F
𮙺	U+2E67A	F
𮙻	U+2E67B	F
𮙼	U+2E67C	F
𮙽	U+2E67D	F
𮙾	U+2E67E	F
𮙿	U+2E67F	F
𮚀	U+2E680	F
𮚁	U+2E681	F
𮚂	U+2E682	F
𮚃	U+2E683	F
𮚄	U+2E684	F
𮚅	U+2E685	F
𮚆	U+2E686	F
𮚇	U+2E687	F
𮚈	U+2E688	F
𮚉	U+2E689	F
𮚊	U+2E68A	F
𮚋	U+2E68B	F
𮚌	U+2E68C	F
𮚍	U+2E68D	F
𮚎	U+2E68E	F
𮚏	U+2E68F	F
𮚐	U+2E690	F
𮚑	U+2E691	F
𮚒	U+2E692	F
𮚓	U+2E693	F
𮚔	U+2E694	F
𮚕	U+2E695	F
𮚖	U+2E696	F
𮚗	U+2E697	F
𮚘	U+2E698	F
𮚙	U+2E699	F
𮚚	U+2E69A	F
𮚛	U+2E69B	F
𮚜	U+2E69C	F
𮚝	U+2E69D	F
𮚞	U+2E69E	F
𮚟	U+2E69F	F
𮚠	U+2E6A0	F
𮚡	U+2E6A1	F
𮚢	U+2E6A2	F
𮚣	U+2E6A3	F
𮚤	U+2E6A4	F
𮚥	U+2E6A5	F
𮚦	U+2E6A6	F
𮚧	U+2E6A7	F
𮚨	U+2E6A8	F
𮚩	U+2E6A9	F
𮚪	U+2E6AA	F
𮚫	U+2E6AB	F
𮚬	U+2E6AC	F
𮚭	U+2E6AD	F
𮚮	U+2E6AE	F
𮚯	U+2E6AF	F
𮚰	U+2E6B0	F
𮚱	U+2E6B1	F
𮚲	U+2E6B2	F
𮚳	U+2E6B3	F
𮚴	U+2E6B4	F
𮚵	U+2E6B5	F
𮚶	U+2E6B6	F
𮚷	U+2E6B7	F
𮚸	U+2E6B8	F
𮚹	U+2E6B9	F
𮚺	U+2E6BA	F
𮚻	U+2E6BB	F
𮚼	U+2E6BC	F
𮚽	U+2E6BD	F
𮚾	U+2E6BE	F
𮚿	U+2E6BF	F
𮛀	U+2E6C0	F
𮛁	U+2E6C1	F
𮛂	U+2E6C2	F
𮛃	U+2E6C3	F
𮛄	U+2E6C4	F
𮛅	U+2E6C5	F
𮛆	U+2E6C6	F
𮛇	U+2E6C7	F
𮛈	U+2E6C8	F
𮛉	U+2E6C9	F
𮛊	U+2E6CA	F
𮛋	U+2E6CB	F
𮛌	U+2E6CC	F
𮛍	U+2E6CD	F
𮛎	U+2E6CE	F
𮛏	U+2E6CF	F
𮛐	U+2E6D0	F
𮛑	U+2E6D1	F
𮛒	U+2E6D2	F
𮛓	U+2E6D3	F
𮛔	U+2E6D4	F
𮛕	U+2E6D5	F
𮛖	U+2E6D6	F
𮛘	U+2E6D8	F
𮛙	U+2E6D9	F
𮛚	U+2E6DA	F
𮛛	U+2E6DB	F
𮛜	U+2E6DC	F
𮛝	U+2E6DD	F
𮛞	U+2E6DE	F
𮛟	U+2E6DF	F
𮛠	U+2E6E0	F
𮛡	U+2E6E1	F
𮛢	U+2E6E2	F
𮛣	U+2E6E3	F
𮛤	U+2E6E4	F
𮛥	U+2E6E5	F
𮛦	U+2E6E6	F
𮛧	U+2E6E7	F
𮛨	U+2E6E8	F
𮛩	U+2E6E9	F
𮛪	U+2E6EA	F
𮛫	U+2E6EB	F
𮛬	U+2E6EC	F
𮛭	U+2E6ED	F
𮛮	U+2E6EE	F
𮛯	U+2E6EF	F
𮛰	U+2E6F0	F
𮛱	U+2E6F1	F
𮛲	U+2E6F2	F
𮛳	U+2E6F3	F
𮛴	U+2E6F4	F
𮛵	U+2E6F5	F
𮛶	U+2E6F6	F
𮛷	U+2E6F7	F
𮛸	U+2E6F8	F
𮛹	U+2E6F9	F
𮛺	U+2E6FA	F
𮛻	U+2E6FB	F
𮛼	U+2E6FC	F
𮛽	U+2E6FD	F
𮛾	U+2E6FE	F
𮛿	U+2E6FF	F
𮜀	U+2E700	F
𮜁	U+2E701	F
𮜂	U+2E702	F
𮜃	U+2E703	F
𮜄	U+2E704	F
𮜅	U+2E705	F
𮜆	U+2E706	F
𮜇	U+2E707	F
𮜈	U+2E708	F
𮜉	U+2E709	F
𮜊	U+2E70A	F
𮜋	U+2E70B	F
𮜌	U+2E70C	F
𮜍	U+2E70D	F
𮜎	U+2E70E	F
𮜏	U+2E70F	F
𮜐	U+2E710	F
𮜑	U+2E711	F
𮜓	U+2E713	F
𮜔	U+2E714	F
𮜕	U+2E715	F
𮜖	U+2E716	F
𮜗	U+2E717	F
𮜘	U+2E718	F
𮜙	U+2E719	F
𮜚	U+2E71A	F
𮜛	U+2E71B	F
𮜜	U+2E71C	F
𮜝	U+2E71D	F
𮜞	U+2E71E	F
𮜟	U+2E71F	F
𮜠	U+2E720	F
𮜡	U+2E721	F
𮜢	U+2E722	F
𮜣	U+2E723	F
𮜤	U+2E724	F
𮜥	U+2E725	F
𮜦	U+2E726	F
𮜧	U+2E727	F
𮜨	U+2E728	F
𮜩	U+2E729	F
𮜪	U+2E72A	F
𮜫	U+2E72B	F
𮜬	U+2E72C	F
𮜭	U+2E72D	F
𮜮	U+2E72E	F
𮜯	U+2E72F	F
𮜰	U+2E730	F
𮜱	U+2E731	F
𮜲	U+2E732	F
𮜳	U+2E733	F
𮜴	U+2E734	F
𮜵	U+2E735	F
𮜷	U+2E737	F
𮜸	U+2E738	F
𮜹	U+2E739	F
𮜺	U+2E73A	F
𮜻	U+2E73B	F
𮜼	U+2E73C	F
𮜽	U+2E73D	F
𮜾	U+2E73E	F
𮜿	U+2E73F	F
𮝀	U+2E740	F
𮝁	U+2E741	F
𮝂	U+2E742	F
𮝃	U+2E743	F
𮝄	U+2E744	F
𮝅	U+2E745	F
𮝆	U+2E746	F
𮝇	U+2E747	F
𮝈	U+2E748	F
𮝉	U+2E749	F
𮝊	U+2E74A	F
𮝋	U+2E74B	F
𮝌	U+2E74C	F
𮝍	U+2E74D	F
𮝎	U+2E74E	F
𮝏	U+2E74F	F
𮝐	U+2E750	F
𮝑	U+2E751	F
𮝒	U+2E752	F
𮝓	U+2E753	F
𮝔	U+2E754	F
𮝕	U+2E755	F
𮝖	U+2E756	F
𮝗	U+2E757	F
𮝘	U+2E758	F
𮝙	U+2E759	F
𮝚	U+2E75A	F
𮝛	U+2E75B	F
𮝜	U+2E75C	F
𮝝	U+2E75D	F
𮝞	U+2E75E	F
𮝟	U+2E75F	F
𮝠	U+2E760	F
𮝡	U+2E761	F
𮝢	U+2E762	F
𮝣	U+2E763	F
𮝤	U+2E764	F
𮝥	U+2E765	F
𮝦	U+2E766	F
𮝧	U+2E767	F
𮝨	U+2E768	F
𮝩	U+2E769	F
𮝪	U+2E76A	F
𮝫	U+2E76B	F
𮝬	U+2E76C	F
𮝭	U+2E76D	F
𮝮	U+2E76E	F
𮝯	U+2E76F	F
𮝰	U+2E770	F
𮝱	U+2E771	F
𮝲	U+2E772	F
𮝳	U+2E773	F
𮝶	U+2E776	F
𮝻	U+2E77B	F
𮝼	U+2E77C	F
𮝽	U+2E77D	F
𮝾	U+2E77E	F
𮝿	U+2E77F	F
𮞀	U+2E780	F
𮞁	U+2E781	F
𮞂	U+2E782	F
𮞃	U+2E783	F
𮞄	U+2E784	F
𮞅	U+2E785	F
𮞆	U+2E786	F
𮞇	U+2E787	F
𮞈	U+2E788	F
𮞉	U+2E789	F
𮞊	U+2E78A	F
𮞋	U+2E78B	F
𮞌	U+2E78C	F
𮞍	U+2E78D	F
𮞎	U+2E78E	F
𮞏	U+2E78F	F
𮞐	U+2E790	F
𮞑	U+2E791	F
𮞒	U+2E792	F
𮞓	U+2E793	F
𮞔	U+2E794	F
𮞕	U+2E795	F
𮞖	U+2E796	F
𮞗	U+2E797	F
𮞘	U+2E798	F
𮞙	U+2E799	F
𮞚	U+2E79A	F
𮞛	U+2E79B	F
𮞜	U+2E79C	F
𮞝	U+2E79D	F
𮞞	U+2E79E	F
𮞟	U+2E79F	F
𮞠	U+2E7A0	F
𮞡	U+2E7A1	F
𮞢	U+2E7A2	F
𮞣	U+2E7A3	F
𮞤	U+2E7A4	F
𮞥	U+2E7A5	F
𮞦	U+2E7A6	F
𮞧	U+2E7A7	F
𮞨	U+2E7A8	F
𮞩	U+2E7A9	F
𮞪	U+2E7AA	F
𮞫	U+2E7AB	F
𮞬	U+2E7AC	F
𮞭	U+2E7AD	F
𮞮	U+2E7AE	F
𮞯	U+2E7AF	F
𮞰	U+2E7B0	F
𮞱	U+2E7B1	F
𮞲	U+2E7B2	F
𮞳	U+2E7B3	F
𮞴	U+2E7B4	F
𮞵	U+2E7B5	F
𮞶	U+2E7B6	F
𮞷	U+2E7B7	F
𮞸	U+2E7B8	F
𮞹	U+2E7B9	F
𮞺	U+2E7BA	F
𮞻	U+2E7BB	F
𮞼	U+2E7BC	F
𮞽	U+2E7BD	F
𮞾	U+2E7BE	F
𮞿	U+2E7BF	F
𮟀	U+2E7C0	F
𮟁	U+2E7C1	F
𮟂	U+2E7C2	F
𮟃	U+2E7C3	F
𮟄	U+2E7C4	F
𮟅	U+2E7C5	F
𮟆	U+2E7C6	F
𮟇	U+2E7C7	F
𮟈	U+2E7C8	F
𮟉	U+2E7C9	F
𮟊	U+2E7CA	F
𮟋	U+2E7CB	F
𮟌	U+2E7CC	F
𮟍	U+2E7CD	F
𮟎	U+2E7CE	F
𮟏	U+2E7CF	F
𮟐	U+2E7D0	F
𮟑	U+2E7D1	F
𮟒	U+2E7D2	F
𮟓	U+2E7D3	F
𮟔	U+2E7D4	F
𮟕	U+2E7D5	F
𮟖	U+2E7D6	F
𮟗	U+2E7D7	F
𮟘	U+2E7D8	F
𮟙	U+2E7D9	F
𮟚	U+2E7DA	F
𮟛	U+2E7DB	F
𮟜	U+2E7DC	F
𮟝	U+2E7DD	F
𮟞	U+2E7DE	F
𮟟	U+2E7DF	F
𮟠	U+2E7E0	F
𮟡	U+2E7E1	F
𮟢	U+2E7E2	F
𮟣	U+2E7E3	F
𮟤	U+2E7E4	F
𮟥	U+2E7E5	F
𮟦	U+2E7E6	F
𮟧	U+2E7E7	F
𮟨	U+2E7E8	F
𮟩	U+2E7E9	F
𮟪	U+2E7EA	F
𮟫	U+2E7EB	F
𮟬	U+2E7EC	F
𮟭	U+2E7ED	F
𮟮	U+2E7EE	F
𮟯	U+2E7EF	F
𮟰	U+2E7F0	F
𮟱	U+2E7F1	F
𮟲	U+2E7F2	F
𮟳	U+2E7F3	F
𮟴	U+2E7F4	F
𮟵	U+2E7F5	F
𮟶	U+2E7F6	F
𮟷	U+2E7F7	F
𮟸	U+2E7F8	F
𮟹	U+2E7F9	F
𮟺	U+2E7FA	F
𮟻	U+2E7FB	F
𮟼	U+2E7FC	F
𮟽	U+2E7FD	F
𮟾	U+2E7FE	F
𮟿	U+2E7FF	F
𮠀	U+2E800	F
𮠁	U+2E801	F
𮠂	U+2E802	F
𮠃	U+2E803	F
𮠄	U+2E804	F
𮠅	U+2E805	F
𮠆	U+2E806	F
𮠇	U+2E807	F
𮠈	U+2E808	F
𮠉	U+2E809	F
𮠊	U+2E80A	F
𮠋	U+2E80B	F
𮠌	U+2E80C	F
𮠍	U+2E80D	F
𮠎	U+2E80E	F
𮠏	U+2E80F	F
𮠐	U+2E810	F
𮠑	U+2E811	F
𮠒	U+2E812	F
𮠓	U+2E813	F
𮠔	U+2E814	F
𮠕	U+2E815	F
𮠖	U+2E816	F
𮠗	U+2E817	F
𮠘	U+2E818	F
𮠙	U+2E819	F
𮠚	U+2E81A	F
𮠛	U+2E81B	F
𮠜	U+2E81C	F
𮠝	U+2E81D	F
𮠟	U+2E81F	F
𮠠	U+2E820	F
𮠡	U+2E821	F
𮠢	U+2E822	F
𮠣	U+2E823	F
𮠤	U+2E824	F
𮠥	U+2E825	F
𮠦	U+2E826	F
𮠧	U+2E827	F
𮠨	U+2E828	F
𮠩	U+2E829	F
𮠪	U+2E82A	F
𮠫	U+2E82B	F
𮠬	U+2E82C	F
𮠭	U+2E82D	F
𮠮	U+2E82E	F
𮠯	U+2E82F	F
𮠰	U+2E830	F
𮠱	U+2E831	F
𮠲	U+2E832	F
𮠴	U+2E834	F
𮠵	U+2E835	F
𮠶	U+2E836	F
𮠷	U+2E837	F
𮠸	U+2E838	F
𮠹	U+2E839	F
𮠻	U+2E83B	F
𮠼	U+2E83C	F
𮠽	U+2E83D	F
𮠾	U+2E83E	F
𮠿	U+2E83F	F
𮡀	U+2E840	F
𮡁	U+2E841	F
𮡂	U+2E842	F
𮡃	U+2E843	F
𮡄	U+2E844	F
𮡅	U+2E845	F
𮡆	U+2E846	F
𮡇	U+2E847	F
𮡉	U+2E849	F
𮡊	U+2E84A	F
𮡋	U+2E84B	F
𮡌	U+2E84C	F
𮡍	U+2E84D	F
𮡎	U+2E84E	F
𮡏	U+2E84F	F
𮡐	U+2E850	F
𮡑	U+2E851	F
𮡒	U+2E852	F
𮡓	U+2E853	F
𮡔	U+2E854	F
𮡕	U+2E855	F
𮡖	U+2E856	F
𮡗	U+2E857	F
𮡘	U+2E858	F
𮡙	U+2E859	F
𮡚	U+2E85A	F
𮡛	U+2E85B	F
𮡜	U+2E85C	F
𮡝	U+2E85D	F
𮡞	U+2E85E	F
𮡟	U+2E85F	F
𮡠	U+2E860	F
𮡡	U+2E861	F
𮡢	U+2E862	F
𮡣	U+2E863	F
𮡤	U+2E864	F
𮡥	U+2E865	F
𮡦	U+2E866	F
𮡧	U+2E867	F
𮡨	U+2E868	F
𮡩	U+2E869	F
𮡪	U+2E86A	F
𮡫	U+2E86B	F
𮡬	U+2E86C	F
𮡭	U+2E86D	F
𮡮	U+2E86E	F
𮡯	U+2E86F	F
𮡰	U+2E870	F
𮡱	U+2E871	F
𮡲	U+2E872	F
𮡳	U+2E873	F
𮡴	U+2E874	F
𮡵	U+2E875	F
𮡶	U+2E876	F
𮡷	U+2E877	F
𮡸	U+2E878	F
𮡹	U+2E879	F
𮡺	U+2E87A	F
𮡻	U+2E87B	F
𮡼	U+2E87C	F
𮡽	U+2E87D	F
𮡾	U+2E87E	F
𮡿	U+2E87F	F
𮢀	U+2E880	F
𮢁	U+2E881	F
𮢂	U+2E882	F
𮢃	U+2E883	F
𮢄	U+2E884	F
𮢅	U+2E885	F
𮢆	U+2E886	F
𮢇	U+2E887	F
𮢈	U+2E888	F
𮢉	U+2E889	F
𮢊	U+2E88A	F
𮢋	U+2E88B	F
𮢌	U+2E88C	F
𮢍	U+2E88D	F
𮢎	U+2E88E	F
𮢏	U+2E88F	F
𮢐	U+2E890	F
𮢑	U+2E891	F
𮢒	U+2E892	F
𮢓	U+2E893	F
𮢔	U+2E894	F
𮢕	U+2E895	F
𮢖	U+2E896	F
𮢗	U+2E897	F
𮢘	U+2E898	F
𮢙	U+2E899	F
𮢚	U+2E89A	F
𮢛	U+2E89B	F
𮢜	U+2E89C	F
𮢝	U+2E89D	F
𮢞	U+2E89E	F
𮢟	U+2E89F	F
𮢠	U+2E8A0	F
𮢡	U+2E8A1	F
𮢢	U+2E8A2	F
𮢣	U+2E8A3	F
𮢤	U+2E8A4	F
𮢥	U+2E8A5	F
𮢦	U+2E8A6	F
𮢧	U+2E8A7	F
𮢨	U+2E8A8	F
𮢩	U+2E8A9	F
𮢪	U+2E8AA	F
𮢫	U+2E8AB	F
𮢬	U+2E8AC	F
𮢭	U+2E8AD	F
𮢮	U+2E8AE	F
𮢯	U+2E8AF	F
𮢰	U+2E8B0	F
𮢱	U+2E8B1	F
𮢲	U+2E8B2	F
𮢳	U+2E8B3	F
𮢴	U+2E8B4	F
𮢵	U+2E8B5	F
𮢶	U+2E8B6	F
𮢷	U+2E8B7	F
𮢸	U+2E8B8	F
𮢹	U+2E8B9	F
𮢺	U+2E8BA	F
𮢻	U+2E8BB	F
𮢼	U+2E8BC	F
𮢽	U+2E8BD	F
𮢾	U+2E8BE	F
𮢿	U+2E8BF	F
𮣀	U+2E8C0	F
𮣁	U+2E8C1	F
𮣂	U+2E8C2	F
𮣃	U+2E8C3	F
𮣄	U+2E8C4	F
𮣅	U+2E8C5	F
𮣆	U+2E8C6	F
𮣇	U+2E8C7	F
𮣈	U+2E8C8	F
𮣉	U+2E8C9	F
𮣊	U+2E8CA	F
𮣋	U+2E8CB	F
𮣌	U+2E8CC	F
𮣍	U+2E8CD	F
𮣎	U+2E8CE	F
𮣏	U+2E8CF	F
𮣐	U+2E8D0	F
𮣑	U+2E8D1	F
𮣒	U+2E8D2	F
𮣓	U+2E8D3	F
𮣔	U+2E8D4	F
𮣕	U+2E8D5	F
𮣖	U+2E8D6	F
𮣗	U+2E8D7	F
𮣘	U+2E8D8	F
𮣙	U+2E8D9	F
𮣚	U+2E8DA	F
𮣛	U+2E8DB	F
𮣜	U+2E8DC	F
𮣝	U+2E8DD	F
𮣞	U+2E8DE	F
𮣟	U+2E8DF	F
𮣠	U+2E8E0	F
𮣡	U+2E8E1	F
𮣢	U+2E8E2	F
𮣣	U+2E8E3	F
𮣤	U+2E8E4	F
𮣥	U+2E8E5	F
𮣦	U+2E8E6	F
𮣧	U+2E8E7	F
𮣨	U+2E8E8	F
𮣩	U+2E8E9	F
𮣪	U+2E8EA	F
𮣫	U+2E8EB	F
𮣬	U+2E8EC	F
𮣭	U+2E8ED	F
𮣮	U+2E8EE	F
𮣯	U+2E8EF	F
𮣰	U+2E8F0	F
𮣱	U+2E8F1	F
𮣷	U+2E8F7	F
𮣸	U+2E8F8	F
𮣹	U+2E8F9	F
𮣺	U+2E8FA	F
𮣻	U+2E8FB	F
𮣼	U+2E8FC	F
𮣽	U+2E8FD	F
𮣾	U+2E8FE	F
𮣿	U+2E8FF	F
𮤀	U+2E900	F
𮤁	U+2E901	F
𮤂	U+2E902	F
𮤃	U+2E903	F
𮤄	U+2E904	F
𮤅	U+2E905	F
𮤆	U+2E906	F
𮤇	U+2E907	F
𮤈	U+2E908	F
𮤉	U+2E909	F
𮤊	U+2E90A	F
𮤋	U+2E90B	F
𮤌	U+2E90C	F
𮤍	U+2E90D	F
𮤎	U+2E90E	F
𮤏	U+2E90F	F
𮤐	U+2E910	F
𮤑	U+2E911	F
𮤒	U+2E912	F
𮤓	U+2E913	F
𮤔	U+2E914	F
𮤕	U+2E915	F
𮤖	U+2E916	F
𮤗	U+2E917	F
𮤘	U+2E918	F
𮤙	U+2E919	F
𮤚	U+2E91A	F
𮤛	U+2E91B	F
𮤜	U+2E91C	F
𮤝	U+2E91D	F
𮤞	U+2E91E	F
𮤟	U+2E91F	F
𮤠	U+2E920	F
𮤡	U+2E921	F
𮤢	U+2E922	F
𮤣	U+2E923	F
𮤤	U+2E924	F
𮤥	U+2E925	F
𮤦	U+2E926	F
𮤧	U+2E927	F
𮤨	U+2E928	F
𮤩	U+2E929	F
𮤪	U+2E92A	F
𮤭	U+2E92D	F
𮤮	U+2E92E	F
𮤰	U+2E930	F
𮤱	U+2E931	F
𮤳	U+2E933	F
𮤴	U+2E934	F
𮤵	U+2E935	F
𮤶	U+2E936	F
𮤷	U+2E937	F
𮤹	U+2E939	F
𮤺	U+2E93A	F
𮤻	U+2E93B	F
𮤼	U+2E93C	F
𮤽	U+2E93D	F
𮤾	U+2E93E	F
𮤿	U+2E93F	F
𮥀	U+2E940	F
𮥁	U+2E941	F
𮥂	U+2E942	F
𮥃	U+2E943	F
𮥄	U+2E944	F
𮥅	U+2E945	F
𮥆	U+2E946	F
𮥇	U+2E947	F
𮥈	U+2E948	F
𮥉	U+2E949	F
𮥊	U+2E94A	F
𮥋	U+2E94B	F
𮥌	U+2E94C	F
𮥍	U+2E94D	F
𮥎	U+2E94E	F
𮥏	U+2E94F	F
𮥐	U+2E950	F
𮥑	U+2E951	F
𮥒	U+2E952	F
𮥓	U+2E953	F
𮥔	U+2E954	F
𮥕	U+2E955	F
𮥖	U+2E956	F
𮥗	U+2E957	F
𮥘	U+2E958	F
𮥙	U+2E959	F
𮥚	U+2E95A	F
𮥛	U+2E95B	F
𮥜	U+2E95C	F
𮥝	U+2E95D	F
𮥞	U+2E95E	F
𮥟	U+2E95F	F
𮥠	U+2E960	F
𮥡	U+2E961	F
𮥢	U+2E962	F
𮥣	U+2E963	F
𮥤	U+2E964	F
𮥥	U+2E965	F
𮥦	U+2E966	F
𮥧	U+2E967	F
𮥨	U+2E968	F
𮥩	U+2E969	F
𮥪	U+2E96A	F
𮥫	U+2E96B	F
𮥬	U+2E96C	F
𮥭	U+2E96D	F
𮥮	U+2E96E	F
𮥯	U+2E96F	F
𮥰	U+2E970	F
𮥱	U+2E971	F
𮥲	U+2E972	F
𮥳	U+2E973	F
𮥴	U+2E974	F
𮥵	U+2E975	F
𮥶	U+2E976	F
𮥷	U+2E977	F
𮥸	U+2E978	F
𮥹	U+2E979	F
𮥺	U+2E97A	F
𮥻	U+2E97B	F
𮥼	U+2E97C	F
𮥽	U+2E97D	F
𮥾	U+2E97E	F
𮥿	U+2E97F	F
𮦀	U+2E980	F
𮦁	U+2E981	F
𮦂	U+2E982	F
𮦃	U+2E983	F
𮦄	U+2E984	F
𮦅	U+2E985	F
𮦆	U+2E986	F
𮦇	U+2E987	F
𮦈	U+2E988	F
𮦉	U+2E989	F
𮦊	U+2E98A	F
𮦋	U+2E98B	F
𮦌	U+2E98C	F
𮦍	U+2E98D	F
𮦎	U+2E98E	F
𮦏	U+2E98F	F
𮦐	U+2E990	F
𮦑	U+2E991	F
𮦒	U+2E992	F
𮦓	U+2E993	F
𮦔	U+2E994	F
𮦕	U+2E995	F
𮦖	U+2E996	F
𮦗	U+2E997	F
𮦘	U+2E998	F
𮦙	U+2E999	F
𮦚	U+2E99A	F
𮦛	U+2E99B	F
𮦜	U+2E99C	F
𮦝	U+2E99D	F
𮦞	U+2E99E	F
𮦟	U+2E99F	F
𮦠	U+2E9A0	F
𮦡	U+2E9A1	F
𮦢	U+2E9A2	F
𮦣	U+2E9A3	F
𮦤	U+2E9A4	F
𮦥	U+2E9A5	F
𮦦	U+2E9A6	F
𮦧	U+2E9A7	F
𮦨	U+2E9A8	F
𮦩	U+2E9A9	F
𮦪	U+2E9AA	F
𮦫	U+2E9AB	F
𮦬	U+2E9AC	F
𮦭	U+2E9AD	F
𮦮	U+2E9AE	F
𮦯	U+2E9AF	F
𮦰	U+2E9B0	F
𮦱	U+2E9B1	F
𮦲	U+2E9B2	F
𮦳	U+2E9B3	F
𮦴	U+2E9B4	F
𮦵	U+2E9B5	F
𮦶	U+2E9B6	F
𮦷	U+2E9B7	F
𮦸	U+2E9B8	F
𮦹	U+2E9B9	F
𮦺	U+2E9BA	F
𮦻	U+2E9BB	F
𮦼	U+2E9BC	F
𮦽	U+2E9BD	F
𮦾	U+2E9BE	F
𮦿	U+2E9BF	F
𮧀	U+2E9C0	F
𮧁	U+2E9C1	F
𮧂	U+2E9C2	F
𮧃	U+2E9C3	F
𮧄	U+2E9C4	F
𮧅	U+2E9C5	F
𮧆	U+2E9C6	F
𮧇	U+2E9C7	F
𮧈	U+2E9C8	F
𮧉	U+2E9C9	F
𮧊	U+2E9CA	F
𮧋	U+2E9CB	F
𮧌	U+2E9CC	F
𮧍	U+2E9CD	F
𮧎	U+2E9CE	F
𮧏	U+2E9CF	F
𮧐	U+2E9D0	F
𮧑	U+2E9D1	F
𮧒	U+2E9D2	F
𮧓	U+2E9D3	F
𮧔	U+2E9D4	F
𮧕	U+2E9D5	F
𮧖	U+2E9D6	F
𮧗	U+2E9D7	F
𮧘	U+2E9D8	F
𮧙	U+2E9D9	F
𮧚	U+2E9DA	F
𮧛	U+2E9DB	F
𮧜	U+2E9DC	F
𮧝	U+2E9DD	F
𮧞	U+2E9DE	F
𮧟	U+2E9DF	F
𮧠	U+2E9E0	F
𮧡	U+2E9E1	F
𮧢	U+2E9E2	F
𮧣	U+2E9E3	F
𮧤	U+2E9E4	F
𮧥	U+2E9E5	F
𮧦	U+2E9E6	F
𮧧	U+2E9E7	F
𮧨	U+2E9E8	F
𮧩	U+2E9E9	F
𮧪	U+2E9EA	F
𮧫	U+2E9EB	F
𮧬	U+2E9EC	F
𮧭	U+2E9ED	F
𮧮	U+2E9EE	F
𮧯	U+2E9EF	F
𮧰	U+2E9F0	F
𮧱	U+2E9F1	F
𮧲	U+2E9F2	F
𮧳	U+2E9F3	F
𮧶	U+2E9F6	F
𮧷	U+2E9F7	F
𮧸	U+2E9F8	F
𮧹	U+2E9F9	F
𮧺	U+2E9FA	F
𮧻	U+2E9FB	F
𮧼	U+2E9FC	F
𮧽	U+2E9FD	F
𮧾	U+2E9FE	F
𮧿	U+2E9FF	F
𮨀	U+2EA00	F
𮨁	U+2EA01	F
𮨂	U+2EA02	F
𮨃	U+2EA03	F
𮨄	U+2EA04	F
𮨅	U+2EA05	F
𮨆	U+2EA06	F
𮨇	U+2EA07	F
𮨈	U+2EA08	F
𮨉	U+2EA09	F
𮨊	U+2EA0A	F
𮨋	U+2EA0B	F
𮨌	U+2EA0C	F
𮨍	U+2EA0D	F
𮨎	U+2EA0E	F
𮨏	U+2EA0F	F
𮨐	U+2EA10	F
𮨑	U+2EA11	F
𮨒	U+2EA12	F
𮨓	U+2EA13	F
𮨔	U+2EA14	F
𮨕	U+2EA15	F
𮨖	U+2EA16	F
𮨗	U+2EA17	F
𮨘	U+2EA18	F
𮨙	U+2EA19	F
𮨚	U+2EA1A	F
𮨛	U+2EA1B	F
𮨜	U+2EA1C	F
𮨝	U+2EA1D	F
𮨞	U+2EA1E	F
𮨟	U+2EA1F	F
𮨠	U+2EA20	F
𮨡	U+2EA21	F
𮨢	U+2EA22	F
𮨣	U+2EA23	F
𮨤	U+2EA24	F
𮨥	U+2EA25	F
𮨦	U+2EA26	F
𮨧	U+2EA27	F
𮨨	U+2EA28	F
𮨩	U+2EA29	F
𮨪	U+2EA2A	F
𮨫	U+2EA2B	F
𮨬	U+2EA2C	F
𮨭	U+2EA2D	F
𮨮	U+2EA2E	F
𮨯	U+2EA2F	F
𮨰	U+2EA30	F
𮨱	U+2EA31	F
𮨲	U+2EA32	F
𮨳	U+2EA33	F
𮨶	U+2EA36	F
𮨷	U+2EA37	F
𮨸	U+2EA38	F
𮨹	U+2EA39	F
𮨺	U+2EA3A	F
𮨻	U+2EA3B	F
𮨼	U+2EA3C	F
𮨽	U+2EA3D	F
𮨾	U+2EA3E	F
𮨿	U+2EA3F	F
𮩀	U+2EA40	F
𮩁	U+2EA41	F
𮩂	U+2EA42	F
𮩃	U+2EA43	F
𮩄	U+2EA44	F
𮩅	U+2EA45	F
𮩆	U+2EA46	F
𮩇	U+2EA47	F
𮩈	U+2EA48	F
𮩉	U+2EA49	F
𮩊	U+2EA4A	F
𮩋	U+2EA4B	F
𮩌	U+2EA4C	F
𮩍	U+2EA4D	F
𮩎	U+2EA4E	F
𮩏	U+2EA4F	F
𮩐	U+2EA50	F
𮩑	U+2EA51	F
𮩒	U+2EA52	F
𮩓	U+2EA53	F
𮩔	U+2EA54	F
𮩕	U+2EA55	F
𮩖	U+2EA56	F
𮩗	U+2EA57	F
𮩘	U+2EA58	F
𮩙	U+2EA59	F
𮩚	U+2EA5A	F
𮩟	U+2EA5F	F
𮩠	U+2EA60	F
𮩡	U+2EA61	F
𮩢	U+2EA62	F
𮩣	U+2EA63	F
𮩤	U+2EA64	F
𮩥	U+2EA65	F
𮩦	U+2EA66	F
𮩧	U+2EA67	F
𮩩	U+2EA69	F
𮩪	U+2EA6A	F
𮩫	U+2EA6B	F
𮩬	U+2EA6C	F
𮩭	U+2EA6D	F
𮩮	U+2EA6E	F
𮩯	U+2EA6F	F
𮩰	U+2EA70	F
𮩱	U+2EA71	F
𮩲	U+2EA72	F
𮩳	U+2EA73	F
𮩴	U+2EA74	F
𮩵	U+2EA75	F
𮩶	U+2EA76	F
𮩷	U+2EA77	F
𮩸	U+2EA78	F
𮩹	U+2EA79	F
𮩺	U+2EA7A	F
𮩻	U+2EA7B	F
𮩼	U+2EA7C	F
𮩽	U+2EA7D	F
𮩾	U+2EA7E	F
𮩿	U+2EA7F	F
𮪀	U+2EA80	F
𮪁	U+2EA81	F
𮪂	U+2EA82	F
𮪃	U+2EA83	F
𮪄	U+2EA84	F
𮪅	U+2EA85	F
𮪆	U+2EA86	F
𮪇	U+2EA87	F
𮪈	U+2EA88	F
𮪉	U+2EA89	F
𮪊	U+2EA8A	F
𮪋	U+2EA8B	F
𮪌	U+2EA8C	F
𮪍	U+2EA8D	F
𮪎	U+2EA8E	F
𮪏	U+2EA8F	F
𮪐	U+2EA90	F
𮪑	U+2EA91	F
𮪒	U+2EA92	F
𮪓	U+2EA93	F
𮪔	U+2EA94	F
𮪕	U+2EA95	F
𮪖	U+2EA96	F
𮪗	U+2EA97	F
𮪘	U+2EA98	F
𮪙	U+2EA99	F
𮪚	U+2EA9A	F
𮪛	U+2EA9B	F
𮪜	U+2EA9C	F
𮪝	U+2EA9D	F
𮪞	U+2EA9E	F
𮪟	U+2EA9F	F
𮪠	U+2EAA0	F
𮪦	U+2EAA6	F
𮪧	U+2EAA7	F
𮪨	U+2EAA8	F
𮪩	U+2EAA9	F
𮪪	U+2EAAA	F
𮪫	U+2EAAB	F
𮪬	U+2EAAC	F
𮪭	U+2EAAD	F
𮪮	U+2EAAE	F
𮪯	U+2EAAF	F
𮪰	U+2EAB0	F
𮪱	U+2EAB1	F
𮪲	U+2EAB2	F
𮪳	U+2EAB3	F
𮪴	U+2EAB4	F
𮪵	U+2EAB5	F
𮪶	U+2EAB6	F
𮪷	U+2EAB7	F
𮪸	U+2EAB8	F
𮪹	U+2EAB9	F
𮪺	U+2EABA	F
𮪻	U+2EABB	F
𮪼	U+2EABC	F
𮪽	U+2EABD	F
𮪾	U+2EABE	F
𮪿	U+2EABF	F
𮫀	U+2EAC0	F
𮫁	U+2EAC1	F
𮫃	U+2EAC3	F
𮫄	U+2EAC4	F
𮫅	U+2EAC5	F
𮫆	U+2EAC6	F
𮫇	U+2EAC7	F
𮫈	U+2EAC8	F
𮫉	U+2EAC9	F
𮫊	U+2EACA	F
𮫋	U+2EACB	F
𮫌	U+2EACC	F
𮫍	U+2EACD	F
𮫎	U+2EACE	F
𮫏	U+2EACF	F
𮫐	U+2EAD0	F
𮫑	U+2EAD1	F
𮫒	U+2EAD2	F
𮫓	U+2EAD3	F
𮫔	U+2EAD4	F
𮫕	U+2EAD5	F
𮫖	U+2EAD6	F
𮫗	U+2EAD7	F
𮫘	U+2EAD8	F
𮫙	U+2EAD9	F
𮫚	U+2EADA	F
𮫛	U+2EADB	F
𮫜	U+2EADC	F
𮫝	U+2EADD	F
𮫞	U+2EADE	F
𮫟	U+2EADF	F
𮫠	U+2EAE0	F
𮫡	U+2EAE1	F
𮫢	U+2EAE2	F
𮫣	U+2EAE3	F
𮫤	U+2EAE4	F
𮫥	U+2EAE5	F
𮫦	U+2EAE6	F
𮫧	U+2EAE7	F
𮫨	U+2EAE8	F
𮫩	U+2EAE9	F
𮫪	U+2EAEA	F
𮫫	U+2EAEB	F
𮫬	U+2EAEC	F
𮫭	U+2EAED	F
𮫮	U+2EAEE	F
𮫯	U+2EAEF	F
𮫰	U+2EAF0	F
𮫱	U+2EAF1	F
𮫲	U+2EAF2	F
𮫳	U+2EAF3	F
𮫴	U+2EAF4	F
𮫵	U+2EAF5	F
𮫶	U+2EAF6	F
𮫷	U+2EAF7	F
𮫸	U+2EAF8	F
𮫹	U+2EAF9	F
𮫺	U+2EAFA	F
𮫻	U+2EAFB	F
𮫼	U+2EAFC	F
𮫽	U+2EAFD	F
𮫾	U+2EAFE	F
𮫿	U+2EAFF	F
𮬀	U+2EB00	F
𮬁	U+2EB01	F
𮬂	U+2EB02	F
𮬃	U+2EB03	F
𮬄	U+2EB04	F
𮬅	U+2EB05	F
𮬆	U+2EB06	F
𮬇	U+2EB07	F
𮬈	U+2EB08	F
𮬉	U+2EB09	F
𮬊	U+2EB0A	F
𮬋	U+2EB0B	F
𮬌	U+2EB0C	F
𮬍	U+2EB0D	F
𮬎	U+2EB0E	F
𮬏	U+2EB0F	F
𮬐	U+2EB10	F
𮬑	U+2EB11	F
𮬒	U+2EB12	F
𮬓	U+2EB13	F
𮬔	U+2EB14	F
𮬕	U+2EB15	F
𮬖	U+2EB16	F
𮬗	U+2EB17	F
𮬘	U+2EB18	F
𮬙	U+2EB19	F
𮬚	U+2EB1A	F
𮬥	U+2EB25	F
𮬦	U+2EB26	F
𮬧	U+2EB27	F
𮬨	U+2EB28	F
𮬩	U+2EB29	F
𮬪	U+2EB2A	F
𮬫	U+2EB2B	F
𮬬	U+2EB2C	F
𮬭	U+2EB2D	F
𮬮	U+2EB2E	F
𮬯	U+2EB2F	F
𮬰	U+2EB30	F
𮬱	U+2EB31	F
𮬲	U+2EB32	F
𮬳	U+2EB33	F
𮬴	U+2EB34	F
𮬵	U+2EB35	F
𮬶	U+2EB36	F
𮬷	U+2EB37	F
𮬸	U+2EB38	F
𮬹	U+2EB39	F
𮬺	U+2EB3A	F
𮬻	U+2EB3B	F
𮬼	U+2EB3C	F
𮬽	U+2EB3D	F
𮬾	U+2EB3E	F
𮬿	U+2EB3F	F
𮭀	U+2EB40	F
𮭁	U+2EB41	F
𮭂	U+2EB42	F
𮭃	U+2EB43	F
𮭄	U+2EB44	F
𮭅	U+2EB45	F
𮭆	U+2EB46	F
𮭇	U+2EB47	F
𮭈	U+2EB48	F
𮭉	U+2EB49	F
𮭊	U+2EB4A	F
𮭋	U+2EB4B	F
𮭌	U+2EB4C	F
𮭍	U+2EB4D	F
𮭎	U+2EB4E	F
𮭏	U+2EB4F	F
𮭐	U+2EB50	F
𮭑	U+2EB51	F
𮭒	U+2EB52	F
𮭓	U+2EB53	F
𮭔	U+2EB54	F
𮭕	U+2EB55	F
𮭖	U+2EB56	F
𮭗	U+2EB57	F
𮭘	U+2EB58	F
𮭙	U+2EB59	F
𮭚	U+2EB5A	F
𮭛	U+2EB5B	F
𮭜	U+2EB5C	F
𮭝	U+2EB5D	F
𮭞	U+2EB5E	F
𮭟	U+2EB5F	F
𮭠	U+2EB60	F
𮭣	U+2EB63	F
𮭧	U+2EB67	F
𮭩	U+2EB69	F
𮭫	U+2EB6B	F
𮭬	U+2EB6C	F
𮭭	U+2EB6D	F
𮭮	U+2EB6E	F
𮭯	U+2EB6F	F
𮭱	U+2EB71	F
𮭲	U+2EB72	F
𮭳	U+2EB73	F
𮭴	U+2EB74	F
𮭵	U+2EB75	F
𮭶	U+2EB76	F
𮭷	U+2EB77	F
𮭸	U+2EB78	F
𮭹	U+2EB79	F
𮭺	U+2EB7A	F
𮭻	U+2EB7B	F
𮭼	U+2EB7C	F
𮭽	U+2EB7D	F
𮭾	U+2EB7E	F
𮭿	U+2EB7F	F
𮮀	U+2EB80	F
𮮁	U+2EB81	F
𮮂	U+2EB82	F
𮮃	U+2EB83	F
𮮄	U+2EB84	F
𮮅	U+2EB85	F
𮮆	U+2EB86	F
𮮈	U+2EB88	F
𮮉	U+2EB89	F
𮮊	U+2EB8A	F
𮮋	U+2EB8B	F
𮮌	U+2EB8C	F
𮮍	U+2EB8D	F
𮮎	U+2EB8E	F
𮮏	U+2EB8F	F
𮮐	U+2EB90	F
𮮑	U+2EB91	F
𮮒	U+2EB92	F
𮮓	U+2EB93	F
𮮔	U+2EB94	F
𮮕	U+2EB95	F
𮮖	U+2EB96	F
𮮗	U+2EB97	F
𮮘	U+2EB98	F
𮮙	U+2EB99	F
𮮚	U+2EB9A	F
𮮛	U+2EB9B	F
𮮜	U+2EB9C	F
𮮝	U+2EB9D	F
𮮞	U+2EB9E	F
𮮟	U+2EB9F	F
𮮠	U+2EBA0	F
𮮡	U+2EBA1	F
𮮢	U+2EBA2	F
𮮣	U+2EBA3	F
𮮤	U+2EBA4	F
𮮥	U+2EBA5	F
𮮦	U+2EBA6	F
𮮧	U+2EBA7	F
𮮨	U+2EBA8	F
𮮩	U+2EBA9	F
𮮪	U+2EBAA	F
𮮫	U+2EBAB	F
𮮬	U+2EBAC	F
𮮭	U+2EBAD	F
𮮮	U+2EBAE	F
𮮯	U+2EBAF	F
𮮰	U+2EBB0	F
𮮱	U+2EBB1	F
𮮲	U+2EBB2	F
𮮳	U+2EBB3	F
𮮴	U+2EBB4	F
𮮵	U+2EBB5	F
𮮶	U+2EBB6	F
𮮷	U+2EBB7	F
𮮸	U+2EBB8	F
𮮹	U+2EBB9	F
𮮺	U+2EBBA	F
𮮻	U+2EBBB	F
𮮼	U+2EBBC	F
𮮽	U+2EBBD	F
𮮾	U+2EBBE	F
𮮿	U+2EBBF	F
𮯀	U+2EBC0	F
𮯁	U+2EBC1	F
𮯂	U+2EBC2	F
𮯃	U+2EBC3	F
𮯄	U+2EBC4	F
𮯅	U+2EBC5	F
𮯆	U+2EBC6	F
𮯇	U+2EBC7	F
𮯈	U+2EBC8	F
𮯉	U+2EBC9	F
𮯊	U+2EBCA	F
𮯋	U+2EBCB	F
𮯌	U+2EBCC	F
𮯍	U+2EBCD	F
𮯎	U+2EBCE	F
𮯏	U+2EBCF	F
𮯐	U+2EBD0	F
𮯑	U+2EBD1	F
𮯒	U+2EBD2	F
𮯓	U+2EBD3	F
𮯔	U+2EBD4	F
𮯕	U+2EBD5	F
𮯖	U+2EBD6	F
𮯗	U+2EBD7	F
𮯘	U+2EBD8	F
𮯚	U+2EBDA	F
𮯛	U+2EBDB	F
𮯜	U+2EBDC	F
𮯝	U+2EBDD	F
𮯞	U+2EBDE	F
𮯟	U+2EBDF	F
𮯠	U+2EBE0	F
